{
  "ident": "(447a2daa-8279-3bc2-91f9-722344c2cb54|Grayfoox)",
  "home": {
    "dim": 10,
    "pitch": 29.325241,
    "yaw": -155.32794,
    "xd": 3193.51498450492,
    "yd": 101.5,
    "zd": -2055.0949317043196
  },
  "lastTeleportOrigin": {
    "dim": 0,
    "pitch": 21.809088,
    "yaw": 195.68462,
    "xd": 3325.519369713796,
    "yd": 100.0,
    "zd": -2092.798259138075
  },
  "lastTeleportTime": 1546112235351,
  "selDim": 0,
  "inventoryGroups": {},
  "modInventoryGroups": {},
  "activeInventoryGroup": "default",
  "timePlayed": 37810526,
  "firstLogin": "Dec 29, 2018 12:27:26 AM",
  "lastLogin": "Dec 29, 2018 8:30:21 PM",
  "lastLogout": "Dec 29, 2018 8:45:07 PM",
  "namedTimeout": {}
}