{
  "ident": "(786a62d5-d63b-3318-bd04-35b4b8e7b0af|Yardar)",
  "home": {
    "dim": 0,
    "pitch": 15.490441,
    "yaw": -337.24054,
    "xd": 3413.982543643296,
    "yd": 86.0,
    "zd": -2294.325692253448
  },
  "lastTeleportOrigin": {
    "dim": 10,
    "pitch": 9.927529,
    "yaw": -114.91123,
    "xd": 3188.50914039142,
    "yd": 67.0,
    "zd": -2076.902009035756
  },
  "lastTeleportTime": 1546084365285,
  "selDim": 0,
  "inventoryGroups": {},
  "modInventoryGroups": {},
  "activeInventoryGroup": "default",
  "timePlayed": 2500805,
  "firstLogin": "Dec 29, 2018 10:13:59 AM",
  "lastLogin": "Dec 29, 2018 11:38:23 AM",
  "lastLogout": "Dec 29, 2018 11:54:47 AM",
  "namedTimeout": {}
}