{
  "ident": "(aa85ce0b-a386-398d-8229-7d3ea8ab7ed1|Aaron3431)",
  "home": {
    "dim": 10,
    "pitch": 5.1344724,
    "yaw": -246.9731,
    "xd": 3439.699999988079,
    "yd": 54.0,
    "zd": -1943.7584949518682
  },
  "lastTeleportOrigin": {
    "dim": 10,
    "pitch": 24.449747,
    "yaw": -30.967976,
    "xd": 3434.699999988079,
    "yd": 65.0,
    "zd": -1961.699999988079
  },
  "lastDeathLocation": {
    "dim": 10,
    "pitch": 24.449747,
    "yaw": -30.967976,
    "xd": 3434.699999988079,
    "yd": 65.0,
    "zd": -1961.699999988079
  },
  "lastTeleportTime": 1546128888400,
  "selDim": 0,
  "inventoryGroups": {},
  "modInventoryGroups": {},
  "activeInventoryGroup": "default",
  "timePlayed": 2095977,
  "firstLogin": "Dec 29, 2018 11:53:56 PM",
  "lastLogin": "Dec 30, 2018 12:34:58 AM",
  "lastLogout": "Dec 30, 2018 12:35:43 AM",
  "namedTimeout": {}
}