{
  "ident": "(447a2daa-8279-3bc2-91f9-722344c2cb54|Grayfoox)",
  "home": {
    "dim": 10,
    "pitch": 29.325241,
    "yaw": -155.32794,
    "xd": 3193.51498450492,
    "yd": 101.5,
    "zd": -2055.0949317043196
  },
  "lastTeleportOrigin": {
    "dim": 10,
    "pitch": 21.289478,
    "yaw": 110.865875,
    "xd": 3243.87871233354,
    "yd": 71.0,
    "zd": -2088.849083569385
  },
  "lastTeleportTime": 1546131095899,
  "selDim": 0,
  "inventoryGroups": {},
  "modInventoryGroups": {},
  "activeInventoryGroup": "default",
  "timePlayed": 52512224,
  "firstLogin": "Dec 29, 2018 12:27:26 AM",
  "lastLogin": "Dec 30, 2018 12:11:13 AM",
  "lastLogout": "Dec 30, 2018 12:52:26 AM",
  "namedTimeout": {}
}