{
  "ident": "(6220dacd-98ba-3371-873c-baac80c0b989|PheleanorPhil)",
  "home": {
    "dim": 10,
    "pitch": 6.7500176,
    "yaw": 64.43121,
    "xd": 3021.3302074554986,
    "yd": 76.0,
    "zd": -1923.919529801809
  },
  "lastTeleportOrigin": {
    "dim": 10,
    "pitch": -8.399965,
    "yaw": 266.33167,
    "xd": 3030.9082362693316,
    "yd": 63.0,
    "zd": -1924.7183667605477
  },
  "lastTeleportTime": 1546125689454,
  "selDim": 0,
  "inventoryGroups": {},
  "modInventoryGroups": {},
  "activeInventoryGroup": "default",
  "timePlayed": 14845094,
  "firstLogin": "Dec 29, 2018 11:18:38 AM",
  "lastLogin": "Dec 29, 2018 11:26:05 PM",
  "lastLogout": "Dec 29, 2018 11:26:39 PM",
  "namedTimeout": {}
}