{
  "ident": "(c55af767-e22a-3513-b818-3eaec310076d|EpickyMinecrafak)",
  "home": {
    "dim": 10,
    "pitch": 17.699776,
    "yaw": 170.8993,
    "xd": 3338.194106702807,
    "yd": 72.0,
    "zd": -2105.7622051974254
  },
  "lastTeleportOrigin": {
    "dim": -1,
    "pitch": 16.65003,
    "yaw": 92.11826,
    "xd": 466.6305636404376,
    "yd": 58.0,
    "zd": -252.96225978422984
  },
  "lastTeleportTime": 1546115624859,
  "selDim": 0,
  "inventoryGroups": {},
  "modInventoryGroups": {},
  "activeInventoryGroup": "default",
  "timePlayed": 6793510,
  "firstLogin": "Dec 29, 2018 6:39:45 PM",
  "lastLogin": "Dec 29, 2018 8:30:21 PM",
  "lastLogout": "Dec 29, 2018 8:40:33 PM",
  "namedTimeout": {}
}