{
  "worldZones": {
    "0": {
      "dimensionID": 0,
      "areaZones": [],
      "id": 2,
      "playerPermissions": {},
      "groupPermissions": {}
    },
    "-1": {
      "dimensionID": -1,
      "areaZones": [],
      "id": 4,
      "playerPermissions": {},
      "groupPermissions": {}
    },
    "1": {
      "dimensionID": 1,
      "areaZones": [],
      "id": 3,
      "playerPermissions": {},
      "groupPermissions": {}
    },
    "7": {
      "dimensionID": 7,
      "areaZones": [],
      "id": 5,
      "playerPermissions": {},
      "groupPermissions": {}
    },
    "10": {
      "dimensionID": 10,
      "areaZones": [],
      "id": 1,
      "playerPermissions": {},
      "groupPermissions": {
        "_ALL_": {
          "fe.internal.multiworld": "modWorld"
        }
      }
    }
  },
  "playerGroups": {
    "(0caa1425-e0ec-3150-9027-9b06a72d572e|azathoth)": [],
    "(c28ccb0e-b019-3d7f-8773-8a5d1a54f65f|Doggy)": [
      "members"
    ],
    "(786a62d5-d63b-3318-bd04-35b4b8e7b0af|Yardar)": [
      "members"
    ],
    "(53e2aac2-be0a-327c-90b4-0f85886d2a47|Sethrak)": [
      "members"
    ]
  },
  "id": 1,
  "playerPermissions": {
    "(fefefefe-fefe-fefe-fefe-fefefefefefe|$SERVER)": {
      "*": "true",
      "fe.internal.player.known": "true"
    },
    "(fefefefe-fefe-fefe-fefe-fefefefefecc|$RCON)": {
      "*": "true",
      "fe.internal.player.known": "true"
    },
    "(fefefefe-fefe-fefe-fefe-fefefefefecb|$COMMANDBLOCK)": {
      "*": "true",
      "fe.internal.player.known": "true"
    },
    "(447a2daa-8279-3bc2-91f9-722344c2cb54|Grayfoox)": {
      "fe.internal.player.known": "true"
    },
    "(fefefefe-fefe-fefe-fefe-fefefefefeec|$FE_ECONOMY)": {
      "fe.economy.command.wallet.*": "true",
      "command.give": "true",
      "fe.internal.player.known": "true"
    },
    "(ce7f0c4b-1fcb-3a58-ac1f-85d254e338d6|$NPC_RCON)": {
      "fe.internal.player.known": "true"
    },
    "(2001c9aa-bbf8-306c-9b60-485e8cc6e215|$NPC)": {
      "fe.internal.player.known": "true"
    },
    "(0caa1425-e0ec-3150-9027-9b06a72d572e|azathoth)": {
      "fe.internal.player.groups": ""
    },
    "(c28ccb0e-b019-3d7f-8773-8a5d1a54f65f|Doggy)": {
      "fe.internal.player.groups": "members",
      "fe.internal.player.known": "true"
    },
    "(e76fdb64-ec16-34b1-a93b-680c213f0fc1|KrysiAutismus)": {
      "fe.internal.player.known": "true"
    },
    "(786a62d5-d63b-3318-bd04-35b4b8e7b0af|Yardar)": {
      "fe.internal.player.groups": "members"
    },
    "(53e2aac2-be0a-327c-90b4-0f85886d2a47|Sethrak)": {
      "fe.internal.player.groups": "members"
    },
    "(6220dacd-98ba-3371-873c-baac80c0b989|PheleanorPhil)": {
      "fe.internal.player.known": "true"
    },
    "(5e08b14e-fba4-3956-92f0-eb95c5286908|SmilerCZE)": {
      "fe.internal.player.known": "true"
    }
  },
  "groupPermissions": {
    "_PLAYERS_": {
      "fe.remote.chat.send": "true",
      "fe.internal.group.priority": "1",
      "fe.internal.group": "true"
    },
    "_NPC_": {
      "fe.internal.group.name": "NPCs",
      "fe.internal.group.priority": "1",
      "fe.internal.group": "true"
    },
    "_FAKEPLAYERS_": {
      "fe.internal.group.priority": "15",
      "fe.internal.group": "true",
      "fe.protection.*": "true"
    },
    "_OPS_": {
      "fe.internal.prefix": "[\u0026cOP\u0026f]",
      "fe.internal.group.priority": "50",
      "fe.internal.group": "true"
    },
    "_ALL_": {
      "fe.remote.chat.send": "false",
      "some.test.permission": "true",
      "fe.internal.group.name": "players",
      "fe.internal.group.priority": "0",
      "fe.internal.group": "true",
      "fe.internal.spawn.location": "[3247.2669755626653,97.0,-2051.433057728097,dim\u003d0,pitch\u003d9.483898,yaw\u003d-192.36902]"
    },
    "_CREATIVE_": {
      "fe.internal.group": "true"
    },
    "_ADVENTURE_": {
      "fe.internal.group": "true"
    },
    "faction_rank_owner": {
      "fe.faction.members.*": "true",
      "fe.faction.leave": "false",
      "fe.faction.ally": "true",
      "fe.faction.friendlyfire": "true",
      "fe.faction.invite": "true",
      "fe.internal.group.priority": "18",
      "fe.internal.group.parents": "faction_rank_op",
      "fe.faction.delete": "true"
    },
    "faction_rank_op": {
      "fe.faction.members.*": "true",
      "fe.faction.ally": "true",
      "fe.faction.friendlyfire": "true",
      "fe.faction.invite": "true",
      "fe.internal.group.priority": "16"
    },
    "_GUESTS_": {
      "fe.protection.trample.biomesoplenty.hellbark_door_block.*": "true",
      "fe.protection.trample.minecraft.lapis_block.*": "true",
      "fe.protection.trample.minecraft.red_shulker_box.*": "true",
      "fe.protection.trample.biomesoplenty.bramble_plant.*": "true",
      "fe.protection.trample.chisel.glassdyedlightgray.*": "true",
      "fe.multiworld.list": "true",
      "fe.protection.trample.bibliocraft.lampgold.*": "true",
      "fe.protection.trample.thaumcraft.slab_double_ancient.*": "true",
      "fe.protection.trample.bibliocraft.cookiejar.*": "true",
      "fe.protection.trample.minecraft.quartz_ore.*": "true",
      "fe.protection.trample.chisel.concrete_cyan2.*": "true",
      "fe.protection.trample.minecraft.sand.*": "true",
      "fe.protection.trample.thaumcraft.nitor_black.*": "true",
      "fe.protection.trample.chisel.concrete_orange.*": "true",
      "fe.protection.trample.minecraft.stained_glass_pane.*": "true",
      "fe.protection.trample.twilightforest.castle_stairs_cracked.*": "true",
      "fe.protection.trample.thaumcraft.slab_greatwood.*": "true",
      "fe.protection.trample.minecraft.nether_brick_stairs.*": "true",
      "fe.protection.trample.biomesoplenty.pine_fence_gate.*": "true",
      "fe.protection.trample.minecraft.white_glazed_terracotta.*": "true",
      "*": "false",
      "fe.signs.colorize": "true",
      "fe.protection.trample.minecraft.reeds.*": "true",
      "fe.protection.trample.twilightforest.huge_mushgloom.*": "true",
      "fe.protection.trample.thaumcraft.stairs_greatwood.*": "true",
      "fe.protection.trample.chisel.wool_lightgray.*": "true",
      "fe.commands.kit": "true",
      "fe.protection.trample.twilightforest.underbrick.*": "true",
      "fe.protection.trample.thaumcraft.pattern_crafter.*": "true",
      "fe.economy.bounty.thaumcraft:pech": "0",
      "fe.protection.trample.chisel.stonebrick1.*": "true",
      "fe.protection.trample.biomesoplenty.ebony_fence.*": "true",
      "fe.protection.trample.chisel.concrete_pink2.*": "true",
      "fe.economy.bounty.minecraft:snowman": "0",
      "fe.protection.trample.minecraft.cake.*": "true",
      "fe.protection.trample.chisel.concrete_green2.*": "true",
      "fe.protection.trample.tconstruct.brownstone_stairs_brick_fancy.*": "true",
      "fe.protection.trample.minecraft.cobblestone_wall.*": "true",
      "fe.teleport.crossdim.to": "true",
      "fe.protection.trample.minecraft.cyan_glazed_terracotta.*": "true",
      "fe.economy.bounty.twilightforest:kobold": "0",
      "fe.economy.bounty.twilightforest:tower_broodling": "0",
      "fe.protection.trample.thaumcraft.slab_arcane_stone.*": "true",
      "fe.protection.trample.thaumcraft.nitor_pink.*": "true",
      "fe.protection.trample.bibliocraft.mapframe.*": "true",
      "fe.protection.trample.chisel.block_charcoal.*": "true",
      "fe.protection.trample.minecraft.purpur_slab.*": "true",
      "fe.protection.trample.thaumcraft.candle_magenta.*": "true",
      "fe.protection.trample.biomesoplenty.sand.*": "true",
      "fe.economy.bounty.thaumcraft:taintcrawler": "0",
      "fe.protection.trample.chisel.waterstone2.*": "true",
      "fe.protection.trample.bibliocraft.typewriter.*": "true",
      "fe.protection.trample.tconstruct.brownstone.*": "true",
      "fe.protection.trample.mekanismgenerators.reactor.*": "true",
      "fe.perm.debug": "true",
      "fe.protection.trample.chisel.concrete_white1.*": "true",
      "fe.protection.trample.bibliocraft.paintingframeflat.*": "true",
      "fe.protection.trample.chisel.basalt2.*": "true",
      "fe.protection.trample.minecraft.green_shulker_box.*": "true",
      "fe.protection.trample.bibliocraft.typesettingtable.*": "true",
      "fe.protection.trample.thaumcraft.shimmerleaf.*": "true",
      "fe.protection.trample.minecraft.double_stone_slab2.*": "true",
      "fe.protection.trample.biomesoplenty.planks_0.*": "true",
      "fe.protection.trample.minecraft.hopper.*": "true",
      "fe.teleport.spawn": "true",
      "fe.protection.trample.twilightforest.wispy_cloud.*": "true",
      "fe.faction.invite": "true",
      "fe.protection.trample.thaumcraft.slab_arcane_brick.*": "true",
      "fe.protection.trample.biomesoplenty.sacred_oak_stairs.*": "true",
      "fe.protection.trample.thaumcraft.nitor_orange.*": "true",
      "fe.protection.trample.minecraft.piston_head.*": "true",
      "fe.protection.trample.thaumcraft.banner_blue.*": "true",
      "fe.protection.trample.minecraft.pink_shulker_box.*": "true",
      "fe.protection.trample.minecraft.orange_glazed_terracotta.*": "true",
      "fe.protection.trample.tconstruct.toolforge.*": "true",
      "fe.protection.trample.biomesoplenty.palm_fence.*": "true",
      "fe.protection.trample.chisel.redstone1.*": "true",
      "command.list": "true",
      "fe.protection.trample.tconstruct.seared_glass.*": "true",
      "fe.protection.trample.thaumcraft.stone_eldritch_tile.*": "true",
      "fe.protection.trample.tconstruct.slime_vine_purple.*": "true",
      "fe.protection.trample.bibliocraft.label.*": "true",
      "fe.protection.trample.minecraft.tnt.*": "true",
      "fe.economy.bounty.twilightforest:lich": "0",
      "fe.economy.bounty.twilightforest:redcap": "0",
      "fe.protection.trample.chisel.glassdyedgray.*": "true",
      "fe.protection.trample.thaumcraft.banner_silver.*": "true",
      "fe.protection.trample.thaumcraft.banner_purple.*": "true",
      "fe.protection.trample.chisel.glassdyedyellow.*": "true",
      "fe.protection.trample.twilightforest.trophy_pedestal.*": "true",
      "fe.economy.bounty.thaumcraft:inhabitedzombie": "0",
      "fe.protection.trample.chisel.emerald.*": "true",
      "fe.protection.trample.chisel.prismarine.*": "true",
      "fe.economy.bounty.minecraft:horse": "0",
      "fe.protection.trample.chisel.bookshelf_birch.*": "true",
      "fe.protection.trample.bibliocraft.paintingframefancy.*": "true",
      "fe.protection.trample.biomesoplenty.eucalyptus_door_block.*": "true",
      "fe.protection.trample.thaumcraft.nitor_gray.*": "true",
      "fe.protection.trample.minecraft.crafting_table.*": "true",
      "fe.protection.trample.chisel.concrete_magenta.*": "true",
      "fe.protection.trample.minecraft.lava.*": "true",
      "fe.reimm.compat.radar.player": "true",
      "fe.economy.bounty.minecraft:sheep": "0",
      "fe.afterlife.deathchest.fence": "true",
      "fe.protection.trample.chisel.glassdyedcyan.*": "true",
      "fe.protection.trample.thaumcraft.log_silverwood.*": "true",
      "fe.protection.trample.biomesoplenty.waterlily.*": "true",
      "fe.protection.trample.chisel.sandstoneyellow.*": "true",
      "fe.protection.trample.thaumcraft.stone_ancient.*": "true",
      "fe.protection.trample.minecraft.acacia_stairs.*": "true",
      "fe.protection.trample.chisel.diorite1.*": "true",
      "fe.protection.trample.biomesoplenty.farmland_0.*": "true",
      "fe.protection.trample.chisel.concrete_lightgray2.*": "true",
      "fe.protection.trample.minecraft.light_blue_shulker_box.*": "true",
      "fe.protection.trample.chisel.marble.*": "true",
      "fe.protection.trample.ironchest.iron_shulker_box_red.*": "true",
      "fe.protection.trample.biomesoplenty.bamboo.*": "true",
      "fe.protection.trample.biomesoplenty.jacaranda_door_block.*": "true",
      "fe.protection.trample.biomesoplenty.sacred_oak_fence.*": "true",
      "fe.economy.bounty.twilightforest:minoshroom": "0",
      "fe.protection.trample.minecraft.command_block.*": "true",
      "fe.protection.trample.minecraft.carrots.*": "true",
      "fe.economy.plot.command.buy": "true",
      "fe.economy.bounty.thaumcraft:thaumslime": "0",
      "fe.protection.trample.twilightforest.nagastone_stairs_weathered.*": "true",
      "fe.protection.trample.thaumcraft.stairs_ancient.*": "true",
      "fe.protection.trample.chisel.auto_chisel.*": "true",
      "fe.protection.trample.chisel.carpet_orange.*": "true",
      "fe.protection.trample.thaumcraft.taint_crust.*": "true",
      "fe.protection.trample.biomesoplenty.eucalyptus_fence_gate.*": "true",
      "fe.protection.trample.minecraft.magma.*": "true",
      "fe.protection.trample.twilightforest.fiery_essence.*": "true",
      "fe.protection.trample.chisel.cobblestone2.*": "true",
      "fe.chat.usecolor": "true",
      "fe.protection.trample.thaumcraft.banner_red.*": "true",
      "fe.protection.trample.tconstruct.slime_dirt.*": "true",
      "fe.internal.prefix": "\u0026r[\u00261GUEST\u0026r]",
      "fe.protection.trample.thaumcraft.lamp_growth.*": "true",
      "fe.protection.trample.minecraft.stone_brick_stairs.*": "true",
      "fe.protection.trample.minecraft.structure_block.*": "true",
      "fe.protection.trample.chisel.concrete_red.*": "true",
      "fe.protection.trample.biomesoplenty.willow_stairs.*": "true",
      "fe.protection.trample.thaumcraft.thaumatorium_top.*": "true",
      "fe.protection.trample.bibliocraft.dinnerplate.*": "true",
      "fe.protection.trample.biomesoplenty.willow_door_block.*": "true",
      "fe.protection.trample.minecraft.flowing_lava.*": "true",
      "fe.protection.trample.chisel.factory.*": "true",
      "fe.protection.trample.chisel.limestone.*": "true",
      "fe.protection.trample.tconstruct.molten_electrum.*": "true",
      "fe.protection.trample.minecraft.silver_glazed_terracotta.*": "true",
      "fe.protection.trample.thaumcraft.banner_magenta.*": "true",
      "fe.protection.trample.minecraft.sandstone.*": "true",
      "fe.protection.trample.thaumcraft.loot_crate_rare.*": "true",
      "fe.protection.trample.thaumcraft.loot_urn_rare.*": "true",
      "fe.protection.trample.minecraft.bone_block.*": "true",
      "fe.protection.trample.mekanism.transmitter.*": "true",
      "fe.protection.trample.chisel.hardenedclay.*": "true",
      "fe.economy.xpmultiplier": "0",
      "fe.teleport.personalwarp.max": "10",
      "fe.economy.bounty.twilightforest:boggard": "0",
      "fe.protection.trample.chisel.blockplatinum.*": "true",
      "fe.commands.afk.announce": "true",
      "fe.protection.trample.chisel.tyrian.*": "true",
      "fe.protection.trample.tconstruct.glow.*": "true",
      "fe.protection.trample.thaumcraft.stairs_silverwood.*": "true",
      "fe.protection.trample.chisel.wool_lime.*": "true",
      "fe.protection.trample.twilightforest.deadrock.*": "true",
      "fe.protection.trample.tconstruct.molten_knightslime.*": "true",
      "fe.protection.trample.chisel.concrete_black2.*": "true",
      "fe.economy.bounty.thaumcraft:firebat": "0",
      "fe.protection.trample.chisel.netherbrick.*": "true",
      "fe.afterlife.deathchest": "true",
      "fe.protection.trample.thaumcraft.activator_rail.*": "true",
      "fe.protection.trample.thaumcraft.arcane_workbench.*": "true",
      "fe.protection.trample.twilightforest.trollsteinn.*": "true",
      "fe.protection.trample.twilightforest.huge_waterlily.*": "true",
      "fe.protection.trample.minecraft.nether_wart_block.*": "true",
      "fe.protection.trample.oreberries.essence_oreberry_bush.*": "true",
      "fe.protection.trample.thaumcraft.tube.*": "true",
      "fe.protection.trample.tconstruct.molten_brass.*": "true",
      "fe.protection.trample.minecraft.brewing_stand.*": "true",
      "fe.protection.trample.chisel.concrete_gray2.*": "true",
      "fe.economy.bounty.twilightforest:troll": "0",
      "fe.economy.bounty.thaumcraft:mindspider": "0",
      "mc.help": "true",
      "fe.protection.trample.tconstruct.channel.*": "true",
      "fe.protection.trample.minecraft.chain_command_block.*": "true",
      "fe.protection.trample.minecraft.birch_fence.*": "true",
      "fe.protection.trample.thaumcraft.plank_greatwood.*": "true",
      "fe.economy.bounty.twilightforest:slime_beetle": "0",
      "fe.protection.trample.minecraft.hardened_clay.*": "true",
      "fe.protection.trample.minecraft.sandstone_stairs.*": "true",
      "fe.protection.trample.twilightforest.boss_spawner.*": "true",
      "fe.protection.trample.chisel.marblepillar.*": "true",
      "fe.protection.trample.twilightforest.nagastone_pillar_mossy.*": "true",
      "fe.protection.trample.chisel.blocklead.*": "true",
      "fe.protection.trample.thaumcraft.nitor_magenta.*": "true",
      "fe.protection.trample.chisel.blockgold.*": "true",
      "fe.teleport.tpahere.sendrequest": "true",
      "fe.protection.trample.biomesoplenty.willow_fence.*": "true",
      "fe.economy.bounty.twilightforest:snow_guardian": "0",
      "fe.protection.trample.chisel.concrete_lightblue1.*": "true",
      "fe.protection.trample.twilightforest.etched_nagastone_mossy.*": "true",
      "command.forge": "true",
      "fe.protection.trample.minecraft.iron_trapdoor.*": "true",
      "fe.protection.trample.thaumcraft.banner_brown.*": "true",
      "fe.protection.trample.minecraft.purpur_block.*": "true",
      "fe.protection.trample.bibliocraft.clock.*": "true",
      "fe.protection.trample.biomesoplenty.hot_spring_water.*": "true",
      "fe.economy.bounty.minecraft:zombie": "0",
      "fe.protection.trample.thaumcraft.crystal_terra.*": "true",
      "fe.protection.trample.chisel.wool_brown.*": "true",
      "fe.protection.trample.biomesoplenty.wood_slab_0.*": "true",
      "fe.protection.trample.biomesoplenty.pine_stairs.*": "true",
      "fe.commands.seen": "true",
      "fe.protection.trample.chisel.concrete_green.*": "true",
      "fe.protection.trample.twilightforest.uncrafting_table.*": "true",
      "fe.protection.trample.minecraft.silver_shulker_box.*": "true",
      "fe.protection.trample.thaumcraft.candle_green.*": "true",
      "fe.protection.trample.tconstruct.smeltery_controller.*": "true",
      "fe.protection.trample.minecraft.iron_bars.*": "true",
      "fe.protection.trample.biomesoplenty.willow_fence_gate.*": "true",
      "fe.protection.trample.minecraft.tripwire_hook.*": "true",
      "fe.protection.trample.minecraft.dark_oak_fence_gate.*": "true",
      "fe.economy.bounty.twilightforest:knight_phantom": "0",
      "fe.economy.bounty.twilightforest:minotaur": "0",
      "fe.protection.trample.thaumcraft.nitor_white.*": "true",
      "fe.protection.interact*": "true",
      "fe.economy.bounty.thaumcraft:cultistleader": "0",
      "fe.protection.trample.twilightforest.naga_stone.*": "true",
      "fe.chat.urls": "true",
      "fe.protection.interact.minecraft.wooden_door.*": "true",
      "fe.protection.trample.tconstruct.brownstone_slab.*": "true",
      "fe.economy.bounty.twilightforest:tower_ghast": "0",
      "fe.protection.trample.tconstruct.molten_stone.*": "true",
      "fe.protection.trample.twilightforest.trollvidr.*": "true",
      "fe.protection.trample.twilightforest.nagastone_stairs.*": "true",
      "fe.protection.trample.bibliocraft.case.*": "true",
      "fe.teleport.top": "true",
      "fe.protection.trample.twilightforest.uberous_soil.*": "true",
      "fe.protection.trample.thaumcraft.cinderpearl.*": "true",
      "fe.protection.trample.biomesoplenty.umbran_fence.*": "true",
      "fe.economy.bounty.minecraft:creeper": "0",
      "fe.protection.trample.tconstruct.soil.*": "true",
      "fe.protection.trample.chisel.stonebrick.*": "true",
      "fe.protection.trample.chisel.planks-oak.*": "true",
      "fe.protection.trample.bibliocraft.lampiron.*": "true",
      "fe.protection.trample.thaumcraft.slab_eldritch.*": "true",
      "fe.protection.trample.chisel.sandstoneyellow1.*": "true",
      "fe.protection.trample.minecraft.melon_block.*": "true",
      "fe.faction.leave": "true",
      "fe.protection.trample.chisel.bricks2.*": "true",
      "fe.protection.trample.thaumcraft.stone_ancient_doorway.*": "true",
      "fe.teleport.tpa": "true",
      "fe.economy.command.trade": "true",
      "fe.protection.trample.chisel.concrete_white.*": "true",
      "fe.protection.gamemode": "-1",
      "fe.protection.trample.minecraft.glass_pane.*": "true",
      "fe.economy.bounty.minecraft:elder_guardian": "0",
      "fe.protection.interact.minecraft.trapdoor.*": "true",
      "fe.protection.trample.thaumcraft.flesh_block.*": "true",
      "fe.protection.trample.biomesoplenty.mangrove_fence.*": "true",
      "fe.protection.trample.minecraft.black_glazed_terracotta.*": "true",
      "fe.protection.trample.thaumcraft.taint_rock.*": "true",
      "fe.protection.trample.thaumcraft.slab_double_greatwood.*": "true",
      "fe.protection.trample.chisel.glass.*": "true",
      "fe.protection.trample.tconstruct.brownstone_slab2.*": "true",
      "fe.protection.trample.twilightforest.nagastone_pillar_weathered.*": "true",
      "fe.protection.trample.minecraft.lapis_ore.*": "true",
      "fe.protection.trample.chisel.technical1.*": "true",
      "fe.commands.help": "true",
      "fe.protection.trample.minecraft.unlit_redstone_torch.*": "true",
      "fe.protection.trample.biomesoplenty.plant_1.*": "true",
      "fe.protection.trample.biomesoplenty.mahogany_door_block.*": "true",
      "fe.protection.trample.twilightforest.castle_stairs_brick.*": "true",
      "fe.protection.trample.chisel.wool_yellow.*": "true",
      "fe.protection.trample.minecraft.dark_oak_fence.*": "true",
      "fe.protection.trample.minecraft.log.*": "true",
      "fe.protection.trample.tconstruct.molten_glass.*": "true",
      "fe.protection.trample.chisel.basalt.*": "true",
      "fe.protection.trample.chisel.marble1.*": "true",
      "fe.protection.trample.tconstruct.brownstone_stairs_brick_square.*": "true",
      "fe.protection.trample.minecraft.oak_stairs.*": "true",
      "fe.protection.trample.chisel.sandstonered.*": "true",
      "fe.protection.trample.biomesoplenty.ethereal_fence_gate.*": "true",
      "fe.protection.trample.minecraft.slime.*": "true",
      "fe.teleport.crossdim.from": "true",
      "fe.commands.push": "true",
      "fe.protection.trample.minecraft.rail.*": "true",
      "fe.economy.bounty.minecraft:pig": "0",
      "fe.protection.trample.tconstruct.molten_alubrass.*": "true",
      "fe.protection.sleep": "true",
      "fe.protection.trample.thaumcraft.nitor_cyan.*": "true",
      "fe.protection.trample.minecraft.pumpkin_stem.*": "true",
      "fe.economy.bounty.minecraft:cow": "0",
      "fe.economy.bounty.minecraft:blaze": "0",
      "fe.protection.trample.biomesoplenty.ethereal_stairs.*": "true",
      "fe.protection.trample.minecraft.glass.*": "true",
      "fe.protection.trample.minecraft.stone_stairs.*": "true",
      "fe.protection.trample.conarm.armorstation.*": "true",
      "fe.protection.trample.bibliocraft.table.*": "true",
      "fe.protection.trample.tconstruct.seared_furnace_controller.*": "true",
      "command.trigger": "true",
      "fe.economy.bounty.thaumcraft:cultistknight": "0",
      "fe.protection.trample.minecraft.iron_block.*": "true",
      "fe.protection.trample.chisel.bookshelf_spruce.*": "true",
      "fe.protection.trample.minecraft.hay_block.*": "true",
      "fe.protection.trample.biomesoplenty.double_wood_slab_0.*": "true",
      "fe.protection.trample.tconstruct.molten_cobalt.*": "true",
      "fe.protection.trample.thaumcraft.ore_cinnabar.*": "true",
      "fe.protection.trample.biomesoplenty.palm_stairs.*": "true",
      "fe.protection.trample.biomesoplenty.umbran_door_block.*": "true",
      "fe.protection.trample.twilightforest.castle_rune_brick.*": "true",
      "fe.protection.trample.minecraft.glowstone.*": "true",
      "fe.protection.trample.minecraft.stone.*": "true",
      "fe.protection.trample.chisel.limestone1.*": "true",
      "fe.protection.trample.tconstruct.seared_stairs_paver.*": "true",
      "fe.protection.trample.minecraft.spruce_door.*": "true",
      "fe.protection.trample.chisel.blockcobalt.*": "true",
      "fe.protection.trample.bibliocraft.lanterniron.*": "true",
      "fe.protection.trample.tconstruct.molten_copper.*": "true",
      "fe.protection.trample.minecraft.stone_slab2.*": "true",
      "fe.protection.trample.chisel.block_coal_coke1.*": "true",
      "fe.protection.trample.mekanism.reinforcedplasticblock.*": "true",
      "fe.protection.trample.minecraft.tallgrass.*": "true",
      "fe.protection.trample.twilightforest.castle_pillar.*": "true",
      "fe.economy.bounty.thaumcraft:wisp": "0",
      "fe.protection.trample.minecraft.bedrock.*": "true",
      "fe.protection.trample.minecraft.grass_path.*": "true",
      "fe.protection.trample.twilightforest.giant_obsidian.*": "true",
      "fe.protection.trample.minecraft.piston_extension.*": "true",
      "fe.protection.trample.chisel.concrete_orange1.*": "true",
      "fe.protection.trample.thaumcraft.mirror.*": "true",
      "fe.commands.afk.autotime": "480",
      "fe.protection.trample.tconstruct.slime_vine_purple_end.*": "true",
      "worldedit.selection.expand": "true",
      "fe.protection.trample.mekanism.machineblock3.*": "true",
      "fe.economy.bounty.minecraft:rabbit": "0",
      "fe.teleport.home": "true",
      "fe.remote.chat.query": "true",
      "fe.protection.trample.minecraft.dropper.*": "true",
      "fe.teleport.back": "true",
      "fe.protection.trample.chisel.endstone1.*": "true",
      "fe.protection.trample.minecraft.golden_rail.*": "true",
      "fe.economy.bounty.minecraft:guardian": "0",
      "fe.protection.trample.tconstruct.stone_torch.*": "true",
      "fe.protection.trample.thaumcraft.crucible.*": "true",
      "fe.protection.trample.minecraft.beacon.*": "true",
      "fe.economy.bounty.twilightforest:mini_ghast": "0",
      "fe.protection.trample.thaumcraft.void_siphon.*": "true",
      "fe.protection.trample.chisel.concrete_magenta1.*": "true",
      "fe.protection.trample.thaumcraft.banner_yellow.*": "true",
      "fe.protection.trample.mekanism.slickplasticblock.*": "true",
      "fe.protection.trample.biomesoplenty.hive.*": "true",
      "fe.protection.trample.thaumcraft.centrifuge.*": "true",
      "fe.protection.trample.thaumcraft.taint_fibre.*": "true",
      "fe.protection.trample.chisel.sandstonered1.*": "true",
      "fe.protection.trample.ironchest.iron_shulker_box_lime.*": "true",
      "fe.protection.trample.bibliocraft.bookcasecreative.*": "true",
      "fe.protection.trample.tconstruct.brownstone_stairs_brick_cracked.*": "true",
      "fe.remote.command": "true",
      "fe.protection.trample.chisel.wool_magenta.*": "true",
      "fe.protection.trample.chisel.carpet_blue.*": "true",
      "fe.protection.trample.thaumcraft.placeholder_cauldron.*": "true",
      "fe.protection.trample.bibliocraft.lanterngold.*": "true",
      "fe.protection.trample.tconstruct.brownstone_stairs_rough.*": "true",
      "fe.protection.interact.*": "false",
      "fe.protection.trample.tconstruct.molten_gold.*": "true",
      "fe.protection.trample.minecraft.bed.*": "true",
      "fe.protection.trample.mekanism.saltblock.*": "true",
      "fe.protection.trample.chisel.blockaluminum.*": "true",
      "fe.protection.trample.thaumcraft.banner_cyan.*": "true",
      "fe.protection.trample.chisel.concrete_purple1.*": "true",
      "fe.perm.zone.info": "true",
      "fe.protection.trample.biomesoplenty.flower_0.*": "true",
      "fe.protection.trample.ironchest.iron_shulker_box_silver.*": "true",
      "fe.chat.mail": "true",
      "fe.protection.trample.ironchest.iron_shulker_box_purple.*": "true",
      "fe.economy.bounty.twilightforest:penguin": "0",
      "fe.protection.trample.ironchest.iron_shulker_box_green.*": "true",
      "fe.protection.trample.minecraft.brick_stairs.*": "true",
      "fe.protection.trample.oreberries.aluminum_oreberry_bush.*": "true",
      "fe.protection.trample.minecraft.red_nether_brick.*": "true",
      "fe.protection.trample.twilightforest.dark_leaves.*": "true",
      "fe.protection.trample.thaumcraft.table_wood.*": "true",
      "fe.protection.trample.chisel.carpet_black.*": "true",
      "fe.protection.trample.tconstruct.molten_lead.*": "true",
      "fe.protection.trample.tconstruct.seared_slab.*": "true",
      "fe.protection.trample.chisel.prismarine2.*": "true",
      "fe.protection.trample.thaumcraft.sapling_silverwood.*": "true",
      "fe.protection.trample.ironchest.iron_shulker_box_pink.*": "true",
      "fe.protection.trample.chisel.concrete_brown.*": "true",
      "fe.protection.trample.minecraft.daylight_detector.*": "true",
      "fe.protection.trample.twilightforest.maze_stone.*": "true",
      "fe.protection.trample.thaumcraft.infusion_matrix.*": "true",
      "fe.protection.trample.thaumcraft.taint_feature.*": "true",
      "fe.teleport.crossdim.portalto": "true",
      "fe.economy.bounty.twilightforest:winter_wolf": "0",
      "fe.protection.trample.thaumcraft.smelter_void.*": "true",
      "fe.protection.trample.thaumcraft.slab_double_arcane_stone.*": "true",
      "fe.protection.trample.minecraft.lit_redstone_ore.*": "true",
      "fe.protection.trample.chisel.redstone.*": "true",
      "fe.economy.bounty.thaumcraft:taintseedprime": "0",
      "fe.protection.trample.thaumcraft.nitor_purple.*": "true",
      "fe.protection.trample.minecraft.wooden_door.*": "true",
      "fe.protection.trample.thaumcraft.crystal_aqua.*": "true",
      "fe.protection.trample.minecraft.blue_shulker_box.*": "true",
      "fe.economy.bounty.twilightforest:yeti_alpha": "0",
      "fe.protection.trample.minecraft.brown_glazed_terracotta.*": "true",
      "fe.protection.trample.chisel.concrete_brown1.*": "true",
      "fe.protection.trample.biomesoplenty.log_0.*": "true",
      "fe.protection.trample.ironchest.iron_shulker_box_magenta.*": "true",
      "fe.reimm.compat.radar.other": "true",
      "fe.faction": "true",
      "fe.protection.trample.minecraft.nether_brick.*": "true",
      "fe.protection.trample.chisel.bookshelf_oak.*": "true",
      "fe.protection.trample.chisel.planks-jungle.*": "true",
      "fe.protection.trample.thaumcraft.loot_urn_common.*": "true",
      "fe.economy.currency.singular": "coin",
      "fe.protection.trample.biomesoplenty.plant_0.*": "true",
      "fe.protection.trample.twilightforest.unripe_trollber.*": "true",
      "fe.protection.trample.minecraft.end_gateway.*": "true",
      "fe.economy.bounty.twilightforest:snow_queen": "0",
      "fe.protection.trample.chisel.temple.*": "true",
      "fe.protection.trample.tconstruct.seared_stairs_brick_cracked.*": "true",
      "fe.economy.bounty.twilightforest:pinch_beetle": "0",
      "fe.protection.trample.chisel.futura.*": "true",
      "fe.protection.trample.biomesoplenty.cherry_stairs.*": "true",
      "fe.protection.trample.twilightforest.cicada.*": "true",
      "fe.protection.trample.minecraft.soul_sand.*": "true",
      "fe.protection.trample.chisel.purpur2.*": "true",
      "fe.protection.trample.minecraft.redstone_block.*": "true",
      "fe.protection.trample.chisel.quartz.*": "true",
      "fe.protection.trample.twilightforest.aurora_pillar.*": "true",
      "fe.protection.trample.chisel.bricks.*": "true",
      "fe.protection.trample.minecraft.brown_mushroom.*": "true",
      "fe.economy.bounty.twilightforest:redcap_sapper": "0",
      "fe.protection.trample.thaumcraft.loot_crate_uncommon.*": "true",
      "fe.protection.trample.biomesoplenty.leaves_3.*": "true",
      "fe.protection.trample.minecraft.green_glazed_terracotta.*": "true",
      "fe.protection.trample.tconstruct.seared_stairs_brick_small.*": "true",
      "fe.protection.trample.chisel.lapis.*": "true",
      "fe.teleport.tpa.sendrequest": "true",
      "fe.protection.trample.thaumcraft.effect_sap.*": "true",
      "fe.protection.trample.chisel.ice1.*": "true",
      "fe.economy.command.sell": "true",
      "fe.economy.bounty.minecraft:mule": "0",
      "fe.protection.trample.minecraft.spruce_fence.*": "true",
      "fe.protection.trample.twilightforest.giant_leaves.*": "true",
      "fe.protection.trample.chisel.blocknickel.*": "true",
      "fe.protection.trample.minecraft.fence.*": "true",
      "fe.protection.trample.minecraft.coal_ore.*": "true",
      "fe.protection.trample.minecraft.powered_repeater.*": "true",
      "fe.protection.craft.*": "true",
      "fe.teleport.back.ontp": "true",
      "fe.economy.bounty.minecraft:skeleton_horse": "0",
      "fe.protection.trample.thaumcraft.jar_brain.*": "true",
      "fe.protection.trample.twilightforest.giant_log.*": "true",
      "fe.protection.trample.tconstruct.firewood_slab.*": "true",
      "fe.protection.trample.minecraft.dark_oak_stairs.*": "true",
      "fe.perm.list.perms": "true",
      "fe.protection.trample.oreberries.gold_oreberry_bush.*": "true",
      "fe.economy.plot.command": "true",
      "fe.economy.bounty.thaumcraft:brainyzombie": "0",
      "fe.protection.trample.thaumcraft.lamp_arcane.*": "true",
      "fe.protection.trample.minecraft.stone_pressure_plate.*": "true",
      "fe.protection.trample.twilightforest.castle_stairs_mossy.*": "true",
      "fe.protection.trample.minecraft.coal_block.*": "true",
      "fe.economy.bounty.twilightforest:castle_guardian": "0",
      "fe.protection.trample.minecraft.end_rod.*": "true",
      "fe.protection.trample.minecraft.end_bricks.*": "true",
      "fe.protection.trample.minecraft.wool.*": "true",
      "fe.protection.trample.mekanism.glowplasticblock.*": "true",
      "fe.protection.trample.tconstruct.slime_vine_purple_mid.*": "true",
      "fe.protection.trample.thaumcraft.bellows.*": "true",
      "fe.protection.trample.chisel.carpet_brown.*": "true",
      "fe.protection.trample.biomesoplenty.mangrove_fence_gate.*": "true",
      "fe.protection.trample.thaumcraft.pedestal_ancient.*": "true",
      "fe.protection.trample.minecraft.diamond_ore.*": "true",
      "fe.protection.trample.thaumcraft.ore_quartz.*": "true",
      "fe.protection.trample.thaumcraft.placeholder_table.*": "true",
      "fe.protection.trample.minecraft.dragon_egg.*": "true",
      "fe.protection.trample.biomesoplenty.mangrove_stairs.*": "true",
      "fe.economy.bounty.minecraft:ghast": "0",
      "fe.protection.trample.thaumcraft.condenser_lattice.*": "true",
      "fe.protection.trample.thaumcraft.stone_ancient_glyphed.*": "true",
      "fe.protection.trample.thaumcraft.nitor_blue.*": "true",
      "fe.protection.trample.minecraft.stained_hardened_clay.*": "true",
      "fe.protection.trample.tconstruct.slime_leaves.*": "true",
      "worldedit.selection.pos": "true",
      "fe.protection.trample.chisel.concrete_purple.*": "true",
      "fe.protection.trample.chisel.concrete_yellow2.*": "true",
      "fe.protection.trample.minecraft.gold_ore.*": "true",
      "fe.economy.bounty.minecraft:wither_skeleton": "0",
      "fe.protection.trample.chisel.waterstone.*": "true",
      "fe.protection.trample.minecraft.birch_stairs.*": "true",
      "fe.protection.trample.biomesoplenty.ebony_door_block.*": "true",
      "worldedit.selection.size": "true",
      "fe.protection.trample.chisel.energizedvoidstone.*": "true",
      "fe.economy.bounty.thaumcraft:taintacletiny": "0",
      "fe.protection.pressureplate": "true",
      "fe.protection.trample.tconstruct.molten_dirt.*": "true",
      "fe.protection.trample.tconstruct.molten_pigiron.*": "true",
      "fe.protection.trample.thaumcraft.metal_alchemical.*": "true",
      "fe.protection.trample.minecraft.yellow_flower.*": "true",
      "fe.protection.fire.destroy": "true",
      "fe.protection.trample.biomesoplenty.jacaranda_fence_gate.*": "true",
      "fe.protection.trample.tconstruct.faucet.*": "true",
      "fe.protection.trample.biomesoplenty.blue_fire.*": "true",
      "fe.protection.trample.thaumcraft.banner_gray.*": "true",
      "fe.protection.trample.chisel.glassdyedblack.*": "true",
      "fe.protection.trample.chisel.glowstone1.*": "true",
      "fe.protection.trample.thaumcraft.placeholder_anvil.*": "true",
      "fe.protection.trample.thaumcraft.tube_filter.*": "true",
      "fe.protection.trample.biomesoplenty.eucalyptus_fence.*": "true",
      "fe.economy.bounty.minecraft:vindication_illager": "0",
      "fe.protection.explosion": "true",
      "fe.protection.trample.chisel.wool_gray.*": "true",
      "fe.protection.trample.tconstruct.molten_aluminum.*": "true",
      "fe.protection.trample.chisel.carpet_purple.*": "true",
      "worldedit.selection.inset": "true",
      "fe.protection.trample.thaumcraft.hungry_chest.*": "true",
      "fe.protection.trample.thaumcraft.pillar_ancient.*": "true",
      "fe.protection.trample.minecraft.redstone_lamp.*": "true",
      "fe.protection.trample.chisel.carpet_lime.*": "true",
      "fe.protection.trample.chisel.wool_orange.*": "true",
      "fe.protection.trample.tconstruct.slime_grass_tall.*": "true",
      "fe.protection.trample.thaumcraft.jar_void.*": "true",
      "fe.protection.trample.minecraft.spruce_fence_gate.*": "true",
      "fe.protection.trample.chisel.antiblock.*": "true",
      "fe.economy.plot.command.list": "true",
      "fe.protection.trample.ironchest.iron_shulker_box_gray.*": "true",
      "fe.protection.trample.biomesoplenty.leaves_1.*": "true",
      "fe.protection.trample.tconstruct.lavawood_stairs.*": "true",
      "fe.protection.trample.minecraft.ice.*": "true",
      "fe.protection.trample.biomesoplenty.ash_block.*": "true",
      "fe.protection.trample.chisel.carpet_green.*": "true",
      "fe.protection.trample.biomesoplenty.seaweed.*": "true",
      "fe.protection.trample.minecraft.cauldron.*": "true",
      "fe.protection.trample.thaumcraft.slab_ancient.*": "true",
      "fe.protection.trample.thaumcraft.smelter_aux.*": "true",
      "fe.protection.trample.minecraft.fire.*": "true",
      "fe.protection.trample.chisel.valentines.*": "true",
      "fe.protection.trample.thaumcraft.placeholder_brick.*": "true",
      "fe.chat.irc": "true",
      "fe.economy.bounty.twilightforest:squirrel": "0",
      "fe.protection.trample.chisel.concrete_lime1.*": "true",
      "fe.protection.trample.minecraft.leaves.*": "true",
      "fe.protection.trample.thaumcraft.nitor_green.*": "true",
      "fe.protection.trample.biomesoplenty.umbran_stairs.*": "true",
      "fe.protection.cmd.protectdebug": "true",
      "fe.protection.trample.biomesoplenty.magic_fence.*": "true",
      "fe.protection.trample.minecraft.heavy_weighted_pressure_plate.*": "true",
      "fe.protection.trample.biomesoplenty.hellbark_stairs.*": "true",
      "fe.protection.trample.minecraft.enchanting_table.*": "true",
      "fe.protection.trample.minecraft.unpowered_comparator.*": "true",
      "fe.protection.trample.biomesoplenty.cherry_fence.*": "true",
      "fe.protection.trample.tconstruct.seared_stairs_road.*": "true",
      "fe.protection.trample.twilightforest.twilight_sapling.*": "true",
      "fe.protection.trample.chisel.cobblestonemossy1.*": "true",
      "fe.protection.trample.chisel.carpet_white.*": "true",
      "fe.economy.bounty.twilightforest:blockchain_goblin": "0",
      "fe.protection.trample.minecraft.magenta_shulker_box.*": "true",
      "fe.protection.trample.chisel.wool_purple.*": "true",
      "fe.protection.trample.tconstruct.smeltery_io.*": "true",
      "fe.protection.trample.biomesoplenty.sapling_1.*": "true",
      "fe.protection.trample.minecraft.yellow_shulker_box.*": "true",
      "fe.protection.trample.twilightforest.castle_stairs_worn.*": "true",
      "fe.protection.trample.twilightforest.cinder_log.*": "true",
      "fe.protection.place.*": "false",
      "fe.protection.trample.oreberries.copper_oreberry_bush.*": "true",
      "fe.afterlife.deathchest.safetime": "300",
      "fe.protection.trample.bibliocraft.seat.*": "true",
      "fe.protection.trample.biomesoplenty.biome_block.*": "true",
      "command./sel": "true",
      "fe.protection.trample.biomesoplenty.sacred_oak_fence_gate.*": "true",
      "fe.protection.trample.minecraft.purpur_double_slab.*": "true",
      "fe.protection.trample.mekanism.roadplasticblock.*": "true",
      "fe.protection.trample.biomesoplenty.log_4.*": "true",
      "fe.protection.zone.command.interval": "0",
      "fe.protection.trample.twilightforest.twilight_log.*": "true",
      "fe.protection.trample.minecraft.wall_sign.*": "true",
      "fe.protection.trample.tconstruct.molten_tin.*": "true",
      "fe.protection.trample.bibliocraft.swordpedestal.*": "true",
      "fe.protection.trample.biomesoplenty.other_slab.*": "true",
      "fe.economy.bounty.twilightforest:deer": "0",
      "fe.protection.trample.twilightforest.etched_nagastone.*": "true",
      "fe.protection.break.*": "false",
      "fe.protection.trample.minecraft.packed_ice.*": "true",
      "fe.protection.trample.biomesoplenty.hellbark_fence_gate.*": "true",
      "fe.protection.trample.twilightforest.etched_nagastone_weathered.*": "true",
      "fe.protection.trample.minecraft.tripwire.*": "true",
      "command./set": "true",
      "fe.protection.trample.tconstruct.brownstone_stairs_smooth.*": "true",
      "fe.protection.trample.chisel.laboratory.*": "true",
      "fe.protection.trample.tconstruct.slime.*": "true",
      "fe.protection.trample.biomesoplenty.poison.*": "true",
      "fe.faction.join": "true",
      "fe.protection.trample.twilightforest.magic_leaves.*": "true",
      "fe.protection.trample.minecraft.purple_glazed_terracotta.*": "true",
      "fe.protection.trample.thaumcraft.matrix_speed.*": "true",
      "fe.protection.trample.minecraft.lever.*": "true",
      "fe.protection.trample.twilightforest.burnt_thorns.*": "true",
      "fe.protection.trample.minecraft.sticky_piston.*": "true",
      "fe.protection.trample.minecraft.piston.*": "true",
      "fe.protection.trample.twilightforest.aurora_slab.*": "true",
      "fe.protection.trample.thaumcraft.metal_brass.*": "true",
      "fe.protection.trample.biomesoplenty.dirt.*": "true",
      "fe.protection.trample.biomesoplenty.terrarium.*": "true",
      "worldedit.selection.chunk": "true",
      "fe.protection.pvp": "true",
      "fe.protection.trample.minecraft.furnace.*": "true",
      "fe.protection.trample.thaumcraft.placeholder_obsidian.*": "true",
      "fe.protection.trample.chisel.block_coal1.*": "true",
      "fe.protection.trample.minecraft.iron_door.*": "true",
      "fe.protection.trample.minecraft.deadbush.*": "true",
      "fe.economy.plot.data.name": "@p\u0027s plot",
      "fe.economy.bounty.twilightforest:helmet_crab": "0",
      "fe.protection.trample.mekanism.plasticblock.*": "true",
      "fe.protection.trample.mekanism.boundingblock.*": "true",
      "fe.protection.trample.chisel.ironpane.*": "true",
      "fe.protection.trample.chisel.block_charcoal2.*": "true",
      "fe.protection.trample.thaumcraft.ore_amber.*": "true",
      "fe.protection.trample.ironchest.iron_shulker_box_orange.*": "true",
      "fe.protection.trample.chisel.dirt.*": "true",
      "fe.economy.bounty.thaumcraft:cultistportalgreater": "0",
      "fe.protection.trample.tconstruct.seared_slab2.*": "true",
      "fe.protection.zone.potion.interval": "2000",
      "fe.chat.range": "",
      "fe.protection.trample.twilightforest.tower_translucent.*": "true",
      "fe.chat.textformat": "",
      "fe.protection.trample.tconstruct.slime_sapling.*": "true",
      "fe.protection.trample.tconstruct.seared_stairs_stone.*": "true",
      "fe.protection.trample.chisel.granite1.*": "true",
      "fe.economy.bounty.minecraft:polar_bear": "0",
      "fe.protection.trample.twilightforest.nagastone_pillar.*": "true",
      "fe.protection.trample.biomesoplenty.mud.*": "true",
      "fe.protection.trample.thaumcraft.candle_white.*": "true",
      "fe.protection.trample.thaumcraft.dioptra.*": "true",
      "fe.protection.trample.biomesoplenty.magic_stairs.*": "true",
      "fe.protection.trample.thaumcraft.stairs_arcane.*": "true",
      "fe.economy.bounty.minecraft:llama": "0",
      "fe.protection.trample.chisel.planks-acacia.*": "true",
      "fe.protection.trample.bibliocraft.discrack.*": "true",
      "fe.protection.trample.twilightforest.cinder_furnace_lit.*": "true",
      "fe.protection.trample.thaumcraft.candle_lime.*": "true",
      "fe.protection.trample.minecraft.red_mushroom.*": "true",
      "fe.protection.trample.tconstruct.brownstone_stairs_brick_triangle.*": "true",
      "fe.protection.trample.bibliocraft.toolrack.*": "true",
      "fe.protection.trample.thaumcraft.grass_ambient.*": "true",
      "fe.protection.trample.bibliocraft.armorstand.*": "true",
      "fe.economy.bounty.twilightforest:fire_beetle": "0",
      "fe.protection.trample.tconstruct.blood.*": "true",
      "fe.protection.trample.twilightforest.castle_unlock.*": "true",
      "fe.protection.trample.minecraft.cactus.*": "true",
      "fe.protection.trample.thaumcraft.effect_shock.*": "true",
      "fe.protection.trample.chisel.carpet_lightgray.*": "true",
      "fe.protection.trample.minecraft.detector_rail.*": "true",
      "fe.protection.trample.chisel.blockiron.*": "true",
      "fe.protection.trample.tconstruct.stone_ladder.*": "true",
      "fe.protection.trample.chisel.obsidian.*": "true",
      "command.tool": "true",
      "fe.protection.trample.minecraft.clay.*": "true",
      "fe.protection.trample.chisel.concrete_red1.*": "true",
      "fe.protection.trample.biomesoplenty.log_2.*": "true",
      "fe.protection.trample.chisel.voidstone.*": "true",
      "fe.protection.trample.oreberries.iron_oreberry_bush.*": "true",
      "fe.protection.trample.thaumcraft.tube_buffer.*": "true",
      "fe.protection.trample.ironchest.iron_shulker_box_brown.*": "true",
      "fe.protection.trample.twilightforest.aurora_block.*": "true",
      "fe.protection.trample.chisel.hardenedclay2.*": "true",
      "fe.economy.bounty.twilightforest:ice_crystal": "0",
      "fe.economy.bounty.minecraft:vex": "0",
      "fe.protection.trample.thaumcraft.banner_lime.*": "true",
      "fe.protection.trample.thaumcraft.metal_alchemical_advanced.*": "true",
      "fe.protection.trample.minecraft.grass.*": "true",
      "worldedit.selection.hpos": "true",
      "fe.protection.trample.chisel.wool_red.*": "true",
      "fe.protection.trample.minecraft.red_sandstone_stairs.*": "true",
      "fe.protection.trample.minecraft.gravel.*": "true",
      "fe.protection.trample.biomesoplenty.white_sandstone_stairs.*": "true",
      "fe.economy.bounty.thaumcraft:eldritchguardian": "0",
      "fe.protection.trample.chisel.andesite.*": "true",
      "fe.protection.trample.tconstruct.clear_stained_glass.*": "true",
      "fe.protection.trample.twilightforest.castle_stairs.*": "true",
      "fe.protection.trample.chisel.lavastone2.*": "true",
      "fe.protection.trample.chisel.glassdyedpink.*": "true",
      "fe.protection.trample.chisel.andesite1.*": "true",
      "fe.protection.trample.conarm.soft_obsidian.*": "true",
      "fe.protection.trample.thaumcraft.candle_brown.*": "true",
      "fe.tickets.new": "true",
      "fe.protection.trample.bibliocraft.paintingframesimple.*": "true",
      "fe.economy.bounty.twilightforest:mist_wolf": "0",
      "fe.protection.trample.minecraft.dark_oak_door.*": "true",
      "fe.protection.trample.chisel.concrete_lightgray.*": "true",
      "fe.protection.trample.biomesoplenty.leaves_5.*": "true",
      "fe.protection.trample.tconstruct.firewood_stairs.*": "true",
      "fe.protection.trample.thaumcraft.vis_battery.*": "true",
      "fe.protection.trample.minecraft.purpur_stairs.*": "true",
      "fe.commands.*": "false",
      "fe.protection.trample.minecraft.acacia_fence_gate.*": "true",
      "fe.protection.trample.chisel.bookshelf_jungle.*": "true",
      "fe.protection.trample.chisel.carpet_red.*": "true",
      "fe.protection.trample.minecraft.noteblock.*": "true",
      "fe.protection.trample.minecraft.skull.*": "true",
      "fe.protection.trample.chisel.concrete_green1.*": "true",
      "fe.protection.trample.thaumcraft.matrix_cost.*": "true",
      "fe.protection.trample.thaumcraft.crystal_aer.*": "true",
      "fe.protection.trample.chisel.technical.*": "true",
      "fe.protection.trample.biomesoplenty.redwood_door_block.*": "true",
      "fe.economy.bounty.minecraft:zombie_pigman": "0",
      "fe.protection.trample.tconstruct.dried_clay_stairs.*": "true",
      "fe.economy.bounty.twilightforest:tiny_bird": "0",
      "fe.protection.trample.biomesoplenty.magic_fence_gate.*": "true",
      "fe.protection.trample.thaumcraft.banner_white.*": "true",
      "fe.protection.trample.bibliocraft.furniturepaneler.*": "true",
      "fe.faction.list": "true",
      "fe.protection.trample.minecraft.trapdoor.*": "true",
      "fe.protection.trample.minecraft.powered_comparator.*": "true",
      "fe.protection.trample.tconstruct.molten_emerald.*": "true",
      "fe.economy.shop.use": "true",
      "fe.reimm.compat.radar.animal": "true",
      "fe.protection.trample.twilightforest.twilight_leaves.*": "true",
      "fe.protection.trample.chisel.endstone.*": "true",
      "fe.protection.trample.thaumcraft.stabilizer.*": "true",
      "fe.protection.trample.ironchest.iron_shulker_box_white.*": "true",
      "fe.protection.trample.chisel.waterstone1.*": "true",
      "fe.economy.bounty.thaumcraft:taintswarm": "0",
      "fe.protection.trample.chisel.concrete_white2.*": "true",
      "fe.protection.trample.thaumcraft.paving_stone_barrier.*": "true",
      "fe.protection.trample.tconstruct.firewood.*": "true",
      "fe.protection.trample.thaumcraft.leaves_silverwood.*": "true",
      "fe.economy.bounty.thaumcraft:turretbasic": "0",
      "fe.economy.bounty.thaumcraft:spellbat": "0",
      "fe.protection.trample.minecraft.netherrack.*": "true",
      "fe.protection.trample.minecraft.bookshelf.*": "true",
      "fe.protection.trample.thaumcraft.sapling_greatwood.*": "true",
      "fe.protection.trample.tconstruct.metal.*": "true",
      "fe.protection.trample.twilightforest.castle_brick.*": "true",
      "fe.protection.trample.tconstruct.seared_stairs_brick_square.*": "true",
      "fe.protection.trample.biomesoplenty.dried_sand.*": "true",
      "fe.protection.trample.tconstruct.molten_ardite.*": "true",
      "fe.economy.bounty.twilightforest:quest_ram": "0",
      "fe.protection.trample.thaumcraft.metal_thaumium.*": "true",
      "fe.protection.trample.thaumcraft.smelter_thaumium.*": "true",
      "fe.economy.bounty.thaumcraft:turretadvanced": "0",
      "fe.protection.interact.minecraft.lever.*": "true",
      "fe.protection.trample.chisel.carpet_cyan.*": "true",
      "fe.protection.trample.minecraft.melon_stem.*": "true",
      "fe.economy.bounty.minecraft:skeleton": "0",
      "fe.protection.trample.biomesoplenty.palm_door_block.*": "true",
      "fe.protection.trample.chisel.blockelectrum.*": "true",
      "fe.protection.exist.*": "true",
      "command.snapshot": "true",
      "fe.economy.bounty.minecraft:zombie_villager": "0",
      "fe.protection.trample.thaumcraft.pillar_eldritch.*": "true",
      "fe.faction.create": "true",
      "fe.commands.ping": "true",
      "fe.protection.trample.thaumcraft.research_table.*": "true",
      "fe.protection.trample.twilightforest.molten_fierymetal.*": "true",
      "fe.protection.trample.minecraft.yellow_glazed_terracotta.*": "true",
      "fe.protection.trample.minecraft.end_portal.*": "true",
      "fe.protection.trample.tconstruct.molten_nickel.*": "true",
      "fe.protection.trample.bibliocraft.printingpress.*": "true",
      "fe.protection.trample.thaumcraft.candle_pink.*": "true",
      "fe.protection.trample.thaumcraft.stone_ancient_tile.*": "true",
      "fe.protection.trample.chisel.granite2.*": "true",
      "fe.protection.trample.bibliocraft.desk.*": "true",
      "fe.protection.trample.biomesoplenty.ebony_fence_gate.*": "true",
      "fe.protection.trample.thaumcraft.spa.*": "true",
      "fe.teleport.portalto": "true",
      "fe.perm": "true",
      "fe.protection.trample.biomesoplenty.hard_ice.*": "true",
      "fe.protection.trample.minecraft.white_shulker_box.*": "true",
      "fe.economy.bounty.twilightforest:roving_cube": "0",
      "fe.economy.bounty.minecraft:shulker": "0",
      "fe.protection.trample.chisel.stonebrick2.*": "true",
      "fe.protection.trample.bibliocraft.fancyworkbench.*": "true",
      "fe.protection.trample.biomesoplenty.jacaranda_fence.*": "true",
      "fe.remote.mapper.query.region": "true",
      "fe.protection.trample.thaumcraft.candle_cyan.*": "true",
      "fe.protection.trample.minecraft.birch_door.*": "true",
      "fe.protection.trample.ironchest.iron_chest.*": "true",
      "fe.protection.trample.biomesoplenty.gem_ore.*": "true",
      "fe.protection.trample.thaumcraft.vishroom.*": "true",
      "fe.protection.trample.mekanism.oreblock.*": "true",
      "fe.protection.trample.tconstruct.mudbrick_stairs.*": "true",
      "fe.teleport.crossdim.portalfrom": "true",
      "fe.internal.group.priority": "10",
      "fe.protection.trample.tconstruct.brownstone_stairs_brick_small.*": "true",
      "fe.protection.trample.minecraft.blue_glazed_terracotta.*": "true",
      "fe.protection.trample.thaumcraft.taint_geyser.*": "true",
      "fe.protection.trample.minecraft.anvil.*": "true",
      "fe.protection.trample.mekanismgenerators.generator.*": "true",
      "fe.protection.trample.minecraft.barrier.*": "true",
      "fe.protection.trample.minecraft.standing_sign.*": "true",
      "fe.protection.trample.minecraft.chorus_plant.*": "true",
      "fe.protection.trample.minecraft.diamond_block.*": "true",
      "fe.protection.trample.chisel.cobblestone1.*": "true",
      "fe.remote": "true",
      "fe.teleport.tpa.timeout": "20",
      "fe.protection.trample.twilightforest.stronghold_shield.*": "true",
      "fe.protection.trample.biomesoplenty.redwood_stairs.*": "true",
      "fe.protection.trample.thaumcraft.pillar_arcane.*": "true",
      "fe.protection.trample.biomesoplenty.cherry_fence_gate.*": "true",
      "fe.protection.trample.biomesoplenty.mushroom.*": "true",
      "fe.protection.trample.minecraft.light_weighted_pressure_plate.*": "true",
      "fe.protection.trample.thaumcraft.thaumatorium.*": "true",
      "fe.protection.trample.minecraft.cocoa.*": "true",
      "fe.protection.trample.chisel.carpet_pink.*": "true",
      "fe.protection.trample.bibliocraft.markerpole.*": "true",
      "fe.economy.bounty.thaumcraft:giantbrainyzombie": "0",
      "fe.protection.trample.minecraft.portal.*": "true",
      "fe.protection.trample.thaumcraft.condenser_lattice_dirty.*": "true",
      "fe.protection.trample.biomesoplenty.bamboo_thatching.*": "true",
      "fe.economy.bounty.twilightforest:harbinger_cube": "0",
      "fe.protection.trample.minecraft.lit_pumpkin.*": "true",
      "fe.protection.trample.tconstruct.molten_bronze.*": "true",
      "fe.protection.trample.tconstruct.deco_ground_slab.*": "true",
      "fe.protection.trample.chisel.cobblestone.*": "true",
      "fe.economy.bounty.minecraft:wolf": "0",
      "fe.economy.bounty.message": "true",
      "fe.protection.trample.twilightforest.force_field.*": "true",
      "fe.protection.trample.chisel.wool_white.*": "true",
      "fe.protection.trample.thaumcraft.taint_soil.*": "true",
      "fe.economy.bounty.minecraft:spider": "0",
      "fe.protection.trample.biomesoplenty.honey.*": "true",
      "fe.protection.trample.tconstruct.wooden_hopper.*": "true",
      "fe.protection.trample.biomesoplenty.fir_fence_gate.*": "true",
      "fe.economy.bounty.minecraft:illusion_illager": "0",
      "fe.economy.bounty.twilightforest:swarm_spider": "0",
      "fe.protection.trample.minecraft.brown_mushroom_block.*": "true",
      "fe.protection.trample.thaumcraft.log_greatwood.*": "true",
      "fe.protection.trample.chisel.granite.*": "true",
      "fe.protection.trample.tconstruct.molten_manyullyn.*": "true",
      "fe.protection.trample.mekanism.obsidiantnt.*": "true",
      "fe.protection.trample.tconstruct.molten_iron.*": "true",
      "fe.protection.trample.minecraft.orange_shulker_box.*": "true",
      "fe.protection.trample.minecraft.repeating_command_block.*": "true",
      "fe.protection.trample.thaumcraft.slab_double_silverwood.*": "true",
      "fe.protection.trample.mekanism.machineblock.*": "true",
      "fe.protection.trample.thaumcraft.candle_gray.*": "true",
      "fe.protection.trample.twilightforest.fluffy_cloud.*": "true",
      "fe.protection.trample.minecraft.frosted_ice.*": "true",
      "fe.economy.bounty.twilightforest:lich_minion": "0",
      "fe.protection.trample.thaumcraft.taint_log.*": "true",
      "fe.economy.bounty.minecraft:squid": "0",
      "command.superpickaxe": "true",
      "fe.protection.trample.minecraft.gray_glazed_terracotta.*": "true",
      "fe.teleport.warmup": "3",
      "fe.protection.trample.minecraft.mob_spawner.*": "true",
      "fe.protection.trample.chisel.blocktin.*": "true",
      "fe.protection.trample.chisel.concrete_cyan1.*": "true",
      "command.brush": "true",
      "fe.protection.trample.tconstruct.slime_channel.*": "true",
      "fe.protection.trample.minecraft.jungle_door.*": "true",
      "fe.protection.trample.minecraft.flower_pot.*": "true",
      "fe.protection.trample.thaumcraft.crystal_vitium.*": "true",
      "fe.economy.bounty.twilightforest:yeti": "0",
      "fe.economy.bounty.minecraft:mooshroom": "0",
      "fe.chat.pm": "true",
      "fe.protection.trample.ichunutil.compact_porkchop.*": "true",
      "fe.economy.bounty.minecraft:donkey": "0",
      "fe.teleport.cooldown": "5",
      "fe.protection.trample.biomesoplenty.mud_brick_stairs.*": "true",
      "fe.protection.trample.chisel.diorite2.*": "true",
      "fe.protection.trample.thaumcraft.loot_crate_common.*": "true",
      "fe.protection.trample.biomesoplenty.farmland_1.*": "true",
      "fe.protection.trample.minecraft.lit_redstone_lamp.*": "true",
      "fe.protection.trample.biomesoplenty.mahogany_stairs.*": "true",
      "fe.protection.trample.mekanism.cardboardbox.*": "true",
      "fe.protection.trample.minecraft.emerald_ore.*": "true",
      "fe.protection.trample.tconstruct.seared_stairs_creeper.*": "true",
      "fe.protection.trample.chisel.concrete_pink.*": "true",
      "fe.protection.trample.minecraft.vine.*": "true",
      "fe.protection.trample.biomesoplenty.grass_path.*": "true",
      "fe.protection.trample.tconstruct.seared_stairs_brick_triangle.*": "true",
      "fe.protection.trample.thaumcraft.nitor_red.*": "true",
      "fe.protection.trample.thaumcraft.table_stone.*": "true",
      "fe.protection.trample.thaumcraft.smelter_basic.*": "true",
      "fe.protection.trample.tconstruct.molten_silver.*": "true",
      "command.worldedit": "true",
      "fe.protection.trample.twilightforest.spiral_bricks.*": "true",
      "fe.protection.trample.chisel.concrete_pink1.*": "true",
      "fe.protection.trample.tconstruct.tooltables.*": "true",
      "fe.protection.trample.chisel.concrete_lightblue2.*": "true",
      "fe.protection.trample.minecraft.redstone_ore.*": "true",
      "fe.protection.trample.chisel.glassdyedlightblue.*": "true",
      "fe.teleport.warp.max": "10",
      "fe.protection.trample.thaumcraft.redstone_relay.*": "true",
      "fe.protection.trample.chisel.carpet_gray.*": "true",
      "fe.protection.trample.twilightforest.magic_log_core.*": "true",
      "fe.economy.bounty.twilightforest:giant_miner": "0",
      "fe.protection.trample.biomesoplenty.ivy.*": "true",
      "fe.protection.trample.minecraft.trapped_chest.*": "true",
      "fe.remote.chat.push": "true",
      "fe.protection.trample.minecraft.jukebox.*": "true",
      "fe.economy.bounty.twilightforest:hydra_head": "0",
      "fe.protection.trample.minecraft.jungle_stairs.*": "true",
      "fe.protection.trample.chisel.concrete_orange2.*": "true",
      "fe.economy.bounty.twilightforest:skeleton_druid": "0",
      "fe.protection.trample.minecraft.sea_lantern.*": "true",
      "fe.protection.trample.thaumcraft.stairs_arcane_brick.*": "true",
      "fe.protection.trample.minecraft.lime_shulker_box.*": "true",
      "fe.economy.bounty.biomesoplenty:wasp": "0",
      "fe.protection.trample.tconstruct.clear_glass.*": "true",
      "fe.economy.bounty.twilightforest:wild_boar": "0",
      "fe.economy.bounty.twilightforest:armored_giant": "0",
      "fe.protection.trample.thaumcraft.candle_yellow.*": "true",
      "fe.protection.trample.mekanism.machineblock2.*": "true",
      "fe.economy.bounty.thaumcraft:taintacle": "0",
      "fe.protection.trample.minecraft.black_shulker_box.*": "true",
      "fe.protection.trample.thaumcraft.stone_arcane.*": "true",
      "fe.protection.trample.minecraft.web.*": "true",
      "fe.protection.trample.chisel.concrete_magenta2.*": "true",
      "fe.protection.needsfood": "true",
      "fe.protection.trample.thaumcraft.jar_normal.*": "true",
      "fe.protection.trample.tconstruct.molten_obsidian.*": "true",
      "fe.protection.trample.chisel.sandstoneyellow2.*": "true",
      "fe.protection.trample.minecraft.chest.*": "true",
      "fe.protection.trample.minecraft.carpet.*": "true",
      "fe.protection.trample.biomesoplenty.leaves_0.*": "true",
      "fe.economy.plot.price": "1",
      "fe.protection.trample.minecraft.concrete.*": "true",
      "fe.protection.trample.thaumcraft.smelter_vent.*": "true",
      "fe.protection.trample.chisel.blockcopper.*": "true",
      "fe.protection.trample.biomesoplenty.mangrove_door_block.*": "true",
      "fe.protection.trample.thaumcraft.brain_box.*": "true",
      "command.schematic": "true",
      "fe.protection.trample.biomesoplenty.palm_fence_gate.*": "true",
      "fe.protection.trample.minecraft.jungle_fence.*": "true",
      "fe.protection.trample.thaumcraft.stone_arcane_brick.*": "true",
      "fe.protection.trample.chisel.concrete_black1.*": "true",
      "fe.protection.trample.biomesoplenty.crystal.*": "true",
      "fe.afterlife.deathchest.block": "",
      "fe.protection.trample.minecraft.double_stone_slab.*": "true",
      "fe.protection.trample.minecraft.red_mushroom_block.*": "true",
      "fe.protection.trample.thaumcraft.purifying_fluid.*": "true",
      "fe.protection.trample.thaumcraft.vis_generator.*": "true",
      "fe.chat.reply": "true",
      "fe.protection.trample.thaumcraft.golem_builder.*": "true",
      "fe.protection.trample.twilightforest.molten_knightmetal.*": "true",
      "fe.protection.trample.minecraft.concrete_powder.*": "true",
      "fe.protection.trample.minecraft.nether_brick_fence.*": "true",
      "fe.protection.trample.biomesoplenty.ebony_stairs.*": "true",
      "fe.economy.bounty.twilightforest:hedge_spider": "0",
      "fe.protection.trample.minecraft.wheat.*": "true",
      "fe.protection.trample.chisel.concrete_gray1.*": "true",
      "fe.protection.trample.twilightforest.thorn_rose.*": "true",
      "fe.protection.trample.thaumcraft.pedestal_arcane.*": "true",
      "fe.protection.trample.chisel.concrete_lightgray1.*": "true",
      "fe.protection.trample.ironchest.iron_shulker_box_black.*": "true",
      "fe.economy.bounty.minecraft:ocelot": "0",
      "fe.protection.trample.ironchest.iron_shulker_box_yellow.*": "true",
      "fe.protection.trample.minecraft.brick_block.*": "true",
      "fe.protection.trample.tconstruct.purpleslime.*": "true",
      "fe.protection.trample.twilightforest.trollber.*": "true",
      "fe.economy.command.wallet": "true",
      "fe.protection.trample.thaumcraft.candle_red.*": "true",
      "fe.protection.trample.minecraft.gray_shulker_box.*": "true",
      "fe.protection.trample.thaumcraft.metal_void.*": "true",
      "fe.protection.trample.twilightforest.twilight_portal.*": "true",
      "fe.protection.trample.biomesoplenty.double_wood_slab_1.*": "true",
      "fe.chat.nickname": "true",
      "fe.economy.bounty.twilightforest:mosquito_swarm": "0",
      "fe.protection.trample.twilightforest.twilight_leaves_3.*": "true",
      "fe.teleport.bed": "true",
      "fe.protection.trample.bibliocraft.fancysign.*": "true",
      "fe.tickets.tp": "true",
      "fe.protection.trample.bibliocraft.potionshelf.*": "true",
      "fe.protection.trample.thaumcraft.nitor_brown.*": "true",
      "fe.protection.trample.chisel.glassdyedblue.*": "true",
      "fe.teleport.tpa.here": "true",
      "fe.protection.trample.minecraft.water.*": "true",
      "fe.protection.trample.chisel.limestone2.*": "true",
      "fe.protection.trample.minecraft.air.*": "true",
      "command.tell": "true",
      "fe.protection.trample.chisel.bookshelf_darkoak.*": "true",
      "fe.protection.trample.chisel.block_coal_coke2.*": "true",
      "fe.protection.trample.minecraft.obsidian.*": "true",
      "fe.protection.trample.chisel.glassdyedorange.*": "true",
      "fe.protection.trample.thaumcraft.essentia_output.*": "true",
      "fe.protection.trample.chisel.paper.*": "true",
      "fe.protection.trample.chisel.gold.*": "true",
      "fe.protection.trample.chisel.wool_pink.*": "true",
      "fe.protection.trample.ironchest.iron_shulker_box_light_blue.*": "true",
      "fe.protection.trample.minecraft.wooden_slab.*": "true",
      "fe.protection.trample.minecraft.end_portal_frame.*": "true",
      "fe.protection.trample.minecraft.prismarine.*": "true",
      "fe.economy.deathtoll": "",
      "command.me": "true",
      "fe.protection.trample.chisel.bookshelf_acacia.*": "true",
      "fe.economy.bounty.twilightforest:unstable_ice_core": "0",
      "fe.protection.trample.minecraft.snow.*": "true",
      "fe.protection.trample.chisel.basalt1.*": "true",
      "fe.protection.trample.biomesoplenty.sacred_oak_door_block.*": "true",
      "fe.protection.trample.twilightforest.hedge.*": "true",
      "fe.protection.trample.chisel.voidstonerunic.*": "true",
      "fe.protection.trample.tconstruct.ore.*": "true",
      "fe.protection.trample.tconstruct.seared_stairs_brick.*": "true",
      "fe.protection.trample.chisel.endstone2.*": "true",
      "fe.protection.trample.minecraft.purpur_pillar.*": "true",
      "fe.protection.trample.twilightforest.tower_wood.*": "true",
      "fe.protection.trample.chisel.concrete_gray.*": "true",
      "fe.protection.trample.twilightforest.slider.*": "true",
      "fe.protection.trample.thaumcraft.empty.*": "true",
      "fe.protection.trample.chisel.bricks1.*": "true",
      "worldedit.selection.contract": "true",
      "fe.protection.trample.thaumcraft.slab_double_eldritch.*": "true",
      "fe.protection.trample.chisel.concrete_blue2.*": "true",
      "fe.protection.trample.minecraft.snow_layer.*": "true",
      "fe.protection.trample.tconstruct.deco_ground.*": "true",
      "fe.reimm.compat.radar.slime": "true",
      "fe.protection.trample.minecraft.redstone_torch.*": "true",
      "fe.protection.trample.chisel.sandstonered2.*": "true",
      "fe.protection.trample.thaumcraft.effect_glimmer.*": "true",
      "fe.protection.trample.twilightforest.lapis_block.*": "true",
      "fe.protection.trample.twilightforest.firefly_jar.*": "true",
      "fe.protection.trample.chisel.diorite.*": "true",
      "fe.economy.plot.size.min": "3",
      "fe.economy.bounty.thaumcraft:eldritchwarden": "0",
      "fe.economy.bounty.twilightforest:king_spider": "0",
      "fe.protection.trample.tconstruct.molten_clay.*": "true",
      "fe.protection.trample.minecraft.red_glazed_terracotta.*": "true",
      "command./searchitem": "true",
      "fe.protection.trample.conarm.armorforge.*": "true",
      "fe.protection.trample.minecraft.waterlily.*": "true",
      "fe.protection.trample.tconstruct.brownstone_stairs_road.*": "true",
      "fe.protection.trample.thaumcraft.tube_valve.*": "true",
      "command./toggleplace": "true",
      "fe.protection.trample.chisel.glassdyedgreen.*": "true",
      "fe.protection.trample.minecraft.red_sandstone.*": "true",
      "fe.protection.trample.chisel.marble2.*": "true",
      "fe.protection.trample.minecraft.beetroots.*": "true",
      "fe.protection.trample.thaumcraft.candle_purple.*": "true",
      "fe.protection.trample.thaumcraft.liquid_death.*": "true",
      "fe.protection.trample.chisel.block_coal_coke.*": "true",
      "fe.teleport.portalfrom": "true",
      "fe.protection.trample.twilightforest.tower_device.*": "true",
      "fe.protection.trample.tconstruct.dried_clay_slab.*": "true",
      "fe.protection.trample.minecraft.jungle_fence_gate.*": "true",
      "fe.economy.bounty.gravestone:player_ghost": "0",
      "fe.protection.trample.tconstruct.slime_vine_blue.*": "true",
      "fe.chat.ircpm": "true",
      "fe.economy.bounty.twilightforest:goblin_knight_upper": "0",
      "fe.protection.interact.minecraft.stone_button.*": "true",
      "fe.economy.bounty.minecraft:stray": "0",
      "fe.protection.trample.tconstruct.slime_grass.*": "true",
      "fe.economy.bounty.twilightforest:hydra": "0",
      "fe.tickets.view": "true",
      "fe.protection.trample.biomesoplenty.ethereal_fence.*": "true",
      "fe.protection.trample.bibliocraft.bell.*": "true",
      "fe.protection.trample.minecraft.planks.*": "true",
      "fe.economy.bounty.minecraft:evocation_illager": "0",
      "fe.teleport.home.set": "true",
      "fe.protection.trample.twilightforest.huge_stalk.*": "true",
      "fe.protection.trample.mekanism.glowpanel.*": "true",
      "fe.protection.trample.chisel.concrete_brown2.*": "true",
      "fe.protection.trample.twilightforest.huge_lilypad.*": "true",
      "fe.protection.trample.chisel.concrete_yellow1.*": "true",
      "fe.protection.trample.chisel.blockbronze.*": "true",
      "fe.economy.bounty.minecraft:wither": "0",
      "fe.protection.trample.thaumcraft.slab_double_arcane_brick.*": "true",
      "fe.protection.trample.tconstruct.milk.*": "true",
      "fe.economy.bounty.twilightforest:goblin_knight_lower": "0",
      "fe.economy.bounty.thaumcraft:taintaclegiant": "0",
      "fe.protection.trample.minecraft.dispenser.*": "true",
      "fe.protection.trample.gravestone.gravestone.*": "true",
      "fe.protection.trample.twilightforest.giant_cobblestone.*": "true",
      "fe.protection.trample.biomesoplenty.cherry_door_block.*": "true",
      "fe.economy.bounty.minecraft:endermite": "0",
      "fe.protection.trample.chisel.concrete_lightblue.*": "true",
      "fe.tickets.command": "true",
      "fe.protection.trample.thaumcraft.banner_orange.*": "true",
      "fe.protection.trample.thaumcraft.inlay.*": "true",
      "command.none": "true",
      "fe.protection.trample.biomesoplenty.umbran_fence_gate.*": "true",
      "fe.protection.trample.minecraft.sapling.*": "true",
      "fe.protection.trample.thaumcraft.banner_green.*": "true",
      "fe.protection.trample.minecraft.lime_glazed_terracotta.*": "true",
      "fe.protection.trample.minecraft.nether_wart.*": "true",
      "fe.protection.trample.chisel.purpur1.*": "true",
      "fe.economy.bounty.twilightforest:loyal_zombie": "0",
      "fe.protection.trample.chisel.andesite2.*": "true",
      "fe.protection.trample.minecraft.stained_glass.*": "true",
      "fe.protection.trample.thaumcraft.lamp_fertility.*": "true",
      "fe.protection.trample.biomesoplenty.leaves_4.*": "true",
      "fe.protection.trample.chisel.icepillar.*": "true",
      "fe.protection.trample.biomesoplenty.blood.*": "true",
      "fe.protection.trample.chisel.ice2.*": "true",
      "fe.economy.bounty.twilightforest:bighorn_sheep": "0",
      "fe.protection.trample.thaumcraft.stone_ancient_rock.*": "true",
      "fe.economy.bounty.twilightforest:maze_slime": "0",
      "fe.protection.trample.thaumcraft.slab_silverwood.*": "true",
      "fe.protection.trample.minecraft.stone_slab.*": "true",
      "fe.protection.trample.oreberries.tin_oreberry_bush.*": "true",
      "fe.protection.trample.chisel.cloud.*": "true",
      "fe.protection.trample.thaumcraft.candle_blue.*": "true",
      "fe.commands.afk": "true",
      "fe.protection.trample.chisel.block_coal2.*": "true",
      "fe.economy.bounty.mekanism:robit": "0",
      "fe.protection.trample.biomesoplenty.jacaranda_stairs.*": "true",
      "fe.economy.bounty.minecraft:slime": "0",
      "fe.protection.trample.chisel.sandstone-scribbles.*": "true",
      "fe.protection.trample.thaumcraft.banner_pink.*": "true",
      "fe.protection.trample.biomesoplenty.flower_1.*": "true",
      "fe.protection.trample.thaumcraft.candle_black.*": "true",
      "fe.protection.trample.twilightforest.knightmetal_block.*": "true",
      "fe.protection.trample.chisel.concrete_black.*": "true",
      "fe.protection.trample.minecraft.wall_banner.*": "true",
      "fe.protection.trample.tconstruct.seared_stairs_tile.*": "true",
      "fe.economy.bounty.minecraft:bat": "0",
      "fe.economy.bounty.minecraft:magma_cube": "0",
      "fe.protection.trample.chisel.quartz1.*": "true",
      "fe.protection.trample.thaumcraft.banner_lightblue.*": "true",
      "fe.protection.trample.thaumcraft.candle_lightblue.*": "true",
      "fe.protection.trample.tconstruct.rack.*": "true",
      "fe.chat.playerformat": "",
      "fe.protection.trample.tconstruct.seared_tank.*": "true",
      "fe.protection.trample.tconstruct.dried_clay.*": "true",
      "fe.economy.plot.limit.count": "20",
      "fe.protection.trample.tconstruct.slime_congealed.*": "true",
      "fe.protection.trample.minecraft.birch_fence_gate.*": "true",
      "fe.protection.trample.chisel.glassdyedbrown.*": "true",
      "fe.perm.zone.list": "true",
      "fe.protection.trample.tconstruct.wood_rail_trapdoor.*": "true",
      "fe.protection.trample.thaumcraft.crystal_ignis.*": "true",
      "fe.protection.trample.chisel.purpur.*": "true",
      "fe.teleport.tppos": "true",
      "fe.protection.trample.minecraft.iron_ore.*": "true",
      "fe.protection.trample.chisel.diamond.*": "true",
      "fe.economy.bounty.thaumcraft:eldritchcrab": "0",
      "fe.economy.bounty.thaumcraft:cultistportallesser": "0",
      "fe.protection.trample.minecraft.purple_shulker_box.*": "true",
      "fe.protection.trample.chisel.concrete_blue1.*": "true",
      "fe.protection.trample.minecraft.daylight_detector_inverted.*": "true",
      "fe.protection.trample.thaumcraft.levitator.*": "true",
      "fe.economy.bounty.minecraft:silverfish": "0",
      "fe.protection.trample.thaumcraft.condenser.*": "true",
      "fe.teleport.to": "true",
      "fe.protection.trample.biomesoplenty.wood_slab_1.*": "true",
      "fe.protection.trample.minecraft.dirt.*": "true",
      "fe.protection.trample.minecraft.ladder.*": "true",
      "fe.protection.trample.minecraft.brown_shulker_box.*": "true",
      "fe.protection.trample.twilightforest.magic_log.*": "true",
      "fe.protection.trample.minecraft.double_wooden_slab.*": "true",
      "fe.protection.trample.thaumcraft.arcane_ear.*": "true",
      "fe.economy.bounty.twilightforest:death_tome": "0",
      "fe.protection.trample.thaumcraft.nitor_lightblue.*": "true",
      "worldedit.selection.outset": "true",
      "fe.protection.trample.chisel.blocksilver.*": "true",
      "fe.protection.trample.*": "true",
      "fe.protection.trample.tconstruct.wood_rail.*": "true",
      "fe.teleport.back.ondeath": "true",
      "fe.economy.bounty.twilightforest:ur_ghast": "0",
      "fe.economy.bounty.minecraft:zombie_horse": "0",
      "fe.protection.trample.chisel.glowstone2.*": "true",
      "fe.protection.trample.mekanism.energycube.*": "true",
      "fe.protection.trample.thaumcraft.arcane_ear_toggle.*": "true",
      "fe.protection.trample.minecraft.double_plant.*": "true",
      "fe.teleport.from": "true",
      "fe.protection.trample.ironchest.iron_shulker_box_cyan.*": "true",
      "fe.protection.trample.mekanism.plasticfence.*": "true",
      "fe.protection.trample.tconstruct.molten_steel.*": "true",
      "fe.economy.bounty.twilightforest:raven": "0",
      "fe.protection.trample.biomesoplenty.pine_fence.*": "true",
      "fe.protection.trample.chisel.blocksteel.*": "true",
      "fe.protection.trample.thaumcraft.loot_urn_uncommon.*": "true",
      "fe.protection.trample.biomesoplenty.flesh.*": "true",
      "fe.protection.trample.biomesoplenty.double_other_slab.*": "true",
      "fe.protection.trample.minecraft.cyan_shulker_box.*": "true",
      "fe.protection.trample.twilightforest.fire_jet.*": "true",
      "fe.protection.trample.minecraft.stonebrick.*": "true",
      "fe.protection.trample.biomesoplenty.leaves_2.*": "true",
      "fe.protection.trample.chisel.wool_cyan.*": "true",
      "fe.protection.trample.tconstruct.blueslime.*": "true",
      "fe.protection.trample.minecraft.magenta_glazed_terracotta.*": "true",
      "fe.protection.trample.mekanism.gastank.*": "true",
      "fe.protection.trample.thaumcraft.nitor_silver.*": "true",
      "fe.protection.trample.chisel.concrete_lime.*": "true",
      "fe.reimm.compat.radar.mod": "true",
      "fe.protection.trample.bibliocraft.bookcase.*": "true",
      "fe.protection.trample.mekanism.basicblock.*": "true",
      "fe.protection.trample.biomesoplenty.eucalyptus_stairs.*": "true",
      "fe.protection.trample.twilightforest.firefly.*": "true",
      "fe.protection.trample.biomesoplenty.hellbark_fence.*": "true",
      "fe.protection.trample.minecraft.quartz_block.*": "true",
      "fe.protection.trample.tconstruct.slime_vine_blue_end.*": "true",
      "fe.protection.trample.biomesoplenty.mahogany_fence_gate.*": "true",
      "fe.protection.trample.twilightforest.thorns.*": "true",
      "fe.commands.modlist": "true",
      "fe.protection.trample.chisel.carpet_lightblue.*": "true",
      "fe.protection.trample.tconstruct.tinker_tank_controller.*": "true",
      "fe.protection.trample.minecraft.log2.*": "true",
      "worldedit.selection.shift": "true",
      "fe.protection.trample.mekanism.basicblock2.*": "true",
      "fe.protection.trample.chisel.wool_black.*": "true",
      "fe.protection.trample.minecraft.red_flower.*": "true",
      "fe.protection.trample.chisel.concrete_blue.*": "true",
      "fe.protection.trample.biomesoplenty.fir_stairs.*": "true",
      "fe.protection.trample.chisel.planks-birch.*": "true",
      "fe.protection.trample.biomesoplenty.redwood_fence.*": "true",
      "fe.protection.trample.tconstruct.dried_brick_stairs.*": "true",
      "fe.protection.trample.minecraft.farmland.*": "true",
      "fe.protection.trample.chisel.glowstone.*": "true",
      "fe.protection.use.*": "true",
      "fe.protection.trample.minecraft.stone_button.*": "true",
      "fe.protection.trample.tconstruct.molten_zinc.*": "true",
      "fe.chat.groupmessage": "true",
      "fe.questioner": "true",
      "fe.protection.trample.thaumcraft.tube_restrict.*": "true",
      "fe.protection.trample.chisel.prismarine1.*": "true",
      "fe.protection.trample.thaumcraft.amber_brick.*": "true",
      "fe.economy.bounty.thaumcraft:taintseed": "0",
      "fe.protection.trample.chisel.cobblestonemossy.*": "true",
      "fe.protection.trample.chisel.glassdyedwhite.*": "true",
      "fe.protection.trample.biomesoplenty.sapling_2.*": "true",
      "fe.economy.bounty.minecraft:giant": "0",
      "fe.protection.trample.thaumcraft.flux_goo.*": "true",
      "fe.economy.bounty.thaumcraft:eldritchgolem": "0",
      "fe.protection.trample.minecraft.wooden_button.*": "true",
      "fe.economy.bounty.twilightforest:hostile_wolf": "0",
      "fe.protection.trample.minecraft.acacia_door.*": "true",
      "fe.protection.trample.tconstruct.brownstone_stairs_tile.*": "true",
      "fe.protection.trample.bibliocraft.clipboard.*": "true",
      "fe.protection.trample.thaumcraft.mirror_essentia.*": "true",
      "fe.economy.bounty.minecraft:chicken": "0",
      "fe.protection.trample.biomesoplenty.magic_door_block.*": "true",
      "fe.protection.trample.biomesoplenty.log_3.*": "true",
      "fe.economy.bounty.twilightforest:stable_ice_core": "0",
      "fe.protection.trample.chisel.hardenedclay1.*": "true",
      "fe.economy.bounty.tconstruct:blueslime": "0",
      "fe.protection.trample.chisel.ice.*": "true",
      "fe.protection.trample.chisel.glassdyedpurple.*": "true",
      "fe.protection.trample.thaumcraft.alembic.*": "true",
      "fe.protection.trample.tconstruct.punji.*": "true",
      "fe.protection.trample.thaumcraft.recharge_pedestal.*": "true",
      "fe.protection.trample.chisel.netherrack.*": "true",
      "fe.protection.trample.thaumcraft.pedestal_eldritch.*": "true",
      "fe.protection.trample.chisel.blockinvar.*": "true",
      "fe.protection.trample.chisel.concrete_yellow.*": "true",
      "fe.protection.trample.chisel.templemossy.*": "true",
      "fe.protection.trample.twilightforest.double_aurora_slab.*": "true",
      "fe.protection.trample.minecraft.fence_gate.*": "true",
      "fe.protection.trample.biomesoplenty.fir_door_block.*": "true",
      "fe.perm.test": "true",
      "fe.protection.trample.minecraft.acacia_fence.*": "true",
      "fe.protection.trample.biomesoplenty.white_sandstone.*": "true",
      "fe.protection.trample.minecraft.wooden_pressure_plate.*": "true",
      "fe.protection.trample.thaumcraft.hole.*": "true",
      "fe.protection.trample.chisel.wool_lightblue.*": "true",
      "fe.protection.trample.biomesoplenty.ethereal_door_block.*": "true",
      "fe.protection.trample.chisel.wool_blue.*": "true",
      "fe.protection.trample.minecraft.mossy_cobblestone.*": "true",
      "fe.protection.trample.bibliocraft.shelf.*": "true",
      "fe.protection.trample.thaumcraft.barrier.*": "true",
      "fe.protection.trample.thaumcraft.banner_black.*": "true",
      "fe.protection.trample.minecraft.flowing_water.*": "true",
      "fe.protection.trample.chisel.block_coal.*": "true",
      "fe.protection.trample.minecraft.light_blue_glazed_terracotta.*": "true",
      "fe.protection.trample.biomesoplenty.white_sand.*": "true",
      "fe.protection.trample.twilightforest.nagastone_stairs_mossy.*": "true",
      "fe.protection.trample.thaumcraft.placeholder_bars.*": "true",
      "fe.protection.trample.minecraft.quartz_stairs.*": "true",
      "fe.economy.bounty.thaumcraft:arcanebore": "0",
      "fe.protection.trample.thaumcraft.crystal_perditio.*": "true",
      "fe.protection.trample.biomesoplenty.willow_vine.*": "true",
      "fe.economy.bounty.twilightforest:tower_termite": "0",
      "fe.protection.trample.biomesoplenty.pine_door_block.*": "true",
      "fe.economy.bounty.twilightforest:tower_golem": "0",
      "fe.protection.trample.tconstruct.brownstone_stairs_paver.*": "true",
      "fe.protection.trample.chisel.factory1.*": "true",
      "fe.protection.trample.thaumcraft.potion_sprayer.*": "true",
      "fe.protection.trample.thaumcraft.amber_block.*": "true",
      "fe.protection.trample.minecraft.structure_void.*": "true",
      "fe.economy.plot.command.claim": "true",
      "fe.economy.bounty.minecraft:enderman": "0",
      "fe.protection.trample.minecraft.activator_rail.*": "true",
      "fe.protection.trample.minecraft.observer.*": "true",
      "fe.protection.trample.chisel.concrete_lime2.*": "true",
      "fe.protection.trample.chisel.block_charcoal1.*": "true",
      "fe.protection.trample.chisel.planks-dark-oak.*": "true",
      "fe.economy.bounty.thaumcraft:golem": "0",
      "fe.protection.trample.thaumcraft.crystal_ordo.*": "true",
      "fe.protection.trample.minecraft.sponge.*": "true",
      "fe.protection.trample.chisel.blockuranium.*": "true",
      "fe.protection.trample.thaumcraft.nitor_lime.*": "true",
      "fe.protection.trample.chisel.cobblestonemossy2.*": "true",
      "fe.protection.trample.minecraft.standing_banner.*": "true",
      "fe.protection.trample.twilightforest.miniature_structure.*": "true",
      "fe.protection.trample.minecraft.chorus_flower.*": "true",
      "fe.protection.trample.minecraft.torch.*": "true",
      "fe.economy.bounty.twilightforest:adherent": "0",
      "fe.protection.trample.thaumcraft.leaves_greatwood.*": "true",
      "fe.protection.trample.minecraft.unpowered_repeater.*": "true",
      "fe.protection.trample.minecraft.redstone_wire.*": "true",
      "fe.protection.trample.tconstruct.casting.*": "true",
      "fe.protection.trample.minecraft.lit_furnace.*": "true",
      "fe.protection.trample.thaumcraft.paving_stone_travel.*": "true",
      "fe.protection.trample.twilightforest.experiment_115.*": "true",
      "fe.protection.trample.twilightforest.castle_door_vanished.*": "true",
      "fe.protection.trample.twilightforest.trophy.*": "true",
      "fe.protection.trample.biomesoplenty.grass.*": "true",
      "fe.protection.trample.biomesoplenty.sapling_0.*": "true",
      "fe.protection.trample.chisel.brownstone.*": "true",
      "fe.protection.trample.thaumcraft.wand_workbench.*": "true",
      "fe.protection.trample.biomesoplenty.gem_block.*": "true",
      "fe.core.pos.wand": "true",
      "fe.economy.bounty.minecraft:husk": "0",
      "fe.protection.trample.biomesoplenty.redwood_fence_gate.*": "true",
      "fe.protection.trample.minecraft.pink_glazed_terracotta.*": "true",
      "fe.protection.zone.damage.interval": "1000",
      "fe.economy.plot.command.list.own": "true",
      "fe.economy.bounty.minecraft:villager": "0",
      "fe.protection.trample.thaumcraft.banner_crimson_cult.*": "true",
      "fe.economy.bounty.minecraft:villager_golem": "0",
      "fe.economy.bounty.minecraft:cave_spider": "0",
      "fe.protection.trample.tconstruct.slime_vine_blue_mid.*": "true",
      "fe.protection.trample.chisel.carpet_magenta.*": "true",
      "fe.protection.trample.twilightforest.block_storage.*": "true",
      "fe.protection.trample.biomesoplenty.mahogany_fence.*": "true",
      "fe.protection.trample.biomesoplenty.log_1.*": "true",
      "fe.reimm.compat.cavemap": "true",
      "fe.protection.trample.biomesoplenty.honey_block.*": "true",
      "fe.protection.trample.chisel.glassdyedred.*": "true",
      "fe.protection.trample.chisel.concrete_red2.*": "true",
      "fe.protection.trample.minecraft.monster_egg.*": "true",
      "fe.protection.trample.biomesoplenty.coral.*": "true",
      "fe.internal.group": "true",
      "fe.protection.trample.minecraft.spruce_stairs.*": "true",
      "fe.protection.trample.twilightforest.cinder_furnace.*": "true",
      "fe.protection.interact.minecraft.wooden_button.*": "true",
      "fe.protection.trample.chisel.planks-spruce.*": "true",
      "fe.protection.trample.thaumcraft.plank_silverwood.*": "true",
      "fe.protection.trample.bibliocraft.paintingpress.*": "true",
      "fe.protection.trample.tconstruct.brownstone_stairs_brick.*": "true",
      "fe.protection.trample.twilightforest.castle_door.*": "true",
      "fe.protection.trample.minecraft.emerald_block.*": "true",
      "fe.protection.trample.twilightforest.twilight_plant.*": "true",
      "fe.protection.trample.biomesoplenty.fir_fence.*": "true",
      "fe.economy.currency": "coins",
      "fe.protection.trample.chisel.lavastone.*": "true",
      "fe.protection.trample.ironchest.iron_shulker_box_blue.*": "true",
      "fe.economy.bounty.minecraft:witch": "0",
      "fe.protection.trample.biomesoplenty.mud_brick_block.*": "true",
      "fe.protection.trample.chisel.glassdyedmagenta.*": "true",
      "fe.protection.trample.chisel.iron.*": "true",
      "fe.protection.trample.thaumcraft.candle_silver.*": "true",
      "fe.commands.afk.warmup": "10",
      "fe.protection.trample.thaumcraft.arcane_workbench_charger.*": "true",
      "fe.economy.bounty.twilightforest:wraith": "0",
      "fe.economy.plot.command.list.sale": "true",
      "fe.protection.trample.chisel.lavastone1.*": "true",
      "fe.protection.trample.minecraft.ender_chest.*": "true",
      "fe.protection.trample.minecraft.end_stone.*": "true",
      "fe.protection.fire.spread": "true",
      "fe.economy.bounty.twilightforest:bunny": "0",
      "fe.protection.trample.thaumcraft.everfull_urn.*": "true",
      "fe.protection.trample.tconstruct.seared_stairs_brick_fancy.*": "true",
      "fe.economy.bounty.twilightforest:naga": "0",
      "fe.chat.chat": "true",
      "fe.economy.startbudget": "100",
      "fe.economy.bounty.mekanism:babyskeleton": "0",
      "fe.protection.trample.biomesoplenty.leaves_6.*": "true",
      "fe.protection.trample.tconstruct.seared.*": "true",
      "fe.protection.trample.minecraft.gold_block.*": "true",
      "fe.protection.trample.minecraft.mycelium.*": "true",
      "fe.protection.trample.twilightforest.auroralized_glass.*": "true",
      "fe.protection.trample.chisel.carpet_yellow.*": "true",
      "fe.protection.trample.tconstruct.seared_stairs_cobble.*": "true",
      "fe.economy.bounty.twilightforest:firefly": "0",
      "fe.economy.command.pay": "true",
      "fe.protection.trample.chisel.concrete_purple2.*": "true",
      "fe.protection.trample.thaumcraft.tube_oneway.*": "true",
      "fe.protection.trample.mekanismgenerators.reactorglass.*": "true",
      "fe.commands.commandbook": "true",
      "fe.economy.plot.column": "true",
      "fe.protection.trample.thaumcraft.infernal_furnace.*": "true",
      "fe.protection.trample.bibliocraft.paintingframeborderless.*": "true",
      "fe.protection.trample.chisel.glassdyedlime.*": "true",
      "fe.economy.bounty.thaumcraft:cultistcleric": "0",
      "fe.protection.trample.twilightforest.moonworm.*": "true",
      "fe.protection.trample.biomesoplenty.double_plant.*": "true",
      "fe.protection.trample.minecraft.leaves2.*": "true",
      "fe.protection.trample.chisel.concrete_cyan.*": "true",
      "fe.protection.trample.thaumcraft.candle_orange.*": "true",
      "fe.economy.bounty.minecraft:ender_dragon": "0",
      "fe.protection.trample.bibliocraft.paintingframemiddle.*": "true",
      "fe.protection.trample.thaumcraft.nitor_yellow.*": "true",
      "fe.protection.trample.minecraft.potatoes.*": "true",
      "fe.protection.trample.chisel.technicalnew.*": "true",
      "fe.protection.trample.thaumcraft.essentia_input.*": "true",
      "fe.protection.trample.tconstruct.brownstone_stairs_creeper.*": "true",
      "fe.protection.trample.minecraft.pumpkin.*": "true",
      "fe.protection.trample.chisel.wool_green.*": "true",
      "fe.protection.trample.bibliocraft.framedchest.*": "true",
      "fe.protection.trample.minecraft.cobblestone.*": "true",
      "fe.protection.cmd.itemperm": "true",
      "fe.economy.bounty.minecraft:parrot": "0",
      "fe.protection.trample.thaumcraft.stone_porous.*": "true",
      "fe.commands.rules": "true",
      "fe.afterlife.deathchest.xp": "0.25",
      "fe.protection.trample.twilightforest.root.*": "true",
      "fe.protection.inventory.*": "true"
    },
    "members": {
      "fe.internal.prefix": "\u0026r[\u00262M\u0026r]",
      "fe.internal.group.priority": "20",
      "fe.internal.group": "true"
    }
  }
}