{
  "ident": "(0caa1425-e0ec-3150-9027-9b06a72d572e|azathoth)",
  "home": {
    "dim": 10,
    "pitch": 19.23396,
    "yaw": 346.4265,
    "xd": 3193.136966734717,
    "yd": 101.5,
    "zd": -2053.654421908623
  },
  "lastTeleportOrigin": {
    "dim": 10,
    "pitch": 11.25,
    "yaw": -318.0723,
    "xd": 3201.5,
    "yd": 101.6875,
    "zd": -2053.89990234375
  },
  "lastTeleportTime": 1546086708900,
  "selDim": 0,
  "inventoryGroups": {},
  "modInventoryGroups": {},
  "activeInventoryGroup": "default",
  "timePlayed": 5045598,
  "firstLogin": "Dec 29, 2018 1:15:26 AM",
  "lastLogin": "Dec 29, 2018 12:28:43 PM",
  "lastLogout": "Dec 29, 2018 12:50:32 PM",
  "namedTimeout": {}
}