{
  "ident": "(447a2daa-8279-3bc2-91f9-722344c2cb54|Grayfoox)",
  "home": {
    "dim": 10,
    "pitch": 29.325241,
    "yaw": -155.32794,
    "xd": 3193.51498450492,
    "yd": 101.5,
    "zd": -2055.0949317043196
  },
  "lastTeleportOrigin": {
    "dim": 0,
    "pitch": 17.992233,
    "yaw": -358.76016,
    "xd": 3371.1966808156553,
    "yd": 88.0,
    "zd": -2291.3771296789146
  },
  "lastTeleportTime": 1546084980254,
  "selDim": 0,
  "inventoryGroups": {},
  "modInventoryGroups": {},
  "activeInventoryGroup": "default",
  "timePlayed": 3462480,
  "firstLogin": "Dec 29, 2018 12:27:26 AM",
  "lastLogin": "Dec 29, 2018 10:38:48 AM",
  "lastLogout": "Dec 29, 2018 2:08:32 AM",
  "namedTimeout": {}
}