{
  "ident": "(5e08b14e-fba4-3956-92f0-eb95c5286908|SmilerCZE)",
  "home": {
    "dim": 10,
    "pitch": 5.9756346,
    "yaw": -90.31653,
    "xd": 3344.3523942723223,
    "yd": 73.0,
    "zd": -2107.388178198153
  },
  "lastTeleportOrigin": {
    "dim": 10,
    "pitch": 12.765856,
    "yaw": -306.50342,
    "xd": 3391.6051100569393,
    "yd": 64.0,
    "zd": -2178.930101379438
  },
  "lastTeleportTime": 1546086133349,
  "selDim": 0,
  "inventoryGroups": {},
  "modInventoryGroups": {},
  "activeInventoryGroup": "default",
  "timePlayed": 0,
  "firstLogin": "Dec 29, 2018 11:58:17 AM",
  "lastLogin": "Dec 29, 2018 11:58:17 AM",
  "namedTimeout": {}
}