{
  "ident": "(6220dacd-98ba-3371-873c-baac80c0b989|PheleanorPhil)",
  "home": {
    "dim": 10,
    "pitch": 9.1838665,
    "yaw": -15.818939,
    "xd": 3007.8725236198416,
    "yd": 81.60930292815341,
    "zd": -1943.3796051255708
  },
  "lastTeleportOrigin": {
    "dim": 10,
    "pitch": 9.1838665,
    "yaw": -15.818939,
    "xd": 3007.8725236198416,
    "yd": 81.60930292815341,
    "zd": -1943.3796051255708
  },
  "lastTeleportTime": 1546085133603,
  "selDim": 0,
  "inventoryGroups": {},
  "modInventoryGroups": {},
  "activeInventoryGroup": "default",
  "timePlayed": 2424358,
  "firstLogin": "Dec 29, 2018 11:18:38 AM",
  "lastLogin": "Dec 29, 2018 11:46:25 AM",
  "lastLogout": "Dec 29, 2018 12:06:26 PM",
  "namedTimeout": {}
}