{
  "ident": "(c28ccb0e-b019-3d7f-8773-8a5d1a54f65f|Doggy)",
  "home": {
    "dim": 10,
    "pitch": 24.150003,
    "yaw": 290.1825,
    "xd": 3360.60532796478,
    "yd": 78.0,
    "zd": -2103.1260330701025
  },
  "lastTeleportOrigin": {
    "dim": 10,
    "pitch": 63.6339,
    "yaw": -188.61899,
    "xd": 3360.10009765625,
    "yd": 78.6875,
    "zd": -2105.5
  },
  "lastTeleportTime": 1546085119803,
  "selDim": 0,
  "inventoryGroups": {},
  "modInventoryGroups": {},
  "activeInventoryGroup": "default",
  "timePlayed": 1367778,
  "firstLogin": "Dec 29, 2018 10:11:35 AM",
  "lastLogin": "Dec 29, 2018 11:33:51 AM",
  "lastLogout": "Dec 29, 2018 11:16:16 AM",
  "namedTimeout": {}
}