{
  "ident": "(e76fdb64-ec16-34b1-a93b-680c213f0fc1|KrysiAutismus)",
  "lastTeleportOrigin": {
    "dim": 0,
    "pitch": 34.35003,
    "yaw": 178.20361,
    "xd": 3143.8076496171,
    "yd": 80.24341321608179,
    "zd": -2089.1239793451273
  },
  "lastTeleportTime": 1546078519284,
  "selDim": 0,
  "inventoryGroups": {},
  "modInventoryGroups": {},
  "activeInventoryGroup": "default",
  "timePlayed": 2879216,
  "firstLogin": "Dec 29, 2018 9:49:34 AM",
  "lastLogin": "Dec 29, 2018 9:49:34 AM",
  "lastLogout": "Dec 29, 2018 10:37:33 AM",
  "namedTimeout": {}
}