{"stat.drop.minecraft.stone_pickaxe":1,"stat.useItem.minecraft.bow":26,"stat.drop.minecraft.pumpkin":2,"stat.pickup.minecraft.bone":3,"stat.useItem.minecraft.painting":9,"stat.pickup.minecraft.wooden_slab":6,"stat.useItem.minecraft.iron_axe":51,"stat.leaveGame":13,"stat.mineBlock.minecraft.cobblestone":13,"stat.pickup.minecraft.stone_pickaxe":12,"stat.pickup.minecraft.flint":5,"stat.killEntity.Parrot":5,"stat.mineBlock.minecraft.yellow_flower":1,"stat.craftItem.minecraft.iron_axe":1,"stat.mineBlock.minecraft.brown_mushroom":1,"stat.useItem.minecraft.diamond_sword":372,"stat.craftItem.minecraft.wool":3,"stat.useItem.minecraft.mutton":2,"stat.pickup.minecraft.fishing_rod":2,"stat.swimOneCm":38388,"stat.climbOneCm":20597,"stat.useItem.minecraft.planks":69,"stat.mineBlock.minecraft.spruce_stairs":5,"stat.pickup.minecraft.cooked_porkchop":49,"stat.craftItem.minecraft.golden_chestplate":1,"stat.pickup.minecraft.porkchop":9,"stat.pickup.minecraft.glass":71,"stat.craftItem.minecraft.arrow":8,"stat.useItem.minecraft.dirt":59,"stat.useItem.minecraft.stone_slab2":53,"stat.pickup.minecraft.bow":5,"stat.pickup.minecraft.iron_boots":4,"stat.pickup.minecraft.rotten_flesh":23,"stat.pickup.minecraft.sand":124,"stat.craftItem.minecraft.furnace":1,"stat.useItem.minecraft.egg":117,"stat.craftItem.minecraft.stone_axe":1,"stat.craftItem.minecraft.iron_boots":1,"stat.useItem.minecraft.iron_ore":1,"stat.pickup.minecraft.name_tag":3,"stat.craftItem.minecraft.stone_pickaxe":5,"stat.craftItem.minecraft.cooked_beef":2,"stat.pickup.minecraft.cobblestone":569,"stat.pickup.minecraft.wooden_hoe":1,"stat.craftItem.minecraft.bow":1,"stat.mineBlock.minecraft.carpet":6,"stat.pickup.minecraft.diamond_hoe":3,"stat.flyOneCm":195621,"stat.pickup.minecraft.brown_mushroom":1,"stat.pickup.minecraft.fish":4,"stat.drop.minecraft.wheat_seeds":35,"stat.useItem.minecraft.cooked_beef":6,"stat.craftItem.minecraft.wooden_slab":6,"stat.pickup.minecraft.golden_pickaxe":1,"stat.pickup.minecraft.redstone":64,"stat.mineBlock.minecraft.iron_ore":77,"stat.craftItem.minecraft.book":9,"stat.timeSinceDeath":27931,"stat.useItem.minecraft.sign":8,"stat.useItem.minecraft.iron_pickaxe":234,"stat.drop.minecraft.diamond":3,"stat.craftItem.minecraft.wooden_pickaxe":2,"stat.pickup.minecraft.mutton":14,"stat.craftItem.minecraft.bed":3,"stat.mineBlock.minecraft.vine":1,"stat.pickup.minecraft.chainmail_helmet":1,"stat.useItem.minecraft.oak_stairs":7,"stat.pickup.minecraft.stonebrick":975,"stat.furnaceInteraction":31,"stat.useItem.minecraft.cooked_porkchop":14,"stat.pickup.minecraft.carpet":8,"stat.killEntity.ZombieVillager":1,"stat.pickup.minecraft.diamond_shovel":1,"stat.mineBlock.minecraft.coal_ore":171,"stat.killEntity.Creeper":3,"stat.pickup.minecraft.string":52,"stat.pickup.minecraft.beef":22,"stat.pickup.minecraft.furnace":9,"stat.useItem.minecraft.cooked_mutton":1,"stat.craftItem.minecraft.stone_slab2":0,"stat.pickup.minecraft.hay_block":7,"stat.drop.minecraft.compass":1,"stat.sprintOneCm":262599,"stat.pickup.minecraft.paper":18,"stat.pickup.minecraft.iron_chestplate":4,"stat.useItem.minecraft.hay_block":10,"stat.craftItem.minecraft.stick":56,"stat.pickup.minecraft.potion":1,"stat.useItem.minecraft.wheat_seeds":85,"stat.mineBlock.minecraft.crafting_table":7,"stat.entityKilledBy.VindicationIllager":1,"stat.useItem.minecraft.diamond_pickaxe":27,"stat.pickup.minecraft.emerald":4,"stat.pickup.minecraft.diamond_chestplate":1,"stat.pickup.minecraft.leather_leggings":1,"stat.craftItem.minecraft.wooden_pressure_plate":2,"stat.mineBlock.minecraft.oak_stairs":7,"stat.deaths":22,"stat.mineBlock.minecraft.planks":21,"stat.drop":58,"stat.pickup.minecraft.egg":264,"stat.playOneMinute":289961,"stat.drop.minecraft.golden_pickaxe":1,"stat.killEntity.Sheep":9,"stat.craftItem.minecraft.iron_pickaxe":3,"stat.craftItem.minecraft.diamond_pickaxe":1,"stat.pickup.minecraft.golden_chestplate":1,"stat.killEntity.Zombie":14,"stat.craftItem.minecraft.dye":3,"stat.drop.minecraft.bread":3,"stat.mineBlock.minecraft.gold_ore":12,"stat.mineBlock.minecraft.tallgrass":40,"stat.fishCaught":5,"stat.diveOneCm":34044,"stat.pickup.minecraft.wheat":55,"stat.pickup.minecraft.cooked_mutton":1,"stat.chestOpened":233,"stat.pickup.minecraft.pumpkin":1,"stat.craftItem.minecraft.sign":3,"stat.pickup.minecraft.sign":9,"stat.useItem.minecraft.stone":2,"stat.pickup.minecraft.gravel":1,"stat.pickup.minecraft.arrow":463,"stat.pickup.minecraft.iron_sword":7,"stat.drop.minecraft.cooked_beef":2,"stat.pickup.minecraft.wooden_pressure_plate":1,"stat.pickup.minecraft.stone_axe":2,"stat.useItem.minecraft.apple":3,"stat.useItem.minecraft.porkchop":2,"stat.pickup.minecraft.gold_nugget":27,"stat.useItem.minecraft.potion":1,"stat.useItem.minecraft.rotten_flesh":3,"stat.pickup.minecraft.diamond_sword":3,"stat.craftItem.minecraft.diamond_sword":1,"stat.jump":2849,"stat.killEntity.SkeletonHorse":1,"stat.useItem.minecraft.sand":3,"stat.pickup.minecraft.coal":303,"stat.pickup.minecraft.iron_helmet":4,"stat.pickup.minecraft.cooked_chicken":9,"stat.pickup.minecraft.iron_ingot":50,"stat.fallOneCm":186343,"stat.useItem.minecraft.stone_axe":18,"stat.entityKilledBy.CaveSpider":3,"stat.pickup.minecraft.gunpowder":9,"stat.craftItem.minecraft.bread":20,"stat.crouchOneCm":3928,"stat.mineBlock.minecraft.chest":5,"stat.pickup.minecraft.spider_eye":10,"stat.craftItem.minecraft.torch":64,"stat.craftItem.minecraft.iron_ingot":76,"stat.craftItem.minecraft.chest":2,"stat.pickup.minecraft.dirt":157,"stat.craftItem.minecraft.iron_helmet":1,"stat.pickup.minecraft.painting":13,"stat.useItem.minecraft.cooked_chicken":1,"stat.craftingTableInteraction":79,"stat.pickup.minecraft.iron_ore":165,"stat.useItem.minecraft.glass":63,"stat.mineBlock.minecraft.wooden_pressure_plate":1,"stat.pickup.minecraft.gold_ore":39,"stat.pickup.minecraft.iron_axe":2,"stat.mineBlock.minecraft.glass_pane":5,"stat.mineBlock.minecraft.log2":7,"stat.pickup.minecraft.wooden_pickaxe":2,"stat.pickup.minecraft.leather":16,"stat.pickup.minecraft.feather":48,"stat.damageTaken":19127,"stat.drop.minecraft.bone":1,"stat.mineBlock.minecraft.torch":8,"stat.mineBlock.minecraft.furnace":9,"stat.mineBlock.minecraft.red_flower":2,"stat.useItem.minecraft.wooden_pickaxe":3,"stat.craftItem.minecraft.golden_hoe":1,"stat.useItem.minecraft.furnace":7,"stat.useItem.minecraft.reeds":14,"stat.mineBlock.minecraft.sapling":1,"stat.pickup.minecraft.log2":7,"stat.pickup.minecraft.planks":412,"stat.pickup.minecraft.iron_leggings":5,"stat.pickup.minecraft.reeds":203,"stat.killEntity.Llama":1,"stat.killEntity.CaveSpider":4,"stat.drop.minecraft.minecart":1,"stat.pickup.minecraft.bed":5,"stat.pickup.minecraft.wheat_seeds":135,"stat.pickup.minecraft.oak_stairs":11,"stat.pickup.minecraft.diamond_axe":1,"stat.pickup.minecraft.lead":1,"stat.mineBlock.minecraft.gravel":1,"stat.useItem.minecraft.stone_pickaxe":275,"stat.mineBlock.minecraft.glass":33,"stat.useItem.minecraft.stone_sword":115,"stat.craftItem.minecraft.iron_leggings":1,"stat.drop.minecraft.diamond_hoe":1,"stat.damageDealt":10351,"stat.killEntity.Rabbit":1,"stat.useItem.minecraft.wool":4,"stat.sleepInBed":2,"stat.craftItem.minecraft.oak_stairs":4,"stat.killEntity.Cow":11,"stat.mineBlock.minecraft.dirt":42,"stat.useItem.minecraft.crafting_table":5,"stat.pickup.minecraft.minecart":1,"stat.killEntity.Pig":3,"stat.craftItem.minecraft.iron_sword":1,"stat.walkOneCm":2076375,"stat.useItem.minecraft.torch":43,"stat.useItem.minecraft.bread":5,"stat.playerKills":1,"stat.useItem.minecraft.chest":4,"stat.drop.minecraft.wheat":1,"stat.pickup.minecraft.stick":22,"stat.pickup.minecraft.diamond_pickaxe":3,"stat.pickup.minecraft.crafting_table":8,"stat.useItem.minecraft.cobblestone":165,"stat.useItem.minecraft.tnt":5,"stat.craftItem.minecraft.crafting_table":4,"stat.drop.minecraft.golden_hoe":1,"stat.breakItem.minecraft.stone_pickaxe":1,"stat.minecartOneCm":12610,"stat.mineBlock.minecraft.emerald_ore":1,"stat.pickup.minecraft.compass":1,"stat.pickup.minecraft.iron_pickaxe":8,"stat.pickup.minecraft.tnt":6,"stat.drop.minecraft.carrot":11,"stat.craftItem.minecraft.gold_ingot":13,"stat.pickup.minecraft.stone":19,"stat.useItem.minecraft.spruce_stairs":4,"stat.craftItem.minecraft.iron_chestplate":1,"stat.drop.minecraft.sapling":1,"stat.pickup.minecraft.chicken":16,"stat.mineBlock.minecraft.wool":1,"stat.craftItem.minecraft.hay_block":6,"stat.pickup.minecraft.sapling":20,"stat.pickup.minecraft.wooden_door":3,"stat.craftItem.minecraft.minecart":3,"stat.pickup.minecraft.cooked_beef":2,"stat.pickup.minecraft.apple":9,"stat.useItem.minecraft.glass_pane":5,"stat.pickup.minecraft.gold_ingot":3,"stat.drop.minecraft.bow":1,"stat.killEntity.Skeleton":2,"stat.mineBlock.minecraft.tnt":5,"stat.craftItem.minecraft.bookshelf":2,"stat.mineBlock.minecraft.stonebrick":10,"stat.craftItem.minecraft.planks":40,"stat.useItem.minecraft.iron_sword":174,"stat.killEntity.Chicken":15,"stat.killEntity.Spider":4,"stat.pickup.minecraft.stone_sword":1,"stat.craftItem.minecraft.tnt":1,"stat.mobKills":80,"stat.useItem.minecraft.stonebrick":3,"stat.pickup.minecraft.book":2,"stat.craftItem.minecraft.wooden_door":6,"stat.useItem.minecraft.wooden_door":6,"stat.mineBlock.minecraft.leaves":5,"stat.craftItem.minecraft.paper":36,"stat.pickup.minecraft.torch":77,"stat.pickup.minecraft.spruce_stairs":5,"stat.pickup.minecraft.red_flower":2,"stat.sneakTime":1557,"stat.pickup.minecraft.wool":19,"stat.drop.minecraft.diamond_shovel":1,"stat.mineBlock.minecraft.hay_block":7,"stat.pickup.minecraft.yellow_flower":2,"stat.mineBlock.minecraft.stone":226,"stat.useItem.minecraft.fishing_rod":48,"stat.pickup.minecraft.chest":6}