{"stat.pickup.tconstruct.book":3,"stat.pickup.minecraft.wooden_slab":4,"stat.useItem.minecraft.iron_axe":163,"stat.leaveGame":12,"stat.mineBlock.minecraft.cobblestone":6,"stat.mineBlock.thaumcraft.ore_quartz":4,"stat.pickup.minecraft.flint":1,"stat.useItem.minecraft.diamond_sword":12,"stat.useItem.thaumcraft.salis_mundus":1,"stat.swimOneCm":12465,"stat.climbOneCm":19736,"stat.useItem.minecraft.planks":5,"stat.mineBlock.thaumcraft.ore_amber":10,"stat.mineBlock.minecraft.web":12,"stat.enderchestOpened":1,"stat.useItem.minecraft.stone_slab2":10,"stat.pickup.minecraft.rotten_flesh":2,"stat.pickup.minecraft.sand":140,"stat.pickup.minecraft.cobblestone":1330,"stat.mineBlock.minecraft.wooden_slab":2,"stat.mineBlock.chisel.limestone2":95,"stat.flyOneCm":160921,"stat.pickup.minecraft.brown_mushroom":1,"stat.mineBlock.minecraft.sand":142,"stat.useItem.chisel.limestone2":1,"stat.mineBlock.minecraft.iron_ore":146,"stat.timeSinceDeath":217663,"stat.pickup.thaumcraft.arcane_workbench":1,"stat.pickup.minecraft.mossy_cobblestone":10,"stat.craftItem.minecraft.bed":1,"stat.trappedChestTriggered":1,"stat.mineBlock.chisel.marble2":94,"stat.furnaceInteraction":8,"stat.mineBlock.minecraft.rail":26,"stat.pickup.minecraft.trapdoor":1,"stat.mineBlock.minecraft.coal_ore":255,"stat.pickup.minecraft.wooden_button":1,"stat.pickup.minecraft.string":12,"stat.craftItem.thaumcraft.thaumometer":1,"stat.useItem.minecraft.written_book":3,"stat.craftItem.tconstruct.tooltables":1,"stat.sprintOneCm":1553,"stat.useItem.minecraft.diamond_shovel":171,"stat.craftItem.minecraft.stick":142,"stat.mineBlock.mekanism.oreblock":290,"stat.mineBlock.thaumcraft.vishroom":1,"stat.drop.thaumcraft.salis_mundus":1,"stat.pickup.thaumcraft.salis_mundus":2,"stat.mineBlock.minecraft.fence":43,"stat.pickup.thaumcraft.crystal_essence":196,"stat.useItem.minecraft.diamond_pickaxe":1384,"stat.pickup.minecraft.pumpkin_seeds":1,"stat.deaths":2,"stat.mineBlock.minecraft.planks":61,"stat.drop":4,"stat.pickup.minecraft.egg":1,"stat.playOneMinute":332528,"stat.useItem.minecraft.ladder":13,"stat.useItem.tconstruct.hammer":1163,"stat.pickup.chisel.marble2":94,"stat.diveOneCm":7056,"stat.chestOpened":327,"stat.mineBlock.minecraft.mossy_cobblestone":10,"stat.killEntity.BrainyZombie":1,"stat.craftItem.minecraft.ladder":27,"stat.pickup.minecraft.sign":6,"stat.pickup.minecraft.gravel":62,"stat.pickup.tconstruct.sharpening_kit":1,"stat.jump":1426,"stat.pickup.minecraft.fence":53,"stat.pickup.minecraft.coal":271,"stat.fallOneCm":21903,"stat.pickup.minecraft.rail":40,"stat.craftItem.minecraft.torch":198,"stat.craftItem.minecraft.iron_ingot":5,"stat.pickup.minecraft.dirt":5,"stat.craftingTableInteraction":17,"stat.pickup.minecraft.iron_ore":145,"stat.mineBlock.minecraft.leaves2":4,"stat.mineBlock.minecraft.log2":46,"stat.damageTaken":1026,"stat.mineBlock.minecraft.torch":7,"stat.useItem.minecraft.reeds":17,"stat.pickup.minecraft.log2":80,"stat.pickup.minecraft.planks":61,"stat.pickup.minecraft.reeds":119,"stat.pickup.chisel.limestone2":95,"stat.mineBlock.minecraft.gravel":18,"stat.damageDealt":249,"stat.sleepInBed":6,"stat.mineBlock.minecraft.dirt":6,"stat.pickup.minecraft.minecart":5,"stat.walkOneCm":914171,"stat.useItem.minecraft.bread":13,"stat.useItem.minecraft.torch":217,"stat.pickup.minecraft.stick":24,"stat.mineBlock.thaumcraft.arcane_workbench":1,"stat.pickup.minecraft.crafting_table":1,"stat.pickup.minecraft.clay_ball":99,"stat.pickup.mekanism.oreblock":287,"stat.useItem.minecraft.cobblestone":37,"stat.craftItem.minecraft.crafting_table":1,"stat.pickup.tconstruct.pickaxe":2,"stat.mineBlock.thaumcraft.crystal_aer":13,"stat.minecartOneCm":60581,"stat.pickup.minecraft.log":30,"stat.mineBlock.thaumcraft.crystal_terra":13,"stat.pickup.minecraft.stone":232,"stat.pickup.minecraft.sapling":2,"stat.pickup.thaumcraft.vishroom":1,"stat.mineBlock.thaumcraft.crystal_ignis":9,"stat.pickup.thaumcraft.ore_cinnabar":12,"stat.craftItem.minecraft.bookshelf":1,"stat.craftItem.minecraft.planks":88,"stat.mineBlock.thaumcraft.crystal_ordo":8,"stat.pickup.minecraft.bread":2,"stat.pickup.minecraft.dark_oak_stairs":4,"stat.mobKills":1,"stat.pickup.minecraft.quartz":5,"stat.mineBlock.minecraft.leaves":2,"stat.pickup.minecraft.torch":26,"stat.pickup.minecraft.spruce_stairs":11,"stat.sneakTime":29,"stat.pickup.thaumcraft.amber":16,"stat.pickup.thaumcraft.thaumonomicon":1,"stat.drop.tconstruct.book":3,"stat.mineBlock.minecraft.stone":1553,"stat.pickup.minecraft.chest":7,"stat.mineBlock.thaumcraft.ore_cinnabar":12}