{"stat.beaconInteraction":34,"stat.useItem.minecraft.bow":144,"stat.useItem.minecraft.quartz_block":2,"stat.mineBlock.tconstruct.seared_tank":18,"stat.leaveGame":43,"stat.mineBlock.thaumcraft.ore_quartz":15,"stat.useItem.minecraft.soul_sand":2,"stat.killEntity.Blaze":7,"stat.drop.tconstruct.shovel":1,"stat.useItem.minecraft.glowstone":154,"stat.mineBlock.minecraft.sandstone":3,"stat.pickup.tconstruct.faucet":2,"stat.useItem.minecraft.planks":78,"stat.useItem.minecraft.water_bucket":8,"stat.pickup.minecraft.rotten_flesh":4,"stat.pickup.minecraft.sand":251,"stat.craftItem.mekanism.basicblock":7,"stat.pickup.minecraft.bucket":1,"stat.useItem.minecraft.rail":48,"stat.killEntity.Enderman":1,"stat.craftItem.tconstruct.casting":3,"stat.craftItem.minecraft.iron_shovel":2,"stat.mineBlock.biomesoplenty.ash_block":1,"stat.mineBlock.minecraft.sand":251,"stat.drop.minecraft.diamond":1,"stat.useItem.minecraft.spawn_egg":126,"stat.craftItem.minecraft.wooden_pickaxe":1,"stat.useItem.minecraft.iron_shovel":250,"stat.pickup.mekanismgenerators.generator":8,"stat.pickup.minecraft.double_plant":1,"stat.trappedChestTriggered":3,"stat.mineBlock.chisel.marble2":158,"stat.furnaceInteraction":75,"stat.killEntity.ZombieVillager":1,"stat.pickup.minecraft.nether_brick":26,"stat.pickup.minecraft.sponge":1,"stat.useItem.minecraft.double_plant":43,"stat.useItem.minecraft.minecart":4,"stat.pickup.minecraft.furnace":1,"stat.useItem.minecraft.stained_glass":54,"stat.useItem.minecraft.fence":29,"stat.pickup.thaumcraft.salis_mundus":1,"stat.pickup.minecraft.potion":4,"stat.useItem.minecraft.flint_and_steel":125,"stat.pickup.tconstruct.smeltery_io":5,"stat.pickup.thaumcraft.crystal_essence":366,"stat.pickup.thaumcraft.nugget":5,"stat.pickup.minecraft.emerald":3,"stat.mineBlock.minecraft.soul_sand":20,"stat.deaths":1,"stat.useItem.tconstruct.smeltery_io":1,"stat.playOneMinute":1590571,"stat.drop.minecraft.golden_pickaxe":3,"stat.pickup.minecraft.blaze_rod":4,"stat.drop.minecraft.string":6,"stat.pickup.minecraft.glass_pane":1,"stat.drop.minecraft.iron_ingot":4,"stat.pickup.chisel.marble2":156,"stat.fishCaught":2,"stat.pickup.minecraft.netherrack":1,"stat.pickup.tconstruct.seared":18,"stat.chestOpened":383,"stat.pickup.mekanism.transmitter":121,"stat.mineBlock.minecraft.dark_oak_fence":2,"stat.useItem.minecraft.stone":365,"stat.pickup.tconstruct.casting":2,"stat.mineBlock.minecraft.netherrack":3,"stat.pickup.minecraft.arrow":1,"stat.craftItem.mekanism.machineblock":13,"stat.killEntity.Ghast":1,"stat.mineBlock.tconstruct.faucet":2,"stat.drop.minecraft.iron_pickaxe":2,"stat.fallOneCm":58609,"stat.pickup.chisel.basalt2":1,"stat.crouchOneCm":55864,"stat.pickup.minecraft.rail":2,"stat.mineBlock.minecraft.chest":2,"stat.craftItem.minecraft.chest":9,"stat.craftItem.minecraft.iron_ingot":80,"stat.pickup.minecraft.milk_bucket":1,"stat.craftItem.tconstruct.pattern":16,"stat.useItem.minecraft.golden_rail":113,"stat.useItem.minecraft.dark_oak_fence":1,"stat.useItem.tconstruct.longsword":49,"stat.mineBlock.tconstruct.smeltery_io":5,"stat.pickup.minecraft.dye":100,"stat.pickup.minecraft.planks":16,"stat.pickup.chisel.limestone2":54,"stat.pickup.chisel.cobblestone":11,"stat.pickup.minecraft.wheat_seeds":1,"stat.mineBlock.minecraft.gravel":52,"stat.craftItem.tconstruct.seared_tank":5,"stat.mineBlock.minecraft.glass":4,"stat.mineBlock.minecraft.dirt":96,"stat.useItem.minecraft.iron_bars":48,"stat.useItem.minecraft.torch":300,"stat.mineBlock.mekanism.saltblock":1,"stat.drop.minecraft.rotten_flesh":2,"stat.useItem.minecraft.log":26,"stat.useItem.minecraft.cobblestone":419,"stat.craftItem.minecraft.crafting_table":5,"stat.killEntity.LavaSlime":1,"stat.minecartOneCm":383272,"stat.pickup.minecraft.log":33,"stat.pickup.mekanism.machineblock":4,"stat.pickup.minecraft.iron_pickaxe":4,"stat.mineBlock.thaumcraft.crystal_terra":50,"stat.craftItem.chisel.chisel_iron":1,"stat.useItem.minecraft.tallgrass":18,"stat.pickup.minecraft.apple":60,"stat.useItem.minecraft.glass_pane":1,"stat.craftItem.tconstruct.smeltery_controller":1,"stat.drop.minecraft.bow":3,"stat.drop.minecraft.fish":1,"stat.craftItem.minecraft.bucket":2,"stat.killEntity.ElderGuardian":1,"stat.craftItem.minecraft.planks":188,"stat.itemEnchanted":1,"stat.mineBlock.thaumcraft.crystal_ordo":2,"stat.useItem.minecraft.stonebrick":637,"stat.mineBlock.minecraft.log":32,"stat.mineBlock.mekanism.machineblock":4,"stat.useItem.minecraft.wooden_door":3,"stat.useItem.minecraft.monster_egg":109,"stat.useItem.minecraft.spruce_door":2,"stat.pickup.minecraft.red_flower":2,"stat.sneakTime":26859,"stat.pickup.thaumcraft.amber":11,"stat.mineBlock.thaumcraft.crystal_perditio":19,"stat.drop.minecraft.bucket":1,"stat.pickup.minecraft.cooked_fish":1,"stat.useItem.minecraft.wooden_axe":1,"stat.pickup.minecraft.golden_rail":2,"stat.drop.minecraft.wooden_axe":1,"stat.useItem.minecraft.fishing_rod":7,"stat.pickup.minecraft.chest":3,"stat.mineBlock.thaumcraft.ore_cinnabar":12,"stat.craftItem.minecraft.spruce_door":3,"stat.pickup.minecraft.bone":3,"stat.pickup.minecraft.redstone_torch":1,"stat.mineBlock.minecraft.cobblestone":39,"stat.useItem.minecraft.beacon":9,"stat.pickup.minecraft.flint":6,"stat.craftItem.tconstruct.faucet":2,"stat.useItem.minecraft.diamond_sword":79,"stat.swimOneCm":45162,"stat.useItem.minecraft.concrete_powder":14,"stat.climbOneCm":21989,"stat.pickup.minecraft.enchanted_book":1,"stat.mineBlock.thaumcraft.ore_amber":5,"stat.enderchestOpened":6,"stat.useItem.minecraft.redstone_torch":31,"stat.useItem.minecraft.obsidian":10,"stat.useItem.minecraft.dirt":203,"stat.useItem.minecraft.stone_slab2":2979,"stat.pickup.minecraft.bow":5,"stat.mineBlock.chisel.cobblestone":11,"stat.useItem.minecraft.red_flower":4,"stat.craftItem.minecraft.furnace":11,"stat.mineBlock.mekanism.transmitter":17,"stat.useItem.minecraft.golden_pickaxe":28,"stat.mineBlock.minecraft.obsidian":17,"stat.pickup.minecraft.cobblestone":2069,"stat.mineBlock.minecraft.clay":36,"stat.mineBlock.chisel.limestone2":56,"stat.useItem.minecraft.stone_shovel":97,"stat.flyOneCm":7942281,"stat.pickup.minecraft.sandstone":4,"stat.pickup.minecraft.soul_sand":20,"stat.useItem.chisel.cobblestone":62,"stat.pickup.minecraft.nether_brick_stairs":1,"stat.pickup.minecraft.fish":3,"stat.useItem.minecraft.cooked_beef":1,"stat.pickup.minecraft.golden_pickaxe":2,"stat.pickup.minecraft.redstone":234,"stat.useItem.mekanism.transmitter":201,"stat.mineBlock.minecraft.iron_ore":188,"stat.timeSinceDeath":468423,"stat.useItem.minecraft.sign":35,"stat.useItem.minecraft.wooden_slab":30,"stat.drop.minecraft.spider_eye":1,"stat.pickup.minecraft.mossy_cobblestone":18,"stat.mineBlock.mekanismgenerators.generator":6,"stat.useItem.minecraft.lever":2,"stat.pickup.minecraft.wooden_axe":2,"stat.pickup.minecraft.nether_wart":41,"stat.craftItem.tconstruct.seared":41,"stat.pickup.minecraft.stonebrick":112,"stat.drop.minecraft.dirt":4,"stat.pickup.mekanism.salt":4,"stat.mineBlock.minecraft.coal_ore":812,"stat.mineBlock.minecraft.nether_brick":27,"stat.killEntity.Creeper":2,"stat.craftItem.tconstruct.soil":240,"stat.drop.minecraft.spawn_egg":1,"stat.pickup.minecraft.string":6,"stat.pickup.tconstruct.smeltery_controller":1,"stat.useItem.minecraft.milk_bucket":5,"stat.craftItem.mekanism.energytablet":6,"stat.craftItem.minecraft.stone_slab2":4,"stat.useItem.minecraft.written_book":3,"stat.craftItem.tconstruct.tooltables":8,"stat.killEntity.Squid":2,"stat.sprintOneCm":311007,"stat.useItem.minecraft.diamond_block":7,"stat.craftItem.minecraft.stick":128,"stat.mineBlock.biomesoplenty.grass":3,"stat.mineBlock.mekanism.oreblock":337,"stat.pickup.biomesoplenty.ash":4,"stat.drop.minecraft.potion":3,"stat.useItem.minecraft.stone_slab":67,"stat.useItem.minecraft.diamond_pickaxe":4248,"stat.useItem.minecraft.bucket":4,"stat.useItem.tconstruct.seared_tank":10,"stat.pickup.minecraft.spawn_egg":2,"stat.drop":76,"stat.mineBlock.thaumcraft.crystal_aqua":11,"stat.useItem.minecraft.wooden_sword":3,"stat.killEntity.Sheep":1,"stat.useItem.minecraft.diamond_ore":2,"stat.useItem.minecraft.ladder":1,"stat.useItem.tconstruct.seared":46,"stat.pickup.minecraft.golden_chestplate":1,"stat.killEntity.Zombie":8,"stat.craftItem.minecraft.clay":37,"stat.mineBlock.minecraft.gold_ore":32,"stat.diveOneCm":80553,"stat.pickup.tconstruct.tooltables":2,"stat.mineBlock.minecraft.mossy_cobblestone":18,"stat.pickup.tconstruct.toolforge":1,"stat.pickup.minecraft.sign":2,"stat.drop.minecraft.wooden_pickaxe":1,"stat.pickup.minecraft.gravel":71,"stat.mineBlock.tconstruct.smeltery_controller":1,"stat.useItem.minecraft.apple":41,"stat.pickup.minecraft.obsidian":15,"stat.useItem.minecraft.potion":21,"stat.useItem.minecraft.stained_glass_pane":7,"stat.pickup.minecraft.stone_brick_stairs":2,"stat.drop.minecraft.apple":6,"stat.pickup.minecraft.diamond_sword":1,"stat.useItem.minecraft.bedrock":53,"stat.jump":4474,"stat.pickup.minecraft.coal":1747,"stat.pickup.minecraft.iron_ingot":8,"stat.useItem.tconstruct.tooltables":1,"stat.pickup.tconstruct.seared_tank":18,"stat.mineBlock.mekanism.boundingblock":2,"stat.craftItem.mekanism.transmitter":160,"stat.pickup.minecraft.spider_eye":1,"stat.craftItem.minecraft.torch":376,"stat.pickup.minecraft.dirt":109,"stat.pickup.thaumcraft.caster_basic":1,"stat.pickup.minecraft.iron_ore":184,"stat.useItem.minecraft.glass":95,"stat.pickup.minecraft.stone_shovel":1,"stat.pickup.minecraft.gold_ore":32,"stat.mineBlock.minecraft.lapis_ore":8,"stat.craftItem.minecraft.flint_and_steel":2,"stat.mineBlock.tconstruct.tooltables":2,"stat.damageTaken":762,"stat.pickup.minecraft.leather":1,"stat.useItem.minecraft.stone_brick_stairs":16,"stat.pickup.minecraft.written_book":1,"stat.mineBlock.minecraft.furnace":1,"stat.mineBlock.minecraft.torch":16,"stat.useItem.minecraft.gold_block":38,"stat.dispenserInspected":4,"stat.useItem.minecraft.wooden_pickaxe":3,"stat.pickup.minecraft.dark_oak_fence":2,"stat.pickup.minecraft.prismarine_shard":2,"stat.pickup.minecraft.reeds":62,"stat.killEntity.CaveSpider":2,"stat.pickup.minecraft.bed":1,"stat.pickup.minecraft.diamond_axe":1,"stat.pickup.minecraft.stained_glass":1,"stat.damageDealt":7551,"stat.craftItem.minecraft.glass":128,"stat.sleepInBed":4,"stat.mineBlock.minecraft.nether_brick_stairs":1,"stat.killEntity.Silverfish":15,"stat.killEntity.Cow":2,"stat.pickup.minecraft.minecart":10,"stat.killEntity.Pig":6,"stat.useItem.minecraft.cyan_glazed_terracotta":1,"stat.craftItem.minecraft.stone_shovel":1,"stat.useItem.tconstruct.shovel":43,"stat.walkOneCm":3445479,"stat.playerKills":8,"stat.useItem.minecraft.chest":5,"stat.craftItem.tconstruct.smeltery_io":2,"stat.pickup.minecraft.diamond_pickaxe":1,"stat.pickup.mekanism.oreblock":332,"stat.pickup.minecraft.clay_ball":144,"stat.useItem.minecraft.emerald_block":32,"stat.useItem.minecraft.lava_bucket":287,"stat.craftItem.mekanism.ingot":132,"stat.mineBlock.chisel.basalt2":6,"stat.drop.minecraft.diamond_axe":1,"stat.craftItem.mekanismgenerators.generator":4,"stat.useItem.minecraft.spruce_stairs":27,"stat.pickup.minecraft.stone":201,"stat.pickup.minecraft.ladder":88,"stat.pickup.minecraft.cooked_beef":1,"stat.killEntity.Skeleton":3,"stat.pickup.thaumcraft.ore_cinnabar":12,"stat.killEntity.Chicken":1,"stat.useItem.minecraft.iron_block":38,"stat.killEntity.Spider":4,"stat.pickup.minecraft.dark_oak_stairs":1,"stat.mobKills":108,"stat.pickup.minecraft.quartz":33,"stat.pickup.minecraft.diamond":2,"stat.mineBlock.minecraft.leaves":9,"stat.pickup.minecraft.torch":37,"stat.mineBlock.tconstruct.seared":18,"stat.mineBlock.minecraft.redstone_ore":35,"stat.mineBlock.tconstruct.casting":2,"stat.craftItem.mekanism.controlcircuit":4,"stat.pickup.thaumcraft.thaumonomicon":1,"stat.mineBlock.minecraft.stone":2310,"stat.useItem.tconstruct.hatchet":11,"stat.useItem.minecraft.sandstone":1}