{
  "ident": "(0caa1425-e0ec-3150-9027-9b06a72d572e|azathoth)",
  "home": {
    "dim": 10,
    "pitch": 19.23396,
    "yaw": 346.4265,
    "xd": 3193.136966734717,
    "yd": 101.5,
    "zd": -2053.654421908623
  },
  "lastTeleportOrigin": {
    "dim": 10,
    "pitch": 19.200087,
    "yaw": 13.264404,
    "xd": 3248.624461175648,
    "yd": 29.0,
    "zd": -2066.699999988079
  },
  "lastTeleportTime": 1546112392501,
  "selDim": 0,
  "inventoryGroups": {},
  "modInventoryGroups": {},
  "activeInventoryGroup": "default",
  "timePlayed": 16610580,
  "firstLogin": "Dec 29, 2018 1:15:26 AM",
  "lastLogin": "Dec 29, 2018 6:44:10 PM",
  "lastLogout": "Dec 29, 2018 7:57:22 PM",
  "namedTimeout": {}
}