{
  "ident": "(6220dacd-98ba-3371-873c-baac80c0b989|PheleanorPhil)",
  "home": {
    "dim": 10,
    "pitch": 6.7500176,
    "yaw": 64.43121,
    "xd": 3021.3302074554986,
    "yd": 76.0,
    "zd": -1923.919529801809
  },
  "lastTeleportOrigin": {
    "dim": 10,
    "pitch": -4.500102,
    "yaw": 195.08606,
    "xd": 2961.4178989984375,
    "yd": 11.0,
    "zd": -1921.699999988079
  },
  "lastTeleportTime": 1546131946199,
  "selDim": 0,
  "inventoryGroups": {},
  "modInventoryGroups": {},
  "activeInventoryGroup": "default",
  "timePlayed": 20848580,
  "firstLogin": "Dec 29, 2018 11:18:38 AM",
  "lastLogin": "Dec 29, 2018 11:28:18 PM",
  "lastLogout": "Dec 30, 2018 1:08:22 AM",
  "namedTimeout": {}
}