{"stat.chestOpened":7,"stat.killEntity.Skeleton":1,"stat.walkOneCm":214606,"stat.pickup.minecraft.spruce_door":1,"stat.entityKilledBy.Spider":1,"stat.pickup.minecraft.sign":5,"stat.useItem.minecraft.iron_sword":4,"stat.pickup.tconstruct.slime_channel":6,"stat.leaveGame":4,"stat.useItem.minecraft.flint_and_steel":2,"stat.pickup.minecraft.arrow":2,"stat.damageTaken":270,"stat.mineBlock.tconstruct.slime_channel":7,"stat.mobKills":1,"stat.flyOneCm":62518,"stat.deaths":1,"stat.jump":389,"stat.mineBlock.minecraft.leaves":2,"stat.swimOneCm":3081,"stat.playOneMinute":50017,"stat.fallOneCm":9582,"stat.climbOneCm":3653,"stat.sneakTime":65,"stat.damageDealt":160,"stat.crouchOneCm":358,"stat.timeSinceDeath":3343,"stat.sprintOneCm":51400,"stat.useItem.minecraft.sign":1,"stat.useItem.minecraft.stone_slab2":8,"stat.pickup.minecraft.bow":1,"stat.diveOneCm":6915}