{
  "ident": "(c28ccb0e-b019-3d7f-8773-8a5d1a54f65f|Doggy)",
  "home": {
    "dim": 10,
    "pitch": 16.98383,
    "yaw": 112.58081,
    "xd": 3363.3889873813064,
    "yd": 78.0,
    "zd": -2102.2771773671207
  },
  "lastTeleportOrigin": {
    "dim": -1,
    "pitch": 19.200031,
    "yaw": -91.33886,
    "xd": 461.33751497887357,
    "yd": 58.0,
    "zd": -254.1691304735811
  },
  "lastTeleportTime": 1546115627852,
  "selDim": 0,
  "inventoryGroups": {},
  "modInventoryGroups": {},
  "activeInventoryGroup": "default",
  "timePlayed": 21926030,
  "firstLogin": "Dec 29, 2018 10:11:35 AM",
  "lastLogin": "Dec 29, 2018 8:30:52 PM",
  "lastLogout": "Dec 29, 2018 8:39:51 PM",
  "namedTimeout": {}
}