{
  "ident": "(e76fdb64-ec16-34b1-a93b-680c213f0fc1|KrysiAutismus)",
  "home": {
    "dim": 10,
    "pitch": 7.94978,
    "yaw": 90.499115,
    "xd": 3223.4678499348897,
    "yd": 71.0,
    "zd": -2009.8555173536383
  },
  "lastTeleportOrigin": {
    "dim": 10,
    "pitch": 15.90004,
    "yaw": 263.90112,
    "xd": 3210.504995499937,
    "yd": 76.5,
    "zd": -2007.3161188589645
  },
  "lastTeleportTime": 1546114027300,
  "selDim": 0,
  "inventoryGroups": {},
  "modInventoryGroups": {},
  "activeInventoryGroup": "default",
  "timePlayed": 14193703,
  "firstLogin": "Dec 29, 2018 9:49:34 AM",
  "lastLogin": "Dec 29, 2018 8:14:49 PM",
  "lastLogout": "Dec 29, 2018 8:23:05 PM",
  "namedTimeout": {}
}