{
  "ident": "(53e2aac2-be0a-327c-90b4-0f85886d2a47|Sethrak)",
  "lastTeleportOrigin": {
    "dim": 0,
    "pitch": 7.049989,
    "yaw": -44.468384,
    "xd": 3408.6741247852133,
    "yd": 86.0,
    "zd": -2295.485018930278
  },
  "lastTeleportTime": 1546084233084,
  "selDim": 0,
  "inventoryGroups": {},
  "modInventoryGroups": {},
  "activeInventoryGroup": "default",
  "timePlayed": 1208097,
  "firstLogin": "Dec 29, 2018 10:24:05 AM",
  "lastLogin": "Dec 29, 2018 11:41:50 AM",
  "lastLogout": "Dec 29, 2018 11:55:49 AM",
  "namedTimeout": {}
}