{"stat.useItem.minecraft.bow":127,"stat.pickup.minecraft.bone":21,"stat.useItem.minecraft.quartz_block":95,"stat.pickup.minecraft.redstone_torch":16,"stat.pickup.minecraft.stone_pressure_plate":1,"stat.drop.conarm.book":1,"stat.useItem.minecraft.repeater":31,"stat.leaveGame":21,"stat.pickup.minecraft.stone_pickaxe":1,"stat.pickup.minecraft.flint":4,"stat.useItem.minecraft.diamond_sword":29,"stat.swimOneCm":56893,"stat.climbOneCm":11074,"stat.useItem.minecraft.planks":44,"stat.pickup.minecraft.enchanted_book":1,"stat.pickup.minecraft.porkchop":13,"stat.enderchestOpened":1,"stat.useItem.minecraft.redstone_torch":36,"stat.pickup.minecraft.sticky_piston":1,"stat.useItem.minecraft.dirt":44,"stat.useItem.minecraft.stone_slab2":6,"stat.pickup.minecraft.bow":21,"stat.pickup.minecraft.iron_boots":3,"stat.useItem.minecraft.water_bucket":52,"stat.pickup.minecraft.rotten_flesh":54,"stat.useItem.twilightforest.giant_sword":2,"stat.pickup.minecraft.splash_potion":4,"stat.pickup.minecraft.observer":4,"stat.useItem.minecraft.rail":4,"stat.pickup.minecraft.cobblestone":115,"stat.flyOneCm":8329013,"stat.pickup.minecraft.golden_pickaxe":1,"stat.pickup.minecraft.redstone":33,"stat.timeSinceDeath":12623,"stat.pickup.twilightforest.glass_sword":1,"stat.useItem.minecraft.sign":11,"stat.useItem.thaumcraft.elemental_sword":1,"stat.pickup.minecraft.mutton":4,"stat.useItem.minecraft.iron_door":5,"stat.pickup.minecraft.double_plant":7,"stat.useItem.minecraft.lever":27,"stat.pickup.minecraft.wooden_axe":4,"stat.useItem.minecraft.oak_stairs":15,"stat.killEntity.ZombieVillager":1,"stat.pickup.minecraft.wooden_button":1,"stat.killEntity.Creeper":2,"stat.pickup.minecraft.string":2,"stat.pickup.minecraft.beef":14,"stat.useItem.minecraft.redstone":226,"stat.pickup.minecraft.totem_of_undying":4,"stat.killEntity.Squid":2,"stat.useItem.minecraft.trapdoor":2,"stat.sprintOneCm":248065,"stat.useItem.minecraft.stained_glass":69,"stat.pickup.minecraft.iron_chestplate":3,"stat.useItem.minecraft.dark_oak_door":2,"stat.useItem.minecraft.stone_slab":46,"stat.useItem.minecraft.bed":2,"stat.useItem.twilightforest.ice_sword":6,"stat.useItem.twilightforest.triple_bow":6,"stat.pickup.minecraft.lever":4,"stat.deaths":6,"stat.drop":96,"stat.pickup.minecraft.egg":3,"stat.playOneMinute":932916,"stat.drop.minecraft.golden_pickaxe":1,"stat.killEntity.Sheep":15,"stat.pickup.minecraft.clock":1,"stat.killEntity.Zombie":3,"stat.pickup.minecraft.item_frame":3,"stat.mineBlock.minecraft.tallgrass":1,"stat.diveOneCm":55177,"stat.chestOpened":25,"stat.useItem.minecraft.splash_potion":15,"stat.useItem.minecraft.sticky_piston":49,"stat.pickup.minecraft.sign":8,"stat.useItem.minecraft.stone":854,"stat.useItem.minecraft.jungle_fence":4,"stat.pickup.minecraft.gravel":12,"stat.pickup.minecraft.arrow":23,"stat.pickup.minecraft.iron_sword":3,"stat.pickup.minecraft.diamond_sword":2,"stat.jump":4088,"stat.pickup.minecraft.coal":7,"stat.pickup.minecraft.iron_helmet":3,"stat.fallOneCm":79543,"stat.pickup.minecraft.gunpowder":2,"stat.crouchOneCm":571,"stat.pickup.minecraft.spider_eye":8,"stat.useItem.minecraft.stone_button":3,"stat.pickup.minecraft.dirt":6,"stat.pickup.minecraft.iron_ore":55,"stat.useItem.minecraft.glass":249,"stat.useItem.minecraft.redstone_lamp":34,"stat.pickup.minecraft.iron_axe":1,"stat.useItem.minecraft.golden_rail":7,"stat.damageTaken":4640,"stat.pickup.minecraft.leather":16,"stat.useItem.minecraft.dark_oak_fence":3,"stat.pickup.minecraft.feather":8,"stat.useItem.minecraft.stone_brick_stairs":15,"stat.useItem.minecraft.acacia_door":2,"stat.pickup.minecraft.planks":1,"stat.pickup.minecraft.iron_leggings":3,"stat.killEntity.Llama":1,"stat.killEntity.CaveSpider":1,"stat.damageDealt":6275,"stat.useItem.minecraft.wool":119,"stat.killEntity.Cow":4,"stat.pickup.minecraft.minecart":4,"stat.mineBlock.minecraft.dirt":1,"stat.killEntity.Pig":8,"stat.walkOneCm":1660443,"stat.useItem.minecraft.torch":10,"stat.useItem.minecraft.chest":30,"stat.playerKills":1,"stat.useItem.minecraft.observer":2,"stat.pickup.minecraft.spectral_arrow":103,"stat.useItem.minecraft.comparator":9,"stat.minecartOneCm":605028,"stat.pickup.minecraft.log":1,"stat.useItem.mekanism.electricbow":8,"stat.useItem.minecraft.item_frame":24,"stat.pickup.minecraft.stone":1,"stat.pickup.minecraft.chicken":7,"stat.useItem.twilightforest.glass_sword":11,"stat.pickup.minecraft.sapling":1,"stat.killEntity.Skeleton":10,"stat.useItem.thaumcraft.void_sword":1,"stat.useItem.minecraft.iron_sword":6,"stat.killEntity.Chicken":16,"stat.itemEnchanted":7,"stat.pickup.minecraft.diamond_helmet":4,"stat.useItem.minecraft.iron_block":57,"stat.killEntity.Spider":6,"stat.pickup.minecraft.bread":3,"stat.mobKills":70,"stat.useItem.minecraft.stonebrick":67,"stat.mineBlock.minecraft.log":1,"stat.drop.minecraft.written_book":1,"stat.pickup.minecraft.iron_door":6,"stat.pickup.minecraft.diamond":3,"stat.useItem.minecraft.writable_book":2,"stat.pickup.minecraft.torch":13,"stat.sneakTime":4308,"stat.pickup.minecraft.wool":2,"stat.drop.minecraft.quartz_block":1,"stat.useItem.minecraft.wooden_axe":5,"stat.pickup.minecraft.golden_rail":56}