{"stat.useItem.minecraft.bow":25,"stat.leaveGame":14,"stat.useItem.minecraft.bookshelf":1,"stat.useItem.minecraft.soul_sand":19,"stat.killEntity.Blaze":2,"stat.killEntity.PigZombie":5,"stat.useItem.minecraft.planks":34,"stat.pickup.minecraft.glowstone_dust":42,"stat.entityKilledBy.PigZombie":1,"stat.pickup.minecraft.porkchop":10,"stat.mineBlock.minecraft.red_mushroom":2,"stat.useItem.minecraft.water_bucket":21,"stat.pickup.minecraft.rotten_flesh":18,"stat.mineBlock.minecraft.nether_brick_fence":4,"stat.pickup.minecraft.sand":719,"stat.entityKilledBy.Spider":1,"stat.pickup.minecraft.bucket":2,"stat.mineBlock.minecraft.snow_layer":48,"stat.useItem.minecraft.ender_pearl":1,"stat.craftItem.minecraft.iron_shovel":2,"stat.mineBlock.minecraft.sand":399,"stat.mineBlock.biomesoplenty.ash_block":51,"stat.killEntity.Witch":1,"stat.drop.minecraft.sand":337,"stat.craftItem.minecraft.wooden_hoe":1,"stat.drop.minecraft.tnt":1,"stat.useItem.minecraft.fence_gate":16,"stat.useItem.minecraft.iron_pickaxe":144,"stat.useItem.minecraft.spawn_egg":3,"stat.useItem.minecraft.iron_shovel":288,"stat.pickup.minecraft.double_plant":12,"stat.craftItem.minecraft.bed":1,"stat.craftItem.minecraft.glass_pane":96,"stat.mineBlock.chisel.marble2":1,"stat.useItem.minecraft.oak_stairs":14,"stat.furnaceInteraction":57,"stat.useItem.minecraft.nether_wart":20,"stat.killEntity.ZombieVillager":3,"stat.pickup.minecraft.wooden_button":1,"stat.pickup.minecraft.nether_brick":25,"stat.drop.minecraft.red_flower":10,"stat.pickup.minecraft.fence_gate":18,"stat.useItem.minecraft.double_plant":5,"stat.pickup.minecraft.beef":4,"stat.useItem.minecraft.cooked_mutton":9,"stat.mineBlock.minecraft.wooden_button":1,"stat.useItem.minecraft.redstone":4,"stat.useItem.minecraft.trapdoor":2,"stat.pickup.minecraft.iron_chestplate":1,"stat.useItem.minecraft.fence":254,"stat.mineBlock.minecraft.fence":59,"stat.craftItem.minecraft.fence_gate":9,"stat.useItem.minecraft.wheat_seeds":91,"stat.useItem.minecraft.dye":16,"stat.mineBlock.minecraft.soul_sand":20,"stat.mineBlock.minecraft.oak_stairs":11,"stat.deaths":4,"stat.pickup.minecraft.egg":482,"stat.playOneMinute":672467,"stat.pickup.minecraft.blaze_rod":1,"stat.craftItem.minecraft.iron_pickaxe":1,"stat.pickup.chisel.marble2":1,"stat.mineBlock.minecraft.tallgrass":11,"stat.craftItem.minecraft.cooked_mutton":3,"stat.pickup.minecraft.netherrack":45,"stat.pickup.minecraft.cooked_mutton":2,"stat.chestOpened":359,"stat.craftItem.minecraft.sign":6,"stat.recordPlayed":1,"stat.useItem.minecraft.stone":3,"stat.mineBlock.minecraft.netherrack":50,"stat.pickup.minecraft.arrow":11,"stat.pickup.minecraft.wooden_pressure_plate":3,"stat.killEntity.Ghast":2,"stat.pickup.minecraft.gold_nugget":2,"stat.drop.minecraft.iron_pickaxe":2,"stat.pickup.minecraft.cooked_chicken":1,"stat.fallOneCm":67989,"stat.drop.minecraft.stone":47,"stat.pickup.minecraft.carrot":76,"stat.drop.minecraft.stone_sword":8,"stat.crouchOneCm":52630,"stat.mineBlock.minecraft.chest":8,"stat.craftItem.minecraft.chest":8,"stat.craftItem.minecraft.iron_ingot":31,"stat.pickup.minecraft.red_mushroom":3,"stat.craftingTableInteraction":71,"stat.mineBlock.minecraft.wooden_pressure_plate":2,"stat.pickup.minecraft.nether_brick_fence":3,"stat.drop.minecraft.double_plant":6,"stat.pickup.minecraft.feather":2,"stat.craftItem.minecraft.wooden_button":1,"stat.useItem.minecraft.furnace":2,"stat.useItem.minecraft.reeds":25,"stat.pickup.minecraft.dye":20,"stat.pickup.minecraft.planks":120,"stat.pickup.minecraft.iron_leggings":1,"stat.pickup.minecraft.wheat_seeds":171,"stat.mineBlock.minecraft.gravel":91,"stat.useItem.minecraft.stone_pickaxe":674,"stat.breakItem.minecraft.stone_axe":3,"stat.useItem.minecraft.stone_sword":99,"stat.craftItem.minecraft.iron_leggings":1,"stat.useItem.minecraft.wool":1,"stat.craftItem.minecraft.oak_stairs":4,"stat.mineBlock.minecraft.dirt":1100,"stat.drop.minecraft.stick":2,"stat.useItem.minecraft.torch":66,"stat.useItem.minecraft.bread":2,"stat.mineBlock.mekanism.saltblock":24,"stat.useItem.minecraft.log":271,"stat.useItem.minecraft.cobblestone":245,"stat.craftItem.minecraft.crafting_table":5,"stat.useItem.minecraft.gravel":17,"stat.mineBlock.minecraft.double_plant":7,"stat.minecartOneCm":7522,"stat.pickup.minecraft.log":495,"stat.pickup.minecraft.iron_pickaxe":2,"stat.drop.minecraft.planks":3,"stat.pickup.minecraft.chicken":2,"stat.pickup.minecraft.sapling":60,"stat.pickup.minecraft.wooden_door":5,"stat.pickup.minecraft.apple":2,"stat.useItem.minecraft.glass_pane":97,"stat.breakItem.minecraft.stone_shovel":7,"stat.craftItem.minecraft.planks":436,"stat.itemEnchanted":2,"stat.killEntity.WitherSkeleton":2,"stat.pickup.minecraft.stone_sword":2,"stat.useItem.minecraft.wooden_pressure_plate":5,"stat.useItem.minecraft.stonebrick":12,"stat.pickup.minecraft.book":6,"stat.mineBlock.minecraft.log":456,"stat.craftItem.minecraft.wooden_door":3,"stat.craftItem.minecraft.cooked_chicken":2,"stat.useItem.minecraft.stone_hoe":20,"stat.useItem.minecraft.wooden_door":5,"stat.craftItem.minecraft.paper":3,"stat.pickup.minecraft.red_flower":30,"stat.sneakTime":17025,"stat.pickup.thaumcraft.amber":1,"stat.pickup.minecraft.wool":16,"stat.drop.minecraft.yellow_flower":4,"stat.pickup.minecraft.yellow_flower":14,"stat.pickup.minecraft.chest":8,"stat.craftItem.minecraft.enchanting_table":1,"stat.drop.minecraft.stone_pickaxe":6,"stat.pickup.minecraft.bone":17,"stat.drop.minecraft.sugar":1,"stat.drop.minecraft.stone_shovel":5,"stat.mineBlock.minecraft.cobblestone":142,"stat.pickup.minecraft.stone_pickaxe":3,"stat.pickup.minecraft.flint":12,"stat.drop.minecraft.red_mushroom":2,"stat.mineBlock.minecraft.yellow_flower":12,"stat.useItem.minecraft.diamond_sword":426,"stat.swimOneCm":96181,"stat.climbOneCm":7948,"stat.mineBlock.thaumcraft.ore_amber":1,"stat.mineBlock.minecraft.spruce_stairs":1,"stat.pickup.minecraft.cooked_porkchop":11,"stat.craftItem.minecraft.arrow":32,"stat.useItem.minecraft.obsidian":17,"stat.useItem.minecraft.dirt":1392,"stat.useItem.minecraft.stone_slab2":55,"stat.pickup.minecraft.iron_boots":1,"stat.craftItem.minecraft.furnace":2,"stat.useItem.minecraft.egg":482,"stat.pickup.minecraft.enchanting_table":2,"stat.craftItem.minecraft.iron_boots":1,"stat.craftItem.minecraft.trapdoor":4,"stat.mineBlock.minecraft.obsidian":43,"stat.pickup.minecraft.cobblestone":979,"stat.craftItem.minecraft.bow":1,"stat.drop.minecraft.fence":5,"stat.mineBlock.minecraft.clay":11,"stat.useItem.minecraft.stone_shovel":1218,"stat.flyOneCm":370341,"stat.pickup.minecraft.soul_sand":20,"stat.useItem.minecraft.cooked_beef":17,"stat.pickup.minecraft.redstone":12,"stat.mineBlock.minecraft.iron_ore":57,"stat.craftItem.minecraft.book":1,"stat.timeSinceDeath":64989,"stat.useItem.minecraft.sign":16,"stat.drop.minecraft.log":24,"stat.pickup.minecraft.mutton":7,"stat.drop.minecraft.coal":2,"stat.useItem.minecraft.potato":6,"stat.pickup.minecraft.nether_wart":24,"stat.pickup.minecraft.stonebrick":46,"stat.mineBlock.minecraft.enchanting_table":2,"stat.drop.minecraft.dirt":1,"stat.useItem.minecraft.cooked_porkchop":11,"stat.pickup.mekanism.salt":45,"stat.mineBlock.minecraft.coal_ore":61,"stat.mineBlock.minecraft.nether_brick":24,"stat.killEntity.Creeper":4,"stat.craftItem.minecraft.stone_hoe":1,"stat.pickup.minecraft.string":17,"stat.entityKilledBy.Skeleton":2,"stat.killEntity.Squid":3,"stat.sprintOneCm":1459021,"stat.craftItem.minecraft.stick":232,"stat.pickup.biomesoplenty.ash":157,"stat.mineBlock.mekanism.oreblock":31,"stat.drop.minecraft.stone_hoe":1,"stat.useItem.minecraft.bed":3,"stat.craftItem.minecraft.stone":56,"stat.useItem.minecraft.snowball":96,"stat.mineBlock.minecraft.diamond_ore":6,"stat.useItem.minecraft.diamond_pickaxe":365,"stat.useItem.minecraft.carrot":31,"stat.drop.minecraft.lava_bucket":1,"stat.craftItem.minecraft.wooden_pressure_plate":9,"stat.useItem.minecraft.bucket":4,"stat.pickup.minecraft.sugar":4,"stat.mineBlock.minecraft.planks":51,"stat.drop":86,"stat.killEntity.Sheep":2,"stat.craftItem.minecraft.diamond_pickaxe":1,"stat.killEntity.Zombie":15,"stat.craftItem.minecraft.dye":24,"stat.pickup.minecraft.snowball":96,"stat.diveOneCm":169824,"stat.drop.minecraft.diamond_pickaxe":5,"stat.pickup.minecraft.wheat":67,"stat.pickup.minecraft.sign":12,"stat.pickup.minecraft.gravel":96,"stat.craftItem.minecraft.cooked_porkchop":3,"stat.pickup.minecraft.stone_axe":3,"stat.useItem.minecraft.apple":2,"stat.pickup.minecraft.obsidian":60,"stat.pickup.minecraft.diamond_sword":2,"stat.craftItem.minecraft.diamond_sword":1,"stat.jump":4359,"stat.useItem.minecraft.sand":44,"stat.pickup.minecraft.fence":143,"stat.useItem.minecraft.wooden_hoe":13,"stat.pickup.minecraft.coal":119,"stat.pickup.minecraft.iron_helmet":1,"stat.pickup.minecraft.iron_ingot":1,"stat.useItem.minecraft.stone_axe":706,"stat.craftItem.minecraft.bread":12,"stat.pickup.minecraft.gunpowder":4,"stat.pickup.minecraft.spider_eye":8,"stat.craftItem.minecraft.torch":36,"stat.pickup.minecraft.dirt":2242,"stat.craftItem.minecraft.iron_helmet":1,"stat.useItem.minecraft.cooked_chicken":11,"stat.pickup.minecraft.iron_ore":57,"stat.pickup.minecraft.stone_shovel":1,"stat.useItem.minecraft.sapling":25,"stat.mineBlock.minecraft.lapis_ore":3,"stat.pickup.minecraft.leaves":49,"stat.mineBlock.minecraft.glass_pane":5,"stat.damageTaken":3722,"stat.pickup.minecraft.leather":1,"stat.mineBlock.minecraft.red_flower":12,"stat.mineBlock.minecraft.torch":17,"stat.mineBlock.minecraft.sapling":1,"stat.pickup.minecraft.reeds":99,"stat.killEntity.CaveSpider":7,"stat.pickup.minecraft.bed":2,"stat.mineBlock.minecraft.fence_gate":10,"stat.pickup.minecraft.potato":5,"stat.pickup.minecraft.oak_stairs":17,"stat.damageDealt":11655,"stat.craftItem.minecraft.glass":15,"stat.sleepInBed":2,"stat.killEntity.Cow":2,"stat.useItem.minecraft.crafting_table":3,"stat.killEntity.Pig":2,"stat.craftItem.minecraft.stone_shovel":2,"stat.walkOneCm":2729492,"stat.animalsBred":55,"stat.useItem.minecraft.chest":16,"stat.playerKills":1,"stat.pickup.minecraft.stick":2,"stat.pickup.minecraft.diamond_pickaxe":6,"stat.pickup.minecraft.clay_ball":72,"stat.pickup.mekanism.oreblock":31,"stat.breakItem.minecraft.stone_pickaxe":4,"stat.pickup.minecraft.tnt":1,"stat.pickup.minecraft.stone":153,"stat.craftItem.minecraft.iron_chestplate":1,"stat.mineBlock.minecraft.wool":1,"stat.killEntity.Skeleton":11,"stat.mineBlock.minecraft.tnt":1,"stat.craftItem.minecraft.bookshelf":2,"stat.mineBlock.minecraft.stonebrick":42,"stat.killEntity.Chicken":2,"stat.killEntity.Spider":9,"stat.mineBlock.minecraft.glowstone":20,"stat.mobKills":73,"stat.mineBlock.minecraft.bookshelf":2,"stat.craftItem.minecraft.shears":2,"stat.craftItem.minecraft.fence":237,"stat.pickup.minecraft.diamond":6,"stat.mineBlock.minecraft.leaves":192,"stat.pickup.minecraft.torch":27,"stat.pickup.minecraft.spruce_stairs":2,"stat.mineBlock.minecraft.redstone_ore":2,"stat.drop.minecraft.stone_axe":5,"stat.mineBlock.minecraft.stone":702}