{"stat.pickup.tconstruct.book":1,"stat.chestOpened":164,"stat.mineBlock.minecraft.mossy_cobblestone":10,"stat.pickup.minecraft.wooden_slab":4,"stat.killEntity.BrainyZombie":1,"stat.craftItem.minecraft.ladder":27,"stat.pickup.minecraft.sign":6,"stat.useItem.minecraft.iron_axe":131,"stat.leaveGame":10,"stat.pickup.minecraft.gravel":48,"stat.mineBlock.minecraft.cobblestone":4,"stat.useItem.minecraft.diamond_sword":10,"stat.jump":781,"stat.swimOneCm":9460,"stat.pickup.minecraft.fence":30,"stat.pickup.minecraft.coal":114,"stat.fallOneCm":15091,"stat.climbOneCm":2827,"stat.useItem.minecraft.planks":5,"stat.mineBlock.thaumcraft.ore_amber":1,"stat.mineBlock.minecraft.web":10,"stat.enderchestOpened":1,"stat.pickup.minecraft.rail":21,"stat.craftItem.minecraft.torch":124,"stat.pickup.minecraft.dirt":3,"stat.useItem.minecraft.stone_slab2":4,"stat.craftingTableInteraction":10,"stat.pickup.minecraft.iron_ore":35,"stat.pickup.minecraft.rotten_flesh":2,"stat.pickup.minecraft.sand":140,"stat.mineBlock.minecraft.leaves2":4,"stat.mineBlock.minecraft.log2":46,"stat.damageTaken":890,"stat.mineBlock.minecraft.torch":2,"stat.useItem.minecraft.reeds":1,"stat.pickup.minecraft.cobblestone":279,"stat.mineBlock.minecraft.wooden_slab":2,"stat.pickup.minecraft.log2":80,"stat.pickup.minecraft.planks":42,"stat.pickup.minecraft.reeds":62,"stat.mineBlock.chisel.limestone2":25,"stat.pickup.chisel.limestone2":25,"stat.flyOneCm":160577,"stat.mineBlock.minecraft.sand":142,"stat.useItem.chisel.limestone2":1,"stat.mineBlock.minecraft.gravel":3,"stat.damageDealt":249,"stat.mineBlock.minecraft.iron_ore":35,"stat.sleepInBed":5,"stat.timeSinceDeath":70669,"stat.mineBlock.minecraft.dirt":4,"stat.pickup.minecraft.minecart":1,"stat.pickup.minecraft.mossy_cobblestone":10,"stat.walkOneCm":508392,"stat.craftItem.minecraft.bed":1,"stat.useItem.minecraft.bread":9,"stat.useItem.minecraft.torch":78,"stat.trappedChestTriggered":1,"stat.pickup.minecraft.stick":24,"stat.mineBlock.chisel.marble2":16,"stat.pickup.minecraft.crafting_table":1,"stat.pickup.minecraft.clay_ball":99,"stat.pickup.mekanism.oreblock":108,"stat.useItem.minecraft.cobblestone":11,"stat.furnaceInteraction":8,"stat.mineBlock.minecraft.rail":20,"stat.pickup.tconstruct.pickaxe":1,"stat.pickup.minecraft.trapdoor":1,"stat.mineBlock.minecraft.coal_ore":97,"stat.pickup.minecraft.wooden_button":1,"stat.minecartOneCm":60581,"stat.pickup.minecraft.string":10,"stat.pickup.minecraft.log":30,"stat.mineBlock.thaumcraft.crystal_terra":12,"stat.pickup.minecraft.stone":34,"stat.pickup.minecraft.sapling":2,"stat.pickup.thaumcraft.vishroom":1,"stat.sprintOneCm":1036,"stat.useItem.minecraft.diamond_shovel":158,"stat.craftItem.minecraft.stick":126,"stat.mineBlock.mekanism.oreblock":108,"stat.mineBlock.thaumcraft.vishroom":1,"stat.pickup.thaumcraft.ore_cinnabar":2,"stat.craftItem.minecraft.planks":88,"stat.mineBlock.minecraft.fence":30,"stat.pickup.thaumcraft.crystal_essence":49,"stat.useItem.minecraft.diamond_pickaxe":647,"stat.pickup.minecraft.dark_oak_stairs":4,"stat.mobKills":1,"stat.deaths":2,"stat.mineBlock.minecraft.planks":42,"stat.drop":1,"stat.pickup.minecraft.egg":1,"stat.mineBlock.minecraft.leaves":2,"stat.playOneMinute":185534,"stat.pickup.minecraft.torch":15,"stat.pickup.minecraft.spruce_stairs":11,"stat.useItem.minecraft.ladder":6,"stat.sneakTime":29,"stat.pickup.thaumcraft.amber":2,"stat.drop.tconstruct.book":1,"stat.mineBlock.minecraft.stone":315,"stat.pickup.chisel.marble2":16,"stat.diveOneCm":7056,"stat.pickup.minecraft.chest":3,"stat.mineBlock.thaumcraft.ore_cinnabar":2}