{"stat.useItem.minecraft.bow":47,"stat.pickup.minecraft.wooden_slab":21,"stat.mineBlock.tconstruct.seared_tank":18,"stat.leaveGame":14,"stat.mineBlock.thaumcraft.ore_quartz":4,"stat.useItem.minecraft.bookshelf":14,"stat.drop.minecraft.redstone":1,"stat.killEntity.Blaze":10,"stat.pickup.gravestone.death_info":1,"stat.useItem.minecraft.glowstone":1,"stat.killEntity.PigZombie":4,"stat.mineBlock.minecraft.stained_glass":2,"stat.pickup.tconstruct.faucet":1,"stat.useItem.minecraft.planks":150,"stat.craftItem.minecraft.shield":1,"stat.drop.tconstruct.pickaxe":1,"stat.pickup.minecraft.glowstone_dust":2,"stat.pickup.minecraft.porkchop":41,"stat.mineBlock.gravestone.gravestone":1,"stat.useItem.minecraft.water_bucket":1,"stat.drop.minecraft.iron_sword":1,"stat.pickup.minecraft.rotten_flesh":42,"stat.pickup.minecraft.sand":537,"stat.entityKilledBy.Spider":1,"stat.useItem.minecraft.birch_boat":3,"stat.killEntity.Enderman":1,"stat.mineBlock.minecraft.wooden_slab":8,"stat.craftItem.tconstruct.casting":2,"stat.pickup.minecraft.wooden_hoe":1,"stat.pickup.minecraft.leather_boots":1,"stat.craftItem.minecraft.iron_shovel":3,"stat.mineBlock.minecraft.sand":561,"stat.killEntity.Witch":2,"stat.craftItem.minecraft.wooden_hoe":2,"stat.craftItem.minecraft.cooked_fish":1,"stat.craftItem.minecraft.blaze_powder":4,"stat.hopperInspected":11,"stat.useItem.minecraft.iron_pickaxe":686,"stat.pickup.minecraft.stained_hardened_clay":1,"stat.useItem.minecraft.iron_shovel":448,"stat.pickup.minecraft.double_plant":2,"stat.drop.minecraft.wooden_shovel":1,"stat.trappedChestTriggered":2,"stat.mineBlock.chisel.marble2":22,"stat.pickup.minecraft.wooden_shovel":1,"stat.furnaceInteraction":123,"stat.mineBlock.minecraft.rail":3,"stat.mineBlock.biomesoplenty.magic_fence":2,"stat.pickup.minecraft.wooden_button":4,"stat.pickup.minecraft.nether_brick":8,"stat.pickup.minecraft.sponge":2,"stat.useItem.minecraft.minecart":1,"stat.pickup.minecraft.beef":68,"stat.mineBlock.minecraft.wooden_button":1,"stat.pickup.minecraft.furnace":7,"stat.mineBlock.minecraft.stained_hardened_clay":3,"stat.pickup.minecraft.iron_chestplate":2,"stat.craftItem.minecraft.prismarine":64,"stat.useItem.minecraft.stone_stairs":2,"stat.killEntity.Horse":6,"stat.drop.minecraft.spectral_arrow":1,"stat.mineBlock.minecraft.sponge":1,"stat.pickup.minecraft.stone_stairs":10,"stat.pickup.tconstruct.smeltery_io":1,"stat.useItem.minecraft.wheat_seeds":119,"stat.pickup.thaumcraft.crystal_essence":191,"stat.pickup.thaumcraft.nugget":2,"stat.craftItem.ironchest.iron_chest":3,"stat.pickup.minecraft.saddle":2,"stat.pickup.ironchest.iron_chest":2,"stat.pickup.minecraft.lever":6,"stat.deaths":15,"stat.useItem.tconstruct.smeltery_io":2,"stat.pickup.minecraft.egg":49,"stat.playOneMinute":1238032,"stat.pickup.minecraft.blaze_rod":3,"stat.craftItem.minecraft.wooden_shovel":1,"stat.useItem.minecraft.nether_brick":1,"stat.craftItem.minecraft.iron_pickaxe":7,"stat.pickup.minecraft.iron_bars":11,"stat.drop.minecraft.iron_ingot":64,"stat.pickup.chisel.marble2":37,"stat.mineBlock.minecraft.tallgrass":17,"stat.pickup.minecraft.netherrack":108,"stat.pickup.tconstruct.seared":10,"stat.chestOpened":602,"stat.craftItem.minecraft.sign":15,"stat.pickup.tconstruct.casting":7,"stat.mineBlock.minecraft.netherrack":122,"stat.pickup.minecraft.iron_sword":6,"stat.pickup.minecraft.arrow":106,"stat.useItem.minecraft.sponge":1,"stat.killEntity.Ghast":2,"stat.pickup.minecraft.detector_rail":7,"stat.pickup.minecraft.gold_nugget":2,"stat.mineBlock.tconstruct.faucet":1,"stat.drop.minecraft.iron_pickaxe":1,"stat.craftItem.minecraft.iron_nugget":18,"stat.fallOneCm":166363,"stat.pickup.chisel.basalt2":1,"stat.pickup.biomesoplenty.magic_fence":54,"stat.pickup.minecraft.carrot":144,"stat.crouchOneCm":2757,"stat.craftItem.tconstruct.toolforge":2,"stat.pickup.minecraft.rail":54,"stat.mineBlock.minecraft.chest":11,"stat.craftItem.minecraft.chest":18,"stat.craftItem.minecraft.iron_ingot":27,"stat.craftingTableInteraction":67,"stat.craftItem.tconstruct.pattern":64,"stat.mineBlock.minecraft.log2":10,"stat.pickup.minecraft.feather":33,"stat.useItem.minecraft.reeds":83,"stat.pickup.minecraft.birch_boat":2,"stat.mineBlock.tconstruct.smeltery_io":1,"stat.pickup.minecraft.monster_egg":64,"stat.craftItem.tconstruct.materials":242,"stat.pickup.tconstruct.shard":12,"stat.pickup.minecraft.dye":6,"stat.pickup.minecraft.planks":80,"stat.killEntity.Llama":5,"stat.pickup.minecraft.iron_leggings":2,"stat.drop.minecraft.minecart":1,"stat.pickup.chisel.limestone2":3,"stat.pickup.minecraft.wheat_seeds":376,"stat.mineBlock.minecraft.gravel":218,"stat.useItem.minecraft.stone_pickaxe":12,"stat.craftItem.tconstruct.seared_tank":8,"stat.useItem.minecraft.enchanting_table":2,"stat.craftItem.minecraft.iron_leggings":1,"stat.mineBlock.minecraft.dirt":25,"stat.drop.minecraft.iron_axe":1,"stat.useItem.minecraft.iron_bars":5,"stat.pickup.tconstruct.pattern":23,"stat.useItem.minecraft.torch":107,"stat.useItem.minecraft.bread":24,"stat.mineBlock.mekanism.saltblock":14,"stat.pickup.minecraft.iron_nugget":18,"stat.craftItem.minecraft.stone_stairs":16,"stat.useItem.ironchest.iron_chest":3,"stat.pickup.minecraft.crafting_table":1,"stat.useItem.minecraft.cobblestone":198,"stat.craftItem.minecraft.crafting_table":8,"stat.useItem.minecraft.gravel":37,"stat.mineBlock.minecraft.double_plant":1,"stat.pickup.tconstruct.pickaxe":1,"stat.killEntity.LavaSlime":23,"stat.minecartOneCm":415854,"stat.pickup.minecraft.log":160,"stat.useItem.minecraft.cooked_fish":1,"stat.pickup.minecraft.iron_pickaxe":7,"stat.useItem.tconstruct.pickaxe":3,"stat.mineBlock.minecraft.golden_rail":1,"stat.mineBlock.thaumcraft.crystal_terra":7,"stat.pickup.minecraft.chicken":26,"stat.pickup.minecraft.sapling":9,"stat.craftItem.minecraft.brewing_stand":1,"stat.pickup.minecraft.apple":2,"stat.breakItem.minecraft.stone_shovel":1,"stat.craftItem.tconstruct.smeltery_controller":1,"stat.craftItem.minecraft.planks":672,"stat.useItem.minecraft.iron_sword":404,"stat.mineBlock.tconstruct.toolforge":4,"stat.killEntity.PolarBear":1,"stat.itemEnchanted":14,"stat.pickup.minecraft.diamond_helmet":1,"stat.mineBlock.thaumcraft.crystal_ordo":10,"stat.killEntity.WitherSkeleton":2,"stat.pickup.minecraft.book":12,"stat.useItem.minecraft.stonebrick":308,"stat.mineBlock.minecraft.log":158,"stat.useItem.minecraft.monster_egg":43,"stat.craftItem.minecraft.sugar":1,"stat.pickup.tconstruct.large_plate":1,"stat.craftItem.minecraft.paper":183,"stat.pickup.minecraft.red_flower":2,"stat.sneakTime":1241,"stat.pickup.thaumcraft.amber":9,"stat.pickup.minecraft.wool":15,"stat.mineBlock.thaumcraft.crystal_perditio":5,"stat.pickup.minecraft.stone_slab":2,"stat.useItem.minecraft.brewing_stand":1,"stat.pickup.minecraft.yellow_flower":11,"stat.pickup.minecraft.golden_rail":1,"stat.pickup.minecraft.chest":10,"stat.craftItem.minecraft.enchanting_table":1,"stat.mineBlock.thaumcraft.ore_cinnabar":10,"stat.craftItem.minecraft.diamond_chestplate":1,"stat.pickup.minecraft.bone":46,"stat.craftItem.minecraft.diamond_leggings":1,"stat.pickup.minecraft.redstone_torch":23,"stat.horseOneCm":12656,"stat.useItem.minecraft.iron_axe":184,"stat.drop.minecraft.stone_shovel":1,"stat.mineBlock.minecraft.cobblestone":67,"stat.pickup.minecraft.stone_pickaxe":1,"stat.pickup.minecraft.flint":27,"stat.craftItem.tconstruct.faucet":2,"stat.pickup.minecraft.leather_chestplate":1,"stat.mineBlock.minecraft.brown_mushroom":1,"stat.useItem.minecraft.diamond_sword":4,"stat.swimOneCm":147230,"stat.climbOneCm":54062,"stat.mineBlock.thaumcraft.ore_amber":5,"stat.drop.minecraft.cobblestone":1,"stat.craftItem.minecraft.gold_block":2,"stat.craftItem.minecraft.arrow":64,"stat.useItem.minecraft.dirt":27,"stat.mineBlock.ironchest.iron_chest":2,"stat.useItem.minecraft.stone_slab2":91,"stat.pickup.minecraft.bow":5,"stat.pickup.minecraft.iron_boots":2,"stat.pickup.minecraft.enchanting_table":1,"stat.useItem.minecraft.egg":46,"stat.craftItem.minecraft.iron_boots":1,"stat.pickup.minecraft.cobblestone":642,"stat.mineBlock.minecraft.clay":125,"stat.useItem.minecraft.stone_shovel":104,"stat.pickup.minecraft.diamond_leggings":1,"stat.mineBlock.chisel.limestone2":3,"stat.flyOneCm":1766090,"stat.craftItem.minecraft.glass_bottle":12,"stat.pickup.minecraft.fish":1,"stat.useItem.minecraft.cooked_beef":25,"stat.craftItem.minecraft.wooden_slab":6,"stat.pickup.minecraft.cactus":14,"stat.pickup.minecraft.redstone":478,"stat.craftItem.minecraft.book":52,"stat.mineBlock.minecraft.iron_ore":107,"stat.timeSinceDeath":163427,"stat.useItem.minecraft.sign":45,"stat.useItem.minecraft.wooden_slab":5,"stat.drop.minecraft.spider_eye":1,"stat.pickup.minecraft.mutton":23,"stat.craftItem.minecraft.iron_block":5,"stat.useItem.minecraft.potato":11,"stat.pickup.minecraft.wooden_axe":3,"stat.craftItem.tconstruct.seared":76,"stat.pickup.minecraft.stonebrick":322,"stat.mineBlock.minecraft.enchanting_table":1,"stat.killEntity.Wolf":4,"stat.useItem.minecraft.cooked_porkchop":5,"stat.pickup.mekanism.salt":56,"stat.pickup.minecraft.trapdoor":1,"stat.pickup.minecraft.diamond_shovel":1,"stat.mineBlock.minecraft.coal_ore":108,"stat.mineBlock.minecraft.nether_brick":8,"stat.useItem.biomesoplenty.magic_fence":14,"stat.killEntity.Creeper":11,"stat.pickup.minecraft.shield":1,"stat.craftItem.tconstruct.soil":386,"stat.pickup.minecraft.string":57,"stat.pickup.tconstruct.smeltery_controller":1,"stat.entityKilledBy.Skeleton":2,"stat.craftItem.minecraft.stone_slab2":0,"stat.useItem.minecraft.written_book":2,"stat.craftItem.tconstruct.tooltables":13,"stat.sprintOneCm":1101492,"stat.useItem.minecraft.diamond_shovel":377,"stat.pickup.minecraft.paper":27,"stat.mineBlock.minecraft.stone_slab":1,"stat.craftItem.minecraft.stick":92,"stat.mineBlock.mekanism.oreblock":101,"stat.mineBlock.minecraft.diamond_ore":7,"stat.useItem.minecraft.snowball":37,"stat.mineBlock.minecraft.crafting_table":1,"stat.useItem.minecraft.diamond_pickaxe":604,"stat.useItem.minecraft.carrot":36,"stat.pickup.minecraft.diamond_chestplate":1,"stat.pickup.minecraft.leather_leggings":1,"stat.useItem.tconstruct.seared_tank":19,"stat.mineBlock.minecraft.planks":3,"stat.drop":62,"stat.killEntity.Sheep":48,"stat.breakItem.minecraft.iron_shovel":1,"stat.useItem.tconstruct.seared":78,"stat.useItem.minecraft.ladder":17,"stat.pickup.minecraft.slime_ball":158,"stat.pickup.minecraft.iron_block":1,"stat.killEntity.Zombie":31,"stat.pickup.minecraft.snowball":36,"stat.craftItem.minecraft.dye":12,"stat.drop.minecraft.bread":1,"stat.mineBlock.minecraft.gold_ore":12,"stat.diveOneCm":240405,"stat.pickup.minecraft.wheat":258,"stat.pickup.tconstruct.tooltables":9,"stat.pickup.tconstruct.toolforge":4,"stat.craftItem.minecraft.ladder":12,"stat.pickup.minecraft.sign":38,"stat.pickup.minecraft.gravel":194,"stat.pickup.thaumcraft.curio":1,"stat.craftItem.minecraft.cooked_porkchop":35,"stat.useItem.minecraft.glass_bottle":15,"stat.killEntity.Slime":18,"stat.mineBlock.tconstruct.smeltery_controller":1,"stat.useItem.minecraft.diamond_axe":14,"stat.pickup.minecraft.obsidian":6,"stat.useItem.minecraft.porkchop":4,"stat.useItem.minecraft.potion":4,"stat.useItem.minecraft.rotten_flesh":9,"stat.pickup.minecraft.diamond_sword":3,"stat.craftItem.minecraft.diamond_sword":1,"stat.jump":6016,"stat.pickup.minecraft.fence":60,"stat.pickup.minecraft.iron_helmet":3,"stat.pickup.minecraft.coal":108,"stat.pickup.minecraft.iron_ingot":4,"stat.useItem.tconstruct.tooltables":1,"stat.craftItem.minecraft.birch_boat":3,"stat.pickup.tconstruct.seared_tank":18,"stat.pickup.minecraft.gunpowder":19,"stat.craftItem.minecraft.bread":42,"stat.pickup.minecraft.spider_eye":5,"stat.craftItem.minecraft.torch":112,"stat.pickup.minecraft.dirt":506,"stat.craftItem.minecraft.iron_helmet":1,"stat.drop.minecraft.glass":41,"stat.useItem.minecraft.cooked_chicken":1,"stat.pickup.minecraft.iron_ore":107,"stat.pickup.minecraft.stone_shovel":3,"stat.boatOneCm":97677,"stat.pickup.minecraft.gold_ore":12,"stat.pickup.minecraft.iron_axe":2,"stat.mineBlock.tconstruct.tooltables":9,"stat.mineBlock.minecraft.leaves2":4,"stat.mineBlock.minecraft.glass_pane":3,"stat.brewingstandInteraction":26,"stat.mineBlock.minecraft.stone_stairs":9,"stat.damageTaken":13433,"stat.pickup.minecraft.leather":37,"stat.craftItem.minecraft.iron_bars":16,"stat.mineBlock.minecraft.torch":18,"stat.pickup.minecraft.written_book":1,"stat.pickup.minecraft.prismarine_shard":320,"stat.pickup.minecraft.magma_cream":1,"stat.pickup.minecraft.log2":9,"stat.pickup.minecraft.reeds":503,"stat.pickup.minecraft.bed":3,"stat.pickup.minecraft.potato":26,"stat.pickup.minecraft.diamond_axe":2,"stat.damageDealt":44253,"stat.craftItem.minecraft.glass":64,"stat.sleepInBed":3,"stat.craftItem.minecraft.bowl":4,"stat.killEntity.Cow":40,"stat.pickup.minecraft.minecart":4,"stat.useItem.minecraft.crafting_table":1,"stat.killEntity.Pig":72,"stat.craftItem.minecraft.iron_sword":4,"stat.pickup.minecraft.piston":3,"stat.useItem.tconstruct.shovel":4,"stat.walkOneCm":4765977,"stat.useItem.minecraft.chest":16,"stat.playerKills":1,"stat.craftItem.tconstruct.smeltery_io":4,"stat.pickup.minecraft.stick":25,"stat.pickup.minecraft.diamond_pickaxe":4,"stat.pickup.minecraft.spectral_arrow":1,"stat.pickup.minecraft.clay_ball":495,"stat.pickup.mekanism.oreblock":119,"stat.useItem.minecraft.lava_bucket":1,"stat.breakItem.minecraft.stone_pickaxe":1,"stat.mineBlock.chisel.basalt2":1,"stat.pickup.minecraft.stone":3,"stat.craftItem.minecraft.iron_chestplate":1,"stat.drop.minecraft.egg":1,"stat.mineBlock.thaumcraft.crystal_ignis":16,"stat.pickup.minecraft.cooked_beef":1,"stat.killEntity.Skeleton":26,"stat.craftItem.minecraft.bookshelf":14,"stat.mineBlock.minecraft.cactus":4,"stat.pickup.thaumcraft.ore_cinnabar":12,"stat.mineBlock.minecraft.stonebrick":7,"stat.killEntity.Chicken":46,"stat.killEntity.Spider":13,"stat.pickup.minecraft.bread":12,"stat.mineBlock.minecraft.quartz_ore":191,"stat.mineBlock.minecraft.glowstone":1,"stat.mobKills":368,"stat.pickup.minecraft.diamond_boots":1,"stat.pickup.minecraft.quartz":385,"stat.drop.minecraft.written_book":1,"stat.pickup.minecraft.water_bucket":3,"stat.breakItem.minecraft.iron_axe":1,"stat.pickup.minecraft.diamond":27,"stat.mineBlock.minecraft.leaves":18,"stat.pickup.minecraft.iron_horse_armor":2,"stat.pickup.minecraft.torch":68,"stat.pickup.minecraft.spruce_stairs":1,"stat.mineBlock.tconstruct.seared":10,"stat.mineBlock.minecraft.redstone_ore":5,"stat.mineBlock.tconstruct.casting":7,"stat.mineBlock.minecraft.stone":401}