{"stat.useItem.minecraft.bow":4,"stat.drop.minecraft.mutton":5,"stat.pickup.minecraft.wooden_slab":369,"stat.leaveGame":9,"stat.mineBlock.thaumcraft.ore_quartz":2,"stat.craftItem.minecraft.iron_axe":2,"stat.useItem.minecraft.mutton":2,"stat.useItem.minecraft.planks":1430,"stat.drop.minecraft.feather":8,"stat.drop.minecraft.bowl":1,"stat.pickup.minecraft.porkchop":85,"stat.drop.minecraft.wooden_door":1,"stat.pickup.minecraft.glass":290,"stat.useItem.minecraft.water_bucket":5,"stat.pickup.minecraft.rotten_flesh":51,"stat.pickup.minecraft.sand":780,"stat.craftItem.minecraft.stone_axe":3,"stat.pickup.minecraft.bucket":4,"stat.mineBlock.minecraft.wooden_slab":23,"stat.craftItem.tconstruct.casting":3,"stat.pickup.minecraft.record_ward":1,"stat.craftItem.minecraft.iron_shovel":2,"stat.mineBlock.minecraft.sand":799,"stat.drop.minecraft.sand":270,"stat.useItem.minecraft.iron_pickaxe":1202,"stat.drop.minecraft.diamond":1,"stat.useItem.minecraft.iron_shovel":501,"stat.craftItem.minecraft.bed":1,"stat.craftItem.minecraft.glass_pane":432,"stat.mineBlock.chisel.marble2":43,"stat.pickup.minecraft.record_far":1,"stat.furnaceInteraction":332,"stat.drop.minecraft.gravel":5,"stat.killEntity.ZombieVillager":1,"stat.drop.minecraft.red_flower":1,"stat.pickup.minecraft.beef":50,"stat.pickup.minecraft.furnace":81,"stat.pickup.minecraft.iron_chestplate":2,"stat.drop.minecraft.furnace":13,"stat.drop.minecraft.spectral_arrow":1,"stat.pickup.minecraft.stone_stairs":12,"stat.useItem.minecraft.flint_and_steel":5,"stat.pickup.tconstruct.smeltery_io":1,"stat.pickup.thaumcraft.crystal_essence":33,"stat.useItem.minecraft.wheat_seeds":24,"stat.pickup.thaumcraft.nugget":3,"stat.useItem.minecraft.beef":4,"stat.deaths":14,"stat.pickup.minecraft.bowl":4,"stat.useItem.tconstruct.smeltery_io":2,"stat.playOneMinute":747877,"stat.craftItem.minecraft.item_frame":23,"stat.craftItem.minecraft.iron_pickaxe":6,"stat.pickup.minecraft.glass_pane":396,"stat.mineBlock.minecraft.brown_mushroom_block":7,"stat.pickup.minecraft.item_frame":2,"stat.drop.minecraft.torch":11,"stat.pickup.chisel.marble2":44,"stat.mineBlock.minecraft.tallgrass":46,"stat.craftItem.minecraft.cooked_mutton":6,"stat.pickup.tconstruct.seared":2,"stat.chestOpened":293,"stat.pickup.minecraft.pumpkin":3,"stat.pickup.minecraft.spruce_door":3,"stat.craftItem.minecraft.sign":3,"stat.useItem.minecraft.stone":3,"stat.pickup.tconstruct.casting":1,"stat.pickup.minecraft.iron_sword":6,"stat.pickup.minecraft.arrow":15,"stat.pickup.minecraft.wooden_pressure_plate":1,"stat.fallOneCm":84020,"stat.drop.minecraft.stone":2,"stat.drop.minecraft.dye":2,"stat.pickup.minecraft.carrot":45,"stat.crouchOneCm":198387,"stat.mineBlock.minecraft.chest":10,"stat.craftItem.minecraft.chest":30,"stat.craftItem.minecraft.iron_ingot":163,"stat.pickup.minecraft.red_mushroom":1,"stat.craftingTableInteraction":82,"stat.pickup.minecraft.mushroom_stew":2,"stat.useItem.chisel.marble2":1,"stat.pickup.minecraft.feather":23,"stat.pickup.minecraft.record_cat":1,"stat.useItem.minecraft.furnace":17,"stat.mineBlock.tconstruct.smeltery_io":1,"stat.craftItem.tconstruct.materials":256,"stat.pickup.minecraft.dye":104,"stat.pickup.minecraft.planks":1594,"stat.pickup.minecraft.iron_leggings":2,"stat.pickup.chisel.limestone2":2,"stat.craftItem.minecraft.diamond_shovel":1,"stat.pickup.minecraft.wheat_seeds":57,"stat.mineBlock.minecraft.gravel":189,"stat.useItem.minecraft.stone_pickaxe":1620,"stat.breakItem.minecraft.stone_axe":2,"stat.craftItem.tconstruct.seared_tank":1,"stat.mineBlock.minecraft.glass":97,"stat.useItem.minecraft.stone_sword":45,"stat.craftItem.minecraft.iron_leggings":1,"stat.mineBlock.minecraft.dirt":631,"stat.drop.minecraft.stick":8,"stat.drop.minecraft.iron_axe":1,"stat.pickup.minecraft.record_13":1,"stat.pickup.minecraft.flint_and_steel":2,"stat.useItem.minecraft.torch":73,"stat.mineBlock.mekanism.saltblock":2,"stat.drop.minecraft.rotten_flesh":13,"stat.pickup.minecraft.crafting_table":14,"stat.useItem.minecraft.log":3,"stat.useItem.minecraft.cobblestone":367,"stat.craftItem.minecraft.crafting_table":5,"stat.useItem.minecraft.gravel":4,"stat.pickup.minecraft.log":1404,"stat.drop.minecraft.sign":4,"stat.pickup.minecraft.iron_pickaxe":8,"stat.drop.minecraft.iron_ore":8,"stat.drop.minecraft.carrot":6,"stat.mineBlock.thaumcraft.crystal_terra":4,"stat.craftItem.minecraft.gold_ingot":7,"stat.drop.minecraft.planks":447,"stat.drop.minecraft.sapling":7,"stat.pickup.minecraft.chicken":7,"stat.pickup.minecraft.sapling":87,"stat.pickup.minecraft.wooden_door":8,"stat.entityKilledBy.Enderman":1,"stat.pickup.minecraft.apple":17,"stat.useItem.minecraft.glass_pane":381,"stat.mineBlock.minecraft.iron_block":2,"stat.breakItem.minecraft.stone_shovel":4,"stat.craftItem.tconstruct.smeltery_controller":1,"stat.drop.minecraft.fish":1,"stat.craftItem.minecraft.bucket":10,"stat.craftItem.minecraft.planks":2996,"stat.useItem.minecraft.iron_sword":33,"stat.killEntity.PolarBear":5,"stat.mineBlock.thaumcraft.crystal_ordo":2,"stat.pickup.minecraft.stone_sword":5,"stat.useItem.minecraft.stonebrick":400,"stat.mineBlock.minecraft.log":619,"stat.craftItem.minecraft.wooden_door":3,"stat.useItem.minecraft.wooden_door":2,"stat.useItem.minecraft.spruce_door":2,"stat.sneakTime":49907,"stat.pickup.thaumcraft.amber":16,"stat.pickup.minecraft.wool":24,"stat.mineBlock.minecraft.jukebox":1,"stat.pickup.minecraft.yellow_flower":7,"stat.drop.minecraft.grass":1,"stat.pickup.minecraft.chest":20,"stat.craftItem.minecraft.spruce_door":3,"stat.drop.minecraft.stone_pickaxe":2,"stat.drop.minecraft.pumpkin":1,"stat.useItem.minecraft.mushroom_stew":1,"stat.pickup.minecraft.bone":671,"stat.useItem.minecraft.iron_axe":245,"stat.pickup.minecraft.record_blocks":1,"stat.mineBlock.minecraft.cobblestone":51,"stat.pickup.minecraft.stone_pickaxe":14,"stat.pickup.minecraft.flint":13,"stat.drop.minecraft.red_mushroom":1,"stat.mineBlock.minecraft.yellow_flower":4,"stat.craftItem.tconstruct.faucet":3,"stat.useItem.minecraft.diamond_sword":277,"stat.craftItem.minecraft.wool":3,"stat.swimOneCm":94972,"stat.climbOneCm":8198,"stat.mineBlock.thaumcraft.ore_amber":7,"stat.mineBlock.minecraft.spruce_stairs":16,"stat.pickup.minecraft.cooked_porkchop":12,"stat.breakItem.minecraft.iron_pickaxe":3,"stat.useItem.minecraft.dirt":256,"stat.useItem.minecraft.stone_slab2":20,"stat.pickup.minecraft.bow":5,"stat.pickup.minecraft.iron_boots":2,"stat.craftItem.minecraft.furnace":16,"stat.craftItem.minecraft.iron_boots":1,"stat.craftItem.minecraft.stone_pickaxe":12,"stat.craftItem.minecraft.cooked_beef":37,"stat.pickup.minecraft.cobblestone":4981,"stat.pickup.minecraft.record_chirp":2,"stat.mineBlock.minecraft.clay":32,"stat.useItem.minecraft.stone_shovel":539,"stat.mineBlock.chisel.limestone2":8,"stat.flyOneCm":990328,"stat.pickup.minecraft.fish":207,"stat.drop.minecraft.wheat_seeds":1,"stat.craftItem.minecraft.wooden_slab":336,"stat.useItem.minecraft.cooked_beef":14,"stat.pickup.minecraft.redstone":519,"stat.mineBlock.minecraft.iron_ore":135,"stat.timeSinceDeath":228974,"stat.useItem.minecraft.sign":7,"stat.useItem.minecraft.wooden_slab":248,"stat.pickup.minecraft.mutton":17,"stat.drop.minecraft.coal":2,"stat.craftItem.minecraft.stonebrick":215,"stat.craftItem.tconstruct.seared":42,"stat.pickup.minecraft.stonebrick":491,"stat.pickup.minecraft.spruce_fence":1,"stat.drop.minecraft.dirt":43,"stat.useItem.minecraft.cooked_porkchop":2,"stat.pickup.minecraft.iron_shovel":2,"stat.pickup.mekanism.salt":8,"stat.mineBlock.minecraft.coal_ore":358,"stat.drop.minecraft.wool":3,"stat.killEntity.Creeper":2,"stat.craftItem.tconstruct.soil":256,"stat.pickup.minecraft.string":2,"stat.craftItem.minecraft.stone_slab2":0,"stat.sprintOneCm":920251,"stat.useItem.minecraft.diamond_shovel":452,"stat.craftItem.minecraft.stick":408,"stat.mineBlock.mekanism.oreblock":78,"stat.useItem.minecraft.bed":1,"stat.craftItem.minecraft.stone":171,"stat.mineBlock.minecraft.diamond_ore":10,"stat.pickup.minecraft.grass":2,"stat.mineBlock.minecraft.crafting_table":7,"stat.useItem.minecraft.diamond_pickaxe":284,"stat.useItem.minecraft.carrot":5,"stat.drop.minecraft.lava_bucket":3,"stat.craftItem.minecraft.wooden_pressure_plate":1,"stat.useItem.minecraft.bucket":11,"stat.entityKilledBy.Creeper":2,"stat.mineBlock.minecraft.planks":357,"stat.drop":79,"stat.mineBlock.thaumcraft.crystal_aqua":3,"stat.pickup.minecraft.jukebox":6,"stat.killEntity.Sheep":5,"stat.entityKilledBy.Slime":1,"stat.breakItem.minecraft.iron_shovel":1,"stat.useItem.minecraft.ladder":7,"stat.useItem.tconstruct.seared":40,"stat.pickup.minecraft.slime_ball":7,"stat.craftItem.minecraft.diamond_pickaxe":1,"stat.pickup.minecraft.iron_block":3,"stat.killEntity.Zombie":20,"stat.drop.minecraft.bread":2,"stat.craftItem.minecraft.diamond_axe":1,"stat.mineBlock.minecraft.gold_ore":7,"stat.diveOneCm":69166,"stat.pickup.minecraft.wheat":31,"stat.mineBlock.minecraft.mossy_cobblestone":1,"stat.pickup.minecraft.record_strad":1,"stat.craftItem.minecraft.ladder":9,"stat.pickup.minecraft.sign":117,"stat.pickup.minecraft.gravel":172,"stat.pickup.thaumcraft.curio":1,"stat.craftItem.minecraft.cooked_porkchop":29,"stat.drop.minecraft.ladder":2,"stat.useItem.minecraft.chicken":2,"stat.useItem.minecraft.diamond_axe":418,"stat.pickup.minecraft.stone_axe":22,"stat.drop.minecraft.apple":1,"stat.entityKilledBy.PolarBear":1,"stat.pickup.minecraft.diamond_sword":3,"stat.jump":4694,"stat.useItem.minecraft.sand":1,"stat.pickup.minecraft.fence":21,"stat.pickup.minecraft.coal":524,"stat.pickup.minecraft.iron_helmet":2,"stat.pickup.minecraft.iron_ingot":83,"stat.useItem.minecraft.stone_axe":509,"stat.pickup.minecraft.gunpowder":4,"stat.craftItem.minecraft.torch":60,"stat.pickup.minecraft.dirt":933,"stat.craftItem.minecraft.iron_helmet":1,"stat.drop.minecraft.glass":5,"stat.pickup.minecraft.iron_ore":167,"stat.useItem.minecraft.glass":307,"stat.pickup.minecraft.stone_shovel":11,"stat.pickup.minecraft.gold_ore":7,"stat.useItem.minecraft.sapling":2,"stat.craftItem.minecraft.flint_and_steel":1,"stat.pickup.minecraft.iron_axe":5,"stat.mineBlock.minecraft.glass_pane":26,"stat.damageTaken":987314,"stat.pickup.minecraft.leather":23,"stat.mineBlock.minecraft.furnace":17,"stat.mineBlock.minecraft.torch":19,"stat.pickup.minecraft.reeds":2,"stat.pickup.minecraft.bed":1,"stat.pickup.minecraft.oak_stairs":6,"stat.entityKilledBy.Zombie":2,"stat.damageDealt":14125,"stat.craftItem.minecraft.glass":549,"stat.sleepInBed":2,"stat.killEntity.Silverfish":2,"stat.killEntity.Cow":19,"stat.useItem.minecraft.crafting_table":8,"stat.killEntity.Pig":32,"stat.pickup.minecraft.record_wait":1,"stat.craftItem.minecraft.stone_slab":174,"stat.craftItem.minecraft.stone_shovel":2,"stat.walkOneCm":2542854,"stat.useItem.minecraft.chest":39,"stat.playerKills":1,"stat.craftItem.tconstruct.smeltery_io":3,"stat.pickup.minecraft.stick":138,"stat.pickup.minecraft.spectral_arrow":10,"stat.pickup.mekanism.oreblock":77,"stat.pickup.minecraft.clay_ball":132,"stat.useItem.minecraft.lava_bucket":5,"stat.breakItem.minecraft.stone_pickaxe":10,"stat.craftItem.mekanism.ingot":65,"stat.useItem.tconstruct.faucet":2,"stat.useItem.minecraft.item_frame":21,"stat.pickup.minecraft.stone":387,"stat.useItem.minecraft.spruce_stairs":26,"stat.craftItem.minecraft.iron_chestplate":1,"stat.drop.minecraft.wooden_slab":3,"stat.pickup.minecraft.ladder":2,"stat.pickup.minecraft.cooked_beef":1,"stat.killEntity.Skeleton":4,"stat.pickup.minecraft.record_mall":1,"stat.pickup.minecraft.record_mellohi":2,"stat.mineBlock.minecraft.stonebrick":289,"stat.killEntity.Chicken":4,"stat.useItem.minecraft.iron_block":1,"stat.pickup.minecraft.bread":3,"stat.mobKills":94,"stat.craftItem.minecraft.shears":1,"stat.pickup.minecraft.quartz":2,"stat.breakItem.minecraft.iron_axe":1,"stat.pickup.minecraft.water_bucket":2,"stat.pickup.minecraft.diamond":10,"stat.mineBlock.minecraft.leaves":273,"stat.pickup.minecraft.torch":148,"stat.pickup.minecraft.spruce_stairs":73,"stat.mineBlock.tconstruct.seared":2,"stat.mineBlock.minecraft.redstone_ore":75,"stat.pickup.thaumcraft.brain":2,"stat.mineBlock.tconstruct.casting":1,"stat.pickup.minecraft.lava_bucket":7,"stat.drop.minecraft.stone_axe":2,"stat.craftItem.minecraft.spruce_stairs":24,"stat.drop.minecraft.shears":1,"stat.mineBlock.minecraft.stone":1945}