{"stat.useItem.minecraft.painting":30,"stat.pickup.minecraft.wooden_slab":7,"stat.leaveGame":24,"stat.useItem.minecraft.bookshelf":1,"stat.useItem.minecraft.mutton":2,"stat.pickup.minecraft.fishing_rod":1,"stat.useItem.minecraft.planks":2206,"stat.pickup.minecraft.porkchop":6,"stat.pickup.minecraft.glass":15,"stat.drop.minecraft.iron_sword":2,"stat.useItem.minecraft.water_bucket":63,"stat.pickup.minecraft.rotten_flesh":32,"stat.pickup.minecraft.sand":943,"stat.useItem.minecraft.golden_sword":91,"stat.craftItem.minecraft.stone_axe":18,"stat.pickup.minecraft.name_tag":3,"stat.mineBlock.minecraft.wooden_slab":3,"stat.pickup.minecraft.leather_boots":1,"stat.drop.minecraft.jukebox":1,"stat.craftItem.minecraft.stone_sword":2,"stat.useItem.minecraft.record_strad":1,"stat.mineBlock.minecraft.sand":351,"stat.drop.minecraft.sand":270,"stat.craftItem.minecraft.cooked_fish":35,"stat.useItem.minecraft.spider_eye":1,"stat.useItem.minecraft.fence_gate":13,"stat.useItem.minecraft.iron_pickaxe":1207,"stat.pickup.minecraft.double_plant":12,"stat.craftItem.minecraft.bed":1,"stat.craftItem.minecraft.glass_pane":688,"stat.useItem.minecraft.oak_stairs":244,"stat.furnaceInteraction":341,"stat.killEntity.ZombieVillager":1,"stat.drop.minecraft.red_flower":1,"stat.pickup.minecraft.fence_gate":2,"stat.pickup.minecraft.beef":10,"stat.pickup.minecraft.furnace":4,"stat.pickup.minecraft.iron_chestplate":1,"stat.useItem.minecraft.fence":251,"stat.useItem.minecraft.stone_stairs":8,"stat.drop.minecraft.furnace":2,"stat.drop.minecraft.spectral_arrow":1,"stat.pickup.minecraft.stone_stairs":21,"stat.mineBlock.minecraft.fence":58,"stat.useItem.minecraft.wheat_seeds":398,"stat.craftItem.minecraft.fence_gate":16,"stat.pickup.thaumcraft.crystal_essence":4,"stat.pickup.minecraft.emerald":1,"stat.pickup.minecraft.saddle":1,"stat.useItem.minecraft.beef":5,"stat.mineBlock.minecraft.oak_stairs":64,"stat.deaths":6,"stat.pickup.minecraft.egg":66,"stat.playOneMinute":1288796,"stat.pickup.minecraft.birch_door":2,"stat.craftItem.minecraft.iron_pickaxe":5,"stat.useItem.minecraft.shears":75,"stat.pickup.minecraft.glass_pane":168,"stat.pickup.minecraft.item_frame":2,"stat.useItem.minecraft.jukebox":1,"stat.mineBlock.minecraft.tallgrass":252,"stat.craftItem.minecraft.cooked_mutton":2,"stat.fishCaught":4,"stat.chestOpened":627,"stat.pickup.minecraft.pumpkin":4,"stat.pickup.minecraft.spruce_door":2,"stat.craftItem.minecraft.sign":12,"stat.recordPlayed":5,"stat.useItem.minecraft.stone":1,"stat.pickup.minecraft.arrow":23,"stat.pickup.minecraft.iron_sword":2,"stat.pickup.minecraft.wooden_pressure_plate":1,"stat.pickup.minecraft.cooked_chicken":33,"stat.fallOneCm":104347,"stat.drop.minecraft.stone":64,"stat.drop.minecraft.dye":2,"stat.pickup.minecraft.carrot":1,"stat.crouchOneCm":7119,"stat.mineBlock.minecraft.chest":6,"stat.pickup.minecraft.rail":4,"stat.craftItem.minecraft.chest":9,"stat.craftItem.minecraft.iron_ingot":84,"stat.pickup.minecraft.painting":39,"stat.craftingTableInteraction":147,"stat.mineBlock.minecraft.wooden_pressure_plate":1,"stat.pickup.minecraft.mushroom_stew":2,"stat.pickup.tconstruct.slime_channel":1,"stat.pickup.minecraft.feather":30,"stat.useItem.minecraft.furnace":27,"stat.useItem.minecraft.reeds":80,"stat.pickup.minecraft.dye":27,"stat.pickup.minecraft.planks":1259,"stat.killEntity.Llama":1,"stat.mineBlock.minecraft.spruce_fence":4,"stat.pickup.minecraft.wheat_seeds":515,"stat.useItem.minecraft.record_chirp":1,"stat.pickup.minecraft.lead":1,"stat.mineBlock.minecraft.gravel":91,"stat.useItem.minecraft.stone_pickaxe":2324,"stat.breakItem.minecraft.stone_axe":13,"stat.mineBlock.minecraft.glass":11,"stat.useItem.minecraft.stone_sword":580,"stat.craftItem.minecraft.oak_stairs":224,"stat.mineBlock.minecraft.dirt":2625,"stat.killEntity.VindicationIllager":2,"stat.drop.minecraft.stick":3,"stat.pickup.minecraft.record_13":1,"stat.mineBlock.minecraft.monster_egg":5,"stat.useItem.minecraft.torch":312,"stat.useItem.minecraft.bread":8,"stat.craftItem.minecraft.stone_stairs":12,"stat.useItem.minecraft.log":44,"stat.pickup.minecraft.crafting_table":14,"stat.useItem.minecraft.cobblestone":738,"stat.craftItem.minecraft.crafting_table":11,"stat.mineBlock.minecraft.double_plant":5,"stat.pickup.minecraft.golden_hoe":1,"stat.minecartOneCm":37092,"stat.mineBlock.minecraft.emerald_ore":1,"stat.useItem.minecraft.golden_hoe":4,"stat.pickup.minecraft.log":1227,"stat.useItem.minecraft.cooked_fish":21,"stat.drop.minecraft.glass_pane":176,"stat.pickup.minecraft.compass":1,"stat.pickup.minecraft.iron_pickaxe":2,"stat.mineBlock.minecraft.golden_rail":3,"stat.craftItem.minecraft.gold_ingot":9,"stat.drop.minecraft.planks":655,"stat.drop.minecraft.sapling":1,"stat.pickup.minecraft.chicken":19,"stat.pickup.minecraft.sapling":136,"stat.pickup.minecraft.wooden_door":14,"stat.pickup.minecraft.apple":8,"stat.useItem.minecraft.glass_pane":663,"stat.breakItem.minecraft.stone_shovel":3,"stat.drop.minecraft.bow":1,"stat.craftItem.minecraft.bucket":1,"stat.craftItem.minecraft.planks":3908,"stat.useItem.minecraft.iron_sword":114,"stat.killEntity.PolarBear":5,"stat.pickup.minecraft.stone_sword":9,"stat.useItem.minecraft.wooden_pressure_plate":7,"stat.useItem.minecraft.stonebrick":2030,"stat.mineBlock.minecraft.log":1247,"stat.craftItem.minecraft.wooden_door":3,"stat.pickup.minecraft.golden_sword":1,"stat.craftItem.minecraft.cooked_chicken":16,"stat.useItem.minecraft.stone_hoe":120,"stat.useItem.minecraft.wooden_door":5,"stat.craftItem.minecraft.paper":66,"stat.pickup.minecraft.red_flower":36,"stat.sneakTime":1605,"stat.pickup.thaumcraft.amber":10,"stat.pickup.minecraft.wool":60,"stat.pickup.minecraft.cooked_fish":9,"stat.pickup.minecraft.yellow_flower":17,"stat.pickup.minecraft.golden_rail":3,"stat.useItem.minecraft.fishing_rod":30,"stat.pickup.minecraft.chest":6,"stat.drop.minecraft.stone_pickaxe":3,"stat.drop.minecraft.pumpkin":1,"stat.pickup.minecraft.bone":8,"stat.pickup.minecraft.redstone_torch":2,"stat.useItem.minecraft.iron_axe":209,"stat.pickup.minecraft.record_blocks":2,"stat.drop.minecraft.stone_shovel":1,"stat.mineBlock.minecraft.cobblestone":371,"stat.pickup.minecraft.stone_pickaxe":5,"stat.pickup.minecraft.flint":10,"stat.mineBlock.minecraft.yellow_flower":16,"stat.swimOneCm":64037,"stat.climbOneCm":25911,"stat.mineBlock.minecraft.spruce_stairs":13,"stat.drop.minecraft.cobblestone":435,"stat.pickup.minecraft.cooked_porkchop":18,"stat.breakItem.minecraft.iron_pickaxe":4,"stat.useItem.minecraft.dirt":1801,"stat.useItem.minecraft.stone_slab2":101,"stat.pickup.minecraft.bow":2,"stat.pickup.minecraft.stone_hoe":1,"stat.craftItem.minecraft.furnace":26,"stat.useItem.minecraft.red_flower":26,"stat.useItem.minecraft.egg":3,"stat.craftItem.minecraft.stone_pickaxe":14,"stat.craftItem.minecraft.cooked_beef":4,"stat.mineBlock.minecraft.obsidian":10,"stat.pickup.minecraft.shears":3,"stat.pickup.minecraft.cobblestone":2720,"stat.pickup.minecraft.record_chirp":3,"stat.mineBlock.minecraft.carpet":1,"stat.useItem.minecraft.stone_shovel":593,"stat.flyOneCm":332217,"stat.pickup.minecraft.fish":13,"stat.drop.minecraft.wheat_seeds":38,"stat.useItem.minecraft.cooked_beef":2,"stat.pickup.minecraft.golden_pickaxe":1,"stat.pickup.minecraft.redstone":214,"stat.mineBlock.minecraft.iron_ore":90,"stat.craftItem.minecraft.book":4,"stat.timeSinceDeath":391624,"stat.useItem.minecraft.sign":20,"stat.craftItem.minecraft.painting":14,"stat.pickup.minecraft.mutton":4,"stat.drop.minecraft.coal":87,"stat.craftItem.minecraft.stonebrick":1924,"stat.pickup.minecraft.chainmail_helmet":1,"stat.pickup.minecraft.stonebrick":128,"stat.pickup.minecraft.spruce_fence":2,"stat.useItem.minecraft.cooked_porkchop":16,"stat.pickup.minecraft.carpet":3,"stat.pickup.minecraft.diamond_shovel":6,"stat.mineBlock.minecraft.coal_ore":366,"stat.killEntity.Creeper":3,"stat.craftItem.minecraft.stone_hoe":1,"stat.pickup.minecraft.string":6,"stat.entityKilledBy.Skeleton":3,"stat.craftItem.minecraft.stone_slab2":0,"stat.useItem.minecraft.spruce_fence":4,"stat.sprintOneCm":704966,"stat.useItem.minecraft.diamond_shovel":2375,"stat.craftItem.minecraft.stick":472,"stat.useItem.minecraft.bed":1,"stat.craftItem.minecraft.stone":1935,"stat.mineBlock.minecraft.diamond_ore":4,"stat.mineBlock.minecraft.crafting_table":11,"stat.useItem.minecraft.diamond_pickaxe":12,"stat.drop.minecraft.lava_bucket":1,"stat.pickup.minecraft.leather_leggings":1,"stat.craftItem.minecraft.wooden_pressure_plate":6,"stat.useItem.minecraft.bucket":47,"stat.entityKilledBy.Creeper":2,"stat.mineBlock.minecraft.planks":908,"stat.drop":53,"stat.pickup.minecraft.jukebox":2,"stat.killEntity.Sheep":2,"stat.pickup.minecraft.slime_ball":7,"stat.pickup.minecraft.golden_chestplate":2,"stat.killEntity.Zombie":28,"stat.craftItem.minecraft.dye":14,"stat.mineBlock.minecraft.gold_ore":9,"stat.diveOneCm":71857,"stat.pickup.minecraft.wheat":239,"stat.pickup.minecraft.record_strad":2,"stat.pickup.minecraft.sign":23,"stat.pickup.minecraft.gravel":68,"stat.craftItem.minecraft.cooked_porkchop":11,"stat.killEntity.Slime":12,"stat.useItem.minecraft.chicken":1,"stat.pickup.minecraft.stone_axe":9,"stat.useItem.minecraft.apple":10,"stat.pickup.minecraft.obsidian":10,"stat.useItem.minecraft.porkchop":2,"stat.useItem.minecraft.carpet":1,"stat.jump":6201,"stat.useItem.minecraft.sand":107,"stat.pickup.minecraft.fence":81,"stat.pickup.minecraft.coal":433,"stat.pickup.minecraft.iron_ingot":12,"stat.useItem.minecraft.stone_axe":2488,"stat.craftItem.minecraft.bread":42,"stat.pickup.minecraft.gunpowder":3,"stat.pickup.minecraft.spider_eye":4,"stat.craftItem.minecraft.torch":268,"stat.pickup.minecraft.dirt":2617,"stat.drop.minecraft.glass":15,"stat.useItem.minecraft.cooked_chicken":4,"stat.pickup.minecraft.iron_ore":104,"stat.useItem.minecraft.glass":31,"stat.pickup.minecraft.stone_shovel":6,"stat.useItem.minecraft.sapling":109,"stat.pickup.minecraft.gold_ore":9,"stat.mineBlock.minecraft.lapis_ore":4,"stat.pickup.minecraft.iron_axe":1,"stat.pickup.minecraft.leaves":25,"stat.mineBlock.minecraft.glass_pane":70,"stat.mineBlock.minecraft.stone_stairs":21,"stat.damageTaken":5365,"stat.pickup.minecraft.leather":16,"stat.mineBlock.minecraft.torch":81,"stat.mineBlock.minecraft.furnace":2,"stat.mineBlock.minecraft.red_flower":28,"stat.mineBlock.minecraft.sapling":4,"stat.pickup.minecraft.reeds":441,"stat.killEntity.CaveSpider":2,"stat.pickup.minecraft.bed":1,"stat.mineBlock.minecraft.fence_gate":2,"stat.pickup.minecraft.oak_stairs":55,"stat.damageDealt":15275,"stat.craftItem.minecraft.glass":487,"stat.sleepInBed":5,"stat.killEntity.Silverfish":6,"stat.killEntity.Cow":5,"stat.useItem.minecraft.crafting_table":16,"stat.pickup.minecraft.minecart":4,"stat.killEntity.Pig":9,"stat.pickup.minecraft.record_wait":1,"stat.craftItem.minecraft.iron_sword":1,"stat.walkOneCm":7981999,"stat.useItem.minecraft.chest":14,"stat.pickup.minecraft.stick":88,"stat.pickup.minecraft.diamond_pickaxe":1,"stat.pickup.minecraft.spectral_arrow":3,"stat.useItem.minecraft.lava_bucket":2,"stat.breakItem.minecraft.stone_pickaxe":17,"stat.pickup.minecraft.tnt":1,"stat.pickup.minecraft.stone":161,"stat.useItem.minecraft.spruce_stairs":36,"stat.drop.minecraft.wooden_slab":4,"stat.pickup.minecraft.cooked_beef":4,"stat.killEntity.Skeleton":7,"stat.pickup.minecraft.record_mellohi":1,"stat.craftItem.minecraft.bookshelf":1,"stat.mineBlock.minecraft.stonebrick":129,"stat.killEntity.Chicken":47,"stat.mineBlock.minecraft.redstone_torch":1,"stat.killEntity.Spider":6,"stat.craftItem.minecraft.spruce_fence":33,"stat.mobKills":140,"stat.craftItem.minecraft.fence":228,"stat.breakItem.minecraft.iron_axe":1,"stat.pickup.minecraft.water_bucket":1,"stat.pickup.minecraft.diamond":7,"stat.mineBlock.minecraft.leaves":480,"stat.breakItem.minecraft.diamond_shovel":1,"stat.pickup.minecraft.torch":112,"stat.pickup.minecraft.spruce_stairs":14,"stat.mineBlock.minecraft.redstone_ore":50,"stat.pickup.minecraft.lava_bucket":2,"stat.drop.minecraft.stone_axe":1,"stat.craftItem.minecraft.spruce_stairs":100,"stat.breakItem.minecraft.stone_sword":3,"stat.mineBlock.minecraft.stone":2356}