{"stat.pickup.minecraft.bone":5,"stat.pickup.minecraft.redstone_torch":13,"stat.horseOneCm":594637,"stat.useItem.minecraft.iron_axe":10,"stat.leaveGame":10,"stat.mineBlock.minecraft.cobblestone":6,"stat.pickup.minecraft.flint":13,"stat.entityKilledBy.Witch":1,"stat.craftItem.minecraft.iron_axe":1,"stat.killEntity.Ozelot":3,"stat.mineBlock.minecraft.brown_mushroom":6,"stat.killEntity.Blaze":4,"stat.useItem.minecraft.diamond_sword":269,"stat.useItem.minecraft.glowstone":21,"stat.swimOneCm":81285,"stat.climbOneCm":51749,"stat.craftItem.minecraft.shield":1,"stat.useItem.minecraft.planks":178,"stat.mineBlock.minecraft.web":26,"stat.drop.minecraft.cobblestone":1,"stat.pickup.minecraft.cooked_porkchop":4,"stat.pickup.minecraft.porkchop":8,"stat.breakItem.minecraft.iron_pickaxe":9,"stat.useItem.minecraft.redstone_torch":72,"stat.useItem.minecraft.obsidian":12,"stat.useItem.minecraft.dirt":126,"stat.pickup.minecraft.bow":2,"stat.pickup.minecraft.iron_boots":3,"stat.useItem.minecraft.water_bucket":18,"stat.pickup.minecraft.rotten_flesh":27,"stat.useItem.minecraft.diamond_hoe":50,"stat.craftItem.minecraft.iron_boots":1,"stat.useItem.minecraft.rail":214,"stat.killEntity.Enderman":3,"stat.useItem.minecraft.record_cat":3,"stat.pickup.minecraft.cobblestone":1756,"stat.useItem.minecraft.spruce_fence_gate":5,"stat.flyOneCm":1527931,"stat.craftItem.minecraft.iron_shovel":2,"stat.pickup.minecraft.brown_mushroom":6,"stat.killEntity.Witch":2,"stat.pickup.minecraft.fish":2,"stat.drop.minecraft.wheat_seeds":1,"stat.pickup.minecraft.redstone":525,"stat.mineBlock.minecraft.iron_ore":118,"stat.timeSinceDeath":230363,"stat.useItem.minecraft.iron_pickaxe":2143,"stat.useItem.minecraft.spawn_egg":79,"stat.useItem.minecraft.wooden_slab":120,"stat.drop.minecraft.spider_eye":1,"stat.pickup.minecraft.mutton":6,"stat.useItem.minecraft.iron_shovel":166,"stat.killEntity.Bat":1,"stat.useItem.minecraft.potato":11,"stat.furnaceInteraction":24,"stat.mineBlock.minecraft.rail":6,"stat.killEntity.Wolf":1,"stat.useItem.minecraft.cooked_porkchop":4,"stat.pickup.minecraft.iron_shovel":6,"stat.useItem.minecraft.pumpkin_seeds":5,"stat.killEntity.ZombieVillager":1,"stat.mineBlock.minecraft.coal_ore":454,"stat.pickup.minecraft.wooden_button":3,"stat.killEntity.Creeper":3,"stat.pickup.minecraft.string":76,"stat.drop.minecraft.stone_slab":1,"stat.pickup.minecraft.filled_map":3,"stat.useItem.minecraft.minecart":24,"stat.pickup.minecraft.beef":7,"stat.entityKilledBy.Skeleton":1,"stat.useItem.minecraft.spruce_fence":323,"stat.useItem.minecraft.trapdoor":12,"stat.sprintOneCm":94602,"stat.useItem.minecraft.stained_glass":39,"stat.pickup.minecraft.iron_chestplate":3,"stat.drop.minecraft.leather":1,"stat.useItem.minecraft.hay_block":166,"stat.useItem.minecraft.fence":1,"stat.useItem.minecraft.stone_stairs":61,"stat.craftItem.minecraft.stick":120,"stat.useItem.minecraft.stone_slab":635,"stat.useItem.minecraft.acacia_fence":110,"stat.mineBlock.minecraft.diamond_ore":2,"stat.mineBlock.minecraft.fence":12,"stat.useItem.minecraft.wheat_seeds":33,"stat.useItem.minecraft.wooden_button":6,"stat.useItem.minecraft.carrot":11,"stat.pickup.minecraft.emerald":8,"stat.deaths":4,"stat.drop":50,"stat.pickup.minecraft.egg":14,"stat.playOneMinute":878534,"stat.pickup.minecraft.blaze_rod":1,"stat.killEntity.Sheep":16,"stat.craftItem.minecraft.iron_pickaxe":11,"stat.useItem.minecraft.melon_seeds":11,"stat.killEntity.Zombie":19,"stat.useItem.minecraft.birch_stairs":133,"stat.drop.minecraft.torch":1,"stat.mineBlock.minecraft.gold_ore":44,"stat.mineBlock.minecraft.tallgrass":2,"stat.diveOneCm":44025,"stat.pickup.minecraft.wheat":21,"stat.chestOpened":104,"stat.pickup.minecraft.sign":1,"stat.useItem.minecraft.stone":486,"stat.useItem.minecraft.jungle_fence":2,"stat.pickup.minecraft.gravel":86,"stat.pickup.minecraft.arrow":40,"stat.useItem.minecraft.acacia_fence_gate":5,"stat.useItem.minecraft.carpet":14,"stat.useItem.minecraft.stained_glass_pane":23,"stat.drop.minecraft.iron_pickaxe":3,"stat.pickup.minecraft.diamond_sword":4,"stat.jump":3680,"stat.pickup.minecraft.fence":18,"stat.pickup.minecraft.coal":718,"stat.pickup.minecraft.iron_helmet":3,"stat.fallOneCm":27244,"stat.pickup.minecraft.iron_ingot":23,"stat.useItem.minecraft.dark_oak_boat":1,"stat.pickup.minecraft.carrot":18,"stat.drop.minecraft.diamond_sword":1,"stat.entityKilledBy.CaveSpider":1,"stat.crouchOneCm":7273,"stat.pickup.minecraft.rail":33,"stat.pickup.minecraft.spider_eye":3,"stat.craftItem.minecraft.iron_ingot":74,"stat.craftItem.minecraft.torch":256,"stat.useItem.minecraft.stone_button":2,"stat.craftItem.minecraft.iron_helmet":1,"stat.pickup.minecraft.dirt":182,"stat.craftingTableInteraction":12,"stat.pickup.minecraft.iron_ore":153,"stat.boatOneCm":27697,"stat.pickup.minecraft.gold_ore":63,"stat.mineBlock.minecraft.lapis_ore":24,"stat.pickup.minecraft.iron_axe":4,"stat.useItem.minecraft.golden_rail":175,"stat.damageTaken":5643,"stat.pickup.minecraft.leather":4,"stat.useItem.minecraft.dark_oak_fence":237,"stat.pickup.minecraft.record_cat":2,"stat.craftItem.minecraft.wooden_button":4,"stat.mineBlock.minecraft.torch":6,"stat.useItem.minecraft.reeds":14,"stat.pickup.minecraft.dye":225,"stat.pickup.minecraft.planks":1,"stat.pickup.minecraft.reeds":10,"stat.pickup.minecraft.iron_leggings":3,"stat.killEntity.CaveSpider":8,"stat.drop.minecraft.minecart":2,"stat.pickup.minecraft.wheat_seeds":45,"stat.useItem.minecraft.birch_fence":162,"stat.useItem.minecraft.magma":1,"stat.pickup.minecraft.potato":19,"stat.mineBlock.minecraft.gravel":92,"stat.craftItem.minecraft.iron_leggings":1,"stat.damageDealt":21330,"stat.craftItem.minecraft.glass":8,"stat.killEntity.Cow":7,"stat.mineBlock.minecraft.dirt":82,"stat.killEntity.Pig":32,"stat.drop.minecraft.iron_axe":1,"stat.walkOneCm":3147744,"stat.useItem.minecraft.torch":132,"stat.pickup.minecraft.stick":3,"stat.useItem.minecraft.log":58,"stat.useItem.minecraft.cobblestone":339,"stat.useItem.minecraft.gravel":4,"stat.useItem.minecraft.dark_oak_fence_gate":4,"stat.minecartOneCm":768902,"stat.mineBlock.minecraft.emerald_ore":6,"stat.useItem.minecraft.cooked_fish":8,"stat.drop.minecraft.chicken":1,"stat.pickup.minecraft.iron_pickaxe":12,"stat.mineBlock.minecraft.golden_rail":2,"stat.useItem.minecraft.birch_fence_gate":3,"stat.craftItem.minecraft.gold_ingot":17,"stat.pickup.minecraft.stone":1,"stat.useItem.minecraft.spruce_stairs":7,"stat.drop.minecraft.planks":1,"stat.craftItem.minecraft.iron_chestplate":1,"stat.pickup.minecraft.chicken":2,"stat.pickup.minecraft.ender_pearl":4,"stat.pickup.minecraft.sapling":56,"stat.pickup.minecraft.apple":4,"stat.killEntity.Skeleton":13,"stat.killEntity.PolarBear":1,"stat.killEntity.Chicken":5,"stat.itemEnchanted":5,"stat.useItem.minecraft.iron_block":147,"stat.killEntity.Spider":4,"stat.drop.minecraft.filled_map":1,"stat.mobKills":125,"stat.useItem.minecraft.stonebrick":179,"stat.pickup.minecraft.diamond":2,"stat.pickup.minecraft.torch":122,"stat.useItem.minecraft.beetroot_seeds":14,"stat.mineBlock.minecraft.redstone_ore":107,"stat.sneakTime":7709,"stat.pickup.minecraft.wool":4,"stat.pickup.minecraft.cooked_fish":22,"stat.pickup.minecraft.stone_slab":1,"stat.craftItem.minecraft.brick":52,"stat.pickup.minecraft.yellow_flower":6,"stat.pickup.minecraft.golden_rail":7,"stat.mineBlock.minecraft.stone":1374,"stat.useItem.minecraft.sandstone":2}