{"stat.useItem.minecraft.bow":47,"stat.craftItem.thaumcraft.dioptra":1,"stat.pickup.minecraft.wooden_slab":24,"stat.leaveGame":28,"stat.drop.minecraft.gunpowder":2,"stat.drop.minecraft.redstone":1,"stat.useItem.minecraft.glowstone":1,"stat.useItem.thaumcraft.salis_mundus":3,"stat.killEntity.PigZombie":6,"stat.mineBlock.minecraft.stained_glass":2,"stat.pickup.tconstruct.faucet":1,"stat.craftItem.minecraft.shield":1,"stat.mineBlock.minecraft.web":1,"stat.mineBlock.gravestone.gravestone":1,"stat.craftItem.thaumcraft.scribing_tools":6,"stat.drop.minecraft.iron_sword":1,"stat.pickup.tconstruct.scythe_head":1,"stat.pickup.minecraft.rotten_flesh":114,"stat.useItem.minecraft.birch_boat":3,"stat.craftItem.minecraft.noteblock":1,"stat.pickup.minecraft.bucket":2,"stat.killEntity.Enderman":1,"stat.mineBlock.minecraft.wooden_slab":9,"stat.pickup.minecraft.leather_boots":3,"stat.pickup.thaumcraft.nitor_yellow":5,"stat.craftItem.thaumcraft.table_stone":1,"stat.craftItem.minecraft.iron_shovel":7,"stat.pickup.minecraft.brown_mushroom":2,"stat.drop.thaumcraft.quicksilver":2,"stat.killEntity.Witch":4,"stat.useItem.minecraft.iron_pickaxe":687,"stat.pickup.minecraft.stained_hardened_clay":2,"stat.craftItem.minecraft.wooden_pickaxe":2,"stat.useItem.minecraft.iron_shovel":448,"stat.drop.minecraft.cooked_mutton":6,"stat.pickup.minecraft.double_plant":3,"stat.drop.minecraft.wooden_shovel":1,"stat.craftItem.minecraft.glass_pane":32,"stat.mineBlock.chisel.marble2":170,"stat.pickup.minecraft.wooden_shovel":1,"stat.furnaceInteraction":135,"stat.useItem.minecraft.nether_wart":7,"stat.mineBlock.minecraft.rail":3,"stat.mineBlock.biomesoplenty.magic_fence":2,"stat.killEntity.ZombieVillager":2,"stat.pickup.minecraft.nether_brick":13,"stat.pickup.minecraft.sponge":2,"stat.mineBlock.thaumcraft.stone_arcane":1,"stat.craftItem.thaumcraft.thaumometer":6,"stat.pickup.minecraft.beef":85,"stat.mineBlock.minecraft.wooden_button":1,"stat.mineBlock.thaumcraft.wand_workbench":2,"stat.mineBlock.minecraft.stained_hardened_clay":3,"stat.craftItem.minecraft.prismarine":64,"stat.mineBlock.minecraft.sponge":1,"stat.craftItem.thaumcraft.plank_silverwood":32,"stat.pickup.tconstruct.hammer":5,"stat.pickup.tconstruct.smeltery_io":1,"stat.useItem.minecraft.flint_and_steel":1,"stat.useItem.minecraft.wheat_seeds":119,"stat.pickup.thaumcraft.crystal_essence":1168,"stat.craftItem.minecraft.dropper":1,"stat.useItem.thaumcraft.stone_arcane":7,"stat.useItem.minecraft.beef":3,"stat.pickup.minecraft.lever":6,"stat.deaths":19,"stat.useItem.tconstruct.smeltery_io":2,"stat.pickup.minecraft.egg":49,"stat.craftItem.minecraft.wooden_shovel":1,"stat.mineBlock.thaumcraft.alembic":8,"stat.useItem.minecraft.nether_brick":1,"stat.craftItem.minecraft.iron_pickaxe":7,"stat.pickup.minecraft.glass_pane":36,"stat.drop.minecraft.iron_ingot":84,"stat.drop.minecraft.torch":9,"stat.pickup.chisel.marble2":182,"stat.mineBlock.minecraft.tallgrass":26,"stat.pickup.tconstruct.seared":10,"stat.chestOpened":1419,"stat.craftItem.minecraft.sign":21,"stat.useItem.minecraft.stone":17,"stat.pickup.thaumcraft.log_silverwood":134,"stat.pickup.minecraft.iron_sword":6,"stat.pickup.minecraft.arrow":208,"stat.killEntity.Ghast":2,"stat.pickup.minecraft.gold_nugget":6,"stat.drop.minecraft.iron_pickaxe":1,"stat.pickup.chisel.basalt2":6,"stat.pickup.minecraft.carrot":144,"stat.crouchOneCm":3787,"stat.pickup.minecraft.rail":80,"stat.mineBlock.minecraft.chest":15,"stat.craftItem.minecraft.iron_ingot":108,"stat.craftItem.thaumcraft.stone_arcane_brick":4,"stat.craftItem.minecraft.hopper":2,"stat.drop.minecraft.slime_ball":2,"stat.craftingTableInteraction":96,"stat.craftItem.tconstruct.pattern":74,"stat.mineBlock.minecraft.log2":10,"stat.drop.thaumcraft.vis_resonator":1,"stat.mineBlock.thaumcraft.leaves_greatwood":7,"stat.useItem.minecraft.reeds":83,"stat.pickup.minecraft.birch_boat":2,"stat.mineBlock.tconstruct.smeltery_io":1,"stat.pickup.tconstruct.shard":12,"stat.pickup.minecraft.dye":139,"stat.pickup.minecraft.planks":120,"stat.drop.minecraft.minecart":1,"stat.pickup.chisel.limestone2":145,"stat.drop.thaumcraft.celestial_notes":2,"stat.pickup.minecraft.wheat_seeds":431,"stat.drop.minecraft.snow":2,"stat.mineBlock.minecraft.glass":1,"stat.useItem.minecraft.enchanting_table":2,"stat.mineBlock.minecraft.dirt":344,"stat.useItem.thaumcraft.phial":34,"stat.pickup.tconstruct.pattern":24,"stat.useItem.minecraft.bread":32,"stat.mineBlock.mekanism.saltblock":22,"stat.drop.thaumcraft.vishroom":2,"stat.drop.minecraft.rotten_flesh":18,"stat.useItem.minecraft.cobblestone":380,"stat.useItem.minecraft.gravel":37,"stat.mineBlock.minecraft.double_plant":1,"stat.pickup.tconstruct.pickaxe":7,"stat.minecartOneCm":415854,"stat.pickup.minecraft.iron_pickaxe":7,"stat.useItem.tconstruct.pickaxe":1042,"stat.mineBlock.thaumcraft.crystal_terra":27,"stat.craftItem.minecraft.gold_ingot":18,"stat.pickup.minecraft.chicken":27,"stat.pickup.thaumcraft.vishroom":9,"stat.craftItem.minecraft.brewing_stand":1,"stat.pickup.minecraft.apple":4,"stat.breakItem.minecraft.stone_shovel":1,"stat.drop.thaumcraft.nugget":339,"stat.mineBlock.thaumcraft.shimmerleaf":3,"stat.craftItem.minecraft.bucket":12,"stat.craftItem.minecraft.planks":680,"stat.useItem.minecraft.iron_sword":404,"stat.itemEnchanted":18,"stat.mineBlock.thaumcraft.crystal_ordo":43,"stat.pickup.thaumcraft.research_table":2,"stat.pickup.minecraft.book":24,"stat.useItem.minecraft.stonebrick":308,"stat.drop.thaumcraft.crystal_essence":55,"stat.mineBlock.minecraft.log":236,"stat.useItem.minecraft.monster_egg":43,"stat.pickup.tconstruct.large_plate":2,"stat.craftItem.minecraft.paper":741,"stat.pickup.minecraft.red_flower":5,"stat.pickup.minecraft.wool":18,"stat.craftItem.thaumcraft.plank_greatwood":52,"stat.pickup.thaumcraft.log_greatwood":206,"stat.mineBlock.thaumcraft.ore_cinnabar":26,"stat.craftItem.thaumcraft.smelter_basic":1,"stat.craftItem.minecraft.diamond_leggings":1,"stat.useItem.minecraft.iron_axe":184,"stat.craftItem.minecraft.tnt_minecart":1,"stat.drop.minecraft.stone_shovel":1,"stat.mineBlock.minecraft.cobblestone":97,"stat.pickup.minecraft.stone_pickaxe":1,"stat.pickup.minecraft.flint":67,"stat.pickup.minecraft.leather_chestplate":1,"stat.mineBlock.thaumcraft.ore_amber":10,"stat.drop.minecraft.cobblestone":7,"stat.pickup.minecraft.cooked_porkchop":3,"stat.craftItem.minecraft.arrow":64,"stat.mineBlock.ironchest.iron_chest":2,"stat.useItem.minecraft.stone_slab2":149,"stat.pickup.minecraft.bow":8,"stat.pickup.minecraft.iron_boots":7,"stat.drop.thaumcraft.focus_1":4,"stat.mineBlock.tconstruct.slime_vine_purple_end":2,"stat.craftItem.minecraft.furnace":1,"stat.useItem.minecraft.egg":46,"stat.craftItem.minecraft.iron_boots":1,"stat.craftItem.thaumcraft.wand_workbench":1,"stat.killEntity.Firebat":2,"stat.mineBlock.minecraft.clay":125,"stat.pickup.minecraft.diamond_leggings":1,"stat.flyOneCm":2704772,"stat.pickup.minecraft.fish":3,"stat.craftItem.thaumcraft.sanity_checker":1,"stat.timeSinceDeath":127658,"stat.pickup.thaumcraft.tallow":2,"stat.useItem.minecraft.wooden_slab":9,"stat.drop.minecraft.spider_eye":1,"stat.craftItem.minecraft.iron_block":5,"stat.useItem.thaumcraft.pedestal_arcane":6,"stat.craftItem.thaumcraft.plate":21,"stat.useItem.minecraft.potato":11,"stat.craftItem.tconstruct.seared":76,"stat.pickup.minecraft.nether_wart":8,"stat.mineBlock.minecraft.enchanting_table":2,"stat.killEntity.Wolf":4,"stat.mineBlock.minecraft.coal_ore":291,"stat.useItem.biomesoplenty.magic_fence":14,"stat.killEntity.Creeper":29,"stat.pickup.minecraft.shield":1,"stat.pickup.minecraft.string":83,"stat.mineBlock.minecraft.ladder":2,"stat.entityKilledBy.Skeleton":2,"stat.pickup.thaumcraft.shimmerleaf":3,"stat.useItem.minecraft.written_book":3,"stat.craftItem.tconstruct.tooltables":13,"stat.killEntity.Squid":8,"stat.sprintOneCm":1579997,"stat.useItem.minecraft.diamond_shovel":377,"stat.mineBlock.minecraft.stone_slab":1,"stat.mineBlock.biomesoplenty.grass":8,"stat.mineBlock.minecraft.diamond_ore":12,"stat.useItem.minecraft.snowball":37,"stat.drop.tconstruct.cleaver":1,"stat.pickup.minecraft.leather_leggings":1,"stat.useItem.tconstruct.seared_tank":19,"stat.breakItem.minecraft.iron_shovel":1,"stat.useItem.minecraft.ladder":17,"stat.pickup.minecraft.iron_block":1,"stat.killEntity.Zombie":62,"stat.pickup.minecraft.snowball":56,"stat.craftItem.minecraft.dye":12,"stat.useItem.tconstruct.hammer":6719,"stat.mineBlock.minecraft.gold_ore":53,"stat.diveOneCm":296065,"stat.pickup.minecraft.wheat":543,"stat.pickup.tconstruct.tooltables":9,"stat.craftItem.minecraft.ladder":12,"stat.pickup.minecraft.sign":41,"stat.craftItem.minecraft.cooked_porkchop":35,"stat.craftItem.thaumcraft.fabric":9,"stat.craftItem.thaumcraft.salis_mundus":28,"stat.mineBlock.tconstruct.slime_leaves":3,"stat.pickup.minecraft.obsidian":6,"stat.useItem.minecraft.rotten_flesh":9,"stat.craftItem.minecraft.diamond_sword":1,"stat.jump":7741,"stat.drop.thaumcraft.caster_basic":2,"stat.pickup.minecraft.coal":295,"stat.pickup.minecraft.iron_ingot":52,"stat.pickup.tconstruct.seared_tank":18,"stat.pickup.minecraft.gunpowder":45,"stat.craftItem.minecraft.torch":160,"stat.pickup.thaumcraft.plank_greatwood":15,"stat.pickup.minecraft.dirt":776,"stat.drop.minecraft.iron_shovel":3,"stat.pickup.thaumcraft.vis_resonator":2,"stat.useItem.minecraft.glass":1,"stat.pickup.minecraft.stone_shovel":3,"stat.pickup.minecraft.gold_ore":52,"stat.mineBlock.minecraft.lapis_ore":15,"stat.drop.tconstruct.hammer":1,"stat.pickup.minecraft.iron_axe":2,"stat.mineBlock.minecraft.glass_pane":24,"stat.brewingstandInteraction":27,"stat.damageTaken":17313,"stat.mineBlock.minecraft.torch":23,"stat.pickup.minecraft.written_book":3,"stat.mineBlock.minecraft.red_flower":3,"stat.pickup.minecraft.magma_cream":1,"stat.pickup.minecraft.log2":49,"stat.pickup.minecraft.bed":3,"stat.pickup.minecraft.potato":26,"stat.pickup.minecraft.diamond_axe":2,"stat.drop.thaumcraft.brain":1,"stat.craftItem.minecraft.stone_slab":6,"stat.useItem.tconstruct.shovel":4,"stat.useItem.minecraft.chest":27,"stat.craftItem.tconstruct.smeltery_io":4,"stat.drop.minecraft.wheat":1,"stat.pickup.minecraft.diamond_pickaxe":4,"stat.useItem.minecraft.lava_bucket":1,"stat.craftItem.minecraft.iron_chestplate":1,"stat.craftItem.thaumcraft.caster_basic":1,"stat.drop.minecraft.egg":1,"stat.pickup.minecraft.cooked_beef":131,"stat.pickup.minecraft.ladder":5,"stat.craftItem.minecraft.bookshelf":18,"stat.drop.thaumcraft.plank_silverwood":14,"stat.mineBlock.minecraft.stonebrick":7,"stat.mineBlock.minecraft.glowstone":81,"stat.pickup.minecraft.dark_oak_stairs":2,"stat.mobKills":564,"stat.pickup.minecraft.diamond_boots":1,"stat.mineBlock.minecraft.bookshelf":4,"stat.drop.minecraft.written_book":1,"stat.pickup.thaumcraft.thaumometer":4,"stat.pickup.minecraft.diamond":32,"stat.pickup.minecraft.iron_horse_armor":3,"stat.pickup.minecraft.beetroot_seeds":3,"stat.pickup.minecraft.torch":81,"stat.pickup.thaumcraft.brain":6,"stat.pickup.thaumcraft.thaumonomicon":5,"stat.craftItem.thaumcraft.quicksilver":3,"stat.pickup.tconstruct.book":1,"stat.pickup.thaumcraft.plate":2,"stat.craftItem.thaumcraft.baubles":1,"stat.mineBlock.tconstruct.seared_tank":18,"stat.mineBlock.thaumcraft.ore_quartz":12,"stat.useItem.minecraft.bookshelf":14,"stat.useItem.minecraft.soul_sand":18,"stat.craftItem.thaumcraft.table_wood":2,"stat.killEntity.Blaze":10,"stat.pickup.gravestone.death_info":2,"stat.useItem.minecraft.planks":152,"stat.drop.tconstruct.pickaxe":3,"stat.craftItem.thaumcraft.vis_resonator":7,"stat.pickup.thaumcraft.crucible":3,"stat.pickup.minecraft.glowstone_dust":345,"stat.pickup.minecraft.porkchop":91,"stat.pickup.minecraft.glass":10,"stat.useItem.minecraft.water_bucket":6,"stat.mineBlock.thaumcraft.log_greatwood":425,"stat.pickup.minecraft.sand":583,"stat.entityKilledBy.Spider":1,"stat.pickup.thaumcraft.focus_1":7,"stat.craftItem.tconstruct.casting":2,"stat.pickup.minecraft.wooden_hoe":2,"stat.pickup.minecraft.activator_rail":2,"stat.mineBlock.minecraft.snow_layer":10,"stat.mineBlock.minecraft.sand":606,"stat.mineBlock.biomesoplenty.ash_block":102,"stat.craftItem.minecraft.wooden_hoe":2,"stat.craftItem.minecraft.cooked_fish":1,"stat.craftItem.minecraft.blaze_powder":4,"stat.craftItem.thaumcraft.recharge_pedestal":1,"stat.hopperInspected":11,"stat.drop.minecraft.golden_sword":1,"stat.mineBlock.thaumcraft.log_silverwood":146,"stat.trappedChestTriggered":2,"stat.drop.minecraft.rail":1,"stat.mineBlock.minecraft.dark_oak_stairs":1,"stat.pickup.tconstruct.cleaver":5,"stat.pickup.minecraft.wooden_button":4,"stat.useItem.minecraft.minecart":1,"stat.pickup.minecraft.furnace":14,"stat.useItem.minecraft.cooked_mutton":2,"stat.pickup.thaumcraft.stone_arcane":127,"stat.pickup.minecraft.iron_chestplate":6,"stat.useItem.minecraft.stone_stairs":2,"stat.pickup.minecraft.skull":3,"stat.mineBlock.thaumcraft.vishroom":10,"stat.drop.thaumcraft.salis_mundus":9,"stat.killEntity.Horse":10,"stat.drop.minecraft.spectral_arrow":1,"stat.pickup.minecraft.stone_stairs":22,"stat.pickup.thaumcraft.salis_mundus":2,"stat.pickup.thaumcraft.nugget":654,"stat.craftItem.ironchest.iron_chest":4,"stat.pickup.tconstruct.slime_dirt":2,"stat.pickup.minecraft.saddle":4,"stat.mineBlock.minecraft.soul_sand":59,"stat.pickup.ironchest.iron_chest":2,"stat.playOneMinute":1915735,"stat.pickup.minecraft.blaze_rod":3,"stat.pickup.minecraft.iron_bars":22,"stat.pickup.minecraft.netherrack":2139,"stat.pickup.tconstruct.casting":8,"stat.mineBlock.minecraft.netherrack":2072,"stat.useItem.minecraft.sponge":1,"stat.craftItem.thaumcraft.arcane_workbench_charger":2,"stat.pickup.minecraft.detector_rail":11,"stat.pickup.thaumcraft.sapling_greatwood":1,"stat.mineBlock.tconstruct.faucet":1,"stat.drop.thaumcraft.amber":1,"stat.craftItem.minecraft.iron_nugget":18,"stat.pickup.tconstruct.excavator":4,"stat.pickup.minecraft.cooked_chicken":100,"stat.fallOneCm":188971,"stat.pickup.biomesoplenty.magic_fence":54,"stat.craftItem.thaumcraft.stone_arcane":108,"stat.drop.minecraft.dye":4,"stat.pickup.minecraft.melon_seeds":7,"stat.craftItem.tconstruct.toolforge":2,"stat.craftItem.minecraft.chest":21,"stat.craftItem.thaumcraft.slab_arcane_stone":54,"stat.pickup.minecraft.feather":34,"stat.pickup.minecraft.monster_egg":64,"stat.craftItem.thaumcraft.filter":4,"stat.craftItem.tconstruct.materials":242,"stat.killEntity.Llama":11,"stat.pickup.minecraft.iron_leggings":6,"stat.mineBlock.minecraft.gravel":477,"stat.useItem.minecraft.stone_pickaxe":12,"stat.craftItem.tconstruct.seared_tank":8,"stat.craftItem.minecraft.iron_leggings":1,"stat.drop.minecraft.iron_axe":1,"stat.useItem.minecraft.iron_bars":5,"stat.useItem.minecraft.torch":200,"stat.pickup.minecraft.golden_apple":2,"stat.craftItem.thaumcraft.pedestal_arcane":7,"stat.pickup.minecraft.iron_nugget":36,"stat.craftItem.minecraft.redstone_block":1,"stat.craftItem.minecraft.stone_stairs":16,"stat.useItem.ironchest.iron_chest":3,"stat.pickup.minecraft.crafting_table":4,"stat.craftItem.minecraft.crafting_table":9,"stat.killEntity.LavaSlime":23,"stat.pickup.minecraft.log":174,"stat.useItem.minecraft.cooked_fish":1,"stat.mineBlock.minecraft.golden_rail":1,"stat.pickup.minecraft.web":3,"stat.pickup.minecraft.sapling":19,"stat.useItem.thaumcraft.table_wood":1,"stat.craftItem.tconstruct.smeltery_controller":1,"stat.mineBlock.tconstruct.toolforge":4,"stat.killEntity.PolarBear":2,"stat.mineBlock.tconstruct.slime_grass":2,"stat.craftItem.minecraft.snow":5,"stat.pickup.minecraft.diamond_helmet":1,"stat.killEntity.WitherSkeleton":2,"stat.pickup.minecraft.golden_sword":2,"stat.craftItem.minecraft.sugar":1,"stat.craftItem.thaumcraft.focus_pouch":1,"stat.sneakTime":4052,"stat.pickup.thaumcraft.amber":21,"stat.mineBlock.thaumcraft.crystal_perditio":5,"stat.drop.minecraft.bucket":1,"stat.pickup.minecraft.stone_slab":2,"stat.useItem.minecraft.brewing_stand":1,"stat.pickup.minecraft.yellow_flower":11,"stat.pickup.minecraft.golden_rail":1,"stat.pickup.minecraft.chest":14,"stat.craftItem.minecraft.enchanting_table":1,"stat.craftItem.minecraft.diamond_chestplate":1,"stat.pickup.minecraft.bone":114,"stat.craftItem.minecraft.sticky_piston":2,"stat.pickup.minecraft.redstone_torch":23,"stat.horseOneCm":12656,"stat.drop.tconstruct.sharpening_kit":1,"stat.drop.minecraft.glowstone_dust":9,"stat.mineBlock.thaumcraft.research_table":2,"stat.craftItem.tconstruct.faucet":2,"stat.mineBlock.minecraft.brown_mushroom":2,"stat.useItem.minecraft.diamond_sword":61,"stat.drop.thaumcraft.log_silverwood":3,"stat.craftItem.thaumcraft.goggles":1,"stat.swimOneCm":176917,"stat.climbOneCm":145713,"stat.mineBlock.minecraft.spruce_stairs":6,"stat.craftItem.minecraft.gold_block":2,"stat.enderchestOpened":1,"stat.useItem.minecraft.dirt":58,"stat.useItem.tconstruct.excavator":822,"stat.useItem.tconstruct.lumberaxe":639,"stat.pickup.minecraft.enchanting_table":2,"stat.pickup.minecraft.cobblestone":4467,"stat.useItem.minecraft.stone_shovel":104,"stat.mineBlock.chisel.limestone2":157,"stat.craftItem.minecraft.glass_bottle":15,"stat.pickup.minecraft.soul_sand":47,"stat.pickup.minecraft.glass_bottle":2,"stat.useItem.minecraft.cooked_beef":42,"stat.craftItem.minecraft.wooden_slab":6,"stat.pickup.minecraft.cactus":21,"stat.drop.minecraft.clay_ball":1,"stat.pickup.minecraft.redstone":760,"stat.craftItem.minecraft.book":52,"stat.mineBlock.minecraft.iron_ore":224,"stat.useItem.minecraft.sign":52,"stat.mineBlock.thaumcraft.crucible":3,"stat.pickup.minecraft.mutton":28,"stat.drop.minecraft.coal":10,"stat.pickup.minecraft.wooden_axe":3,"stat.pickup.minecraft.stonebrick":324,"stat.drop.minecraft.dirt":6,"stat.useItem.minecraft.cooked_porkchop":5,"stat.pickup.mekanism.salt":88,"stat.pickup.minecraft.trapdoor":1,"stat.pickup.minecraft.diamond_shovel":1,"stat.mineBlock.minecraft.nether_brick":14,"stat.craftItem.thaumcraft.alembic":2,"stat.craftItem.tconstruct.soil":386,"stat.pickup.tconstruct.smeltery_controller":1,"stat.craftItem.minecraft.stone_slab2":8,"stat.pickup.thaumcraft.focus_pouch":4,"stat.pickup.thaumcraft.phial":3,"stat.pickup.minecraft.paper":79,"stat.pickup.thaumcraft.ingot":15,"stat.craftItem.minecraft.stick":132,"stat.mineBlock.mekanism.oreblock":285,"stat.pickup.biomesoplenty.ash":380,"stat.pickup.thaumcraft.plank_silverwood":5,"stat.mineBlock.minecraft.crafting_table":1,"stat.useItem.minecraft.diamond_pickaxe":657,"stat.useItem.minecraft.carrot":36,"stat.pickup.minecraft.diamond_chestplate":1,"stat.mineBlock.minecraft.planks":26,"stat.drop":635,"stat.mineBlock.thaumcraft.crystal_aqua":7,"stat.killEntity.Sheep":52,"stat.useItem.tconstruct.seared":78,"stat.pickup.minecraft.slime_ball":160,"stat.pickup.minecraft.golden_chestplate":1,"stat.drop.minecraft.bread":1,"stat.craftItem.thaumcraft.nugget":369,"stat.drop.minecraft.nether_wart":2,"stat.pickup.thaumcraft.scribing_tools":2,"stat.pickup.tconstruct.toolforge":4,"stat.killEntity.BrainyZombie":4,"stat.drop.minecraft.wooden_pickaxe":1,"stat.pickup.minecraft.gravel":441,"stat.pickup.thaumcraft.curio":1,"stat.useItem.minecraft.glass_bottle":15,"stat.killEntity.Slime":18,"stat.mineBlock.tconstruct.smeltery_controller":1,"stat.useItem.minecraft.diamond_axe":73,"stat.pickup.thaumcraft.wand_workbench":2,"stat.useItem.minecraft.porkchop":4,"stat.pickup.tconstruct.sharpening_kit":17,"stat.useItem.minecraft.potion":4,"stat.pickup.minecraft.diamond_sword":3,"stat.pickup.minecraft.fence":60,"stat.pickup.minecraft.iron_helmet":3,"stat.useItem.tconstruct.tooltables":1,"stat.craftItem.minecraft.birch_boat":3,"stat.craftItem.minecraft.bread":42,"stat.pickup.minecraft.spider_eye":15,"stat.craftItem.minecraft.iron_helmet":1,"stat.pickup.thaumcraft.caster_basic":7,"stat.drop.minecraft.glass":61,"stat.useItem.minecraft.cooked_chicken":14,"stat.pickup.minecraft.iron_ore":222,"stat.pickup.tconstruct.slime_congealed":9,"stat.pickup.minecraft.snow":4,"stat.boatOneCm":97677,"stat.drop.thaumcraft.phial":4,"stat.craftItem.minecraft.flint_and_steel":1,"stat.mineBlock.tconstruct.tooltables":9,"stat.mineBlock.minecraft.leaves2":5,"stat.mineBlock.minecraft.stone_stairs":19,"stat.pickup.minecraft.leather":56,"stat.craftItem.minecraft.iron_bars":16,"stat.craftItem.thaumcraft.phial":112,"stat.pickup.minecraft.prismarine_shard":376,"stat.pickup.thaumcraft.alembic":8,"stat.drop.minecraft.water_bucket":1,"stat.pickup.minecraft.reeds":584,"stat.killEntity.CaveSpider":4,"stat.pickup.conarm.book":1,"stat.damageDealt":51778,"stat.craftItem.minecraft.glass":64,"stat.drop.minecraft.cooked_chicken":2,"stat.craftItem.minecraft.cauldron":4,"stat.killEntity.Wisp":5,"stat.sleepInBed":5,"stat.craftItem.minecraft.bowl":4,"stat.killEntity.Cow":44,"stat.pickup.minecraft.minecart":4,"stat.useItem.minecraft.crafting_table":1,"stat.killEntity.Pig":100,"stat.craftItem.minecraft.iron_sword":4,"stat.pickup.minecraft.piston":3,"stat.walkOneCm":5953221,"stat.playerKills":1,"stat.pickup.minecraft.stick":26,"stat.useItem.thaumcraft.alembic":2,"stat.pickup.minecraft.spectral_arrow":1,"stat.pickup.minecraft.clay_ball":511,"stat.pickup.mekanism.oreblock":309,"stat.drop.thaumcraft.arcane_workbench":1,"stat.breakItem.minecraft.stone_pickaxe":1,"stat.mineBlock.chisel.basalt2":15,"stat.pickup.minecraft.stone":557,"stat.useItem.minecraft.spruce_stairs":1,"stat.pickup.biomesoplenty.fleshchunk":16,"stat.mineBlock.thaumcraft.crystal_ignis":38,"stat.pickup.minecraft.gold_ingot":12,"stat.killEntity.Skeleton":64,"stat.mineBlock.minecraft.cactus":4,"stat.pickup.thaumcraft.ore_cinnabar":27,"stat.killEntity.Chicken":47,"stat.killEntity.Spider":31,"stat.pickup.minecraft.bread":12,"stat.mineBlock.minecraft.quartz_ore":576,"stat.mineBlock.biomesoplenty.flesh":8,"stat.craftItem.minecraft.tnt":1,"stat.craftItem.thaumcraft.mirrored_glass":1,"stat.pickup.tconstruct.shovel_head":1,"stat.useItem.thaumcraft.curio":1,"stat.pickup.minecraft.quartz":959,"stat.pickup.minecraft.water_bucket":3,"stat.breakItem.minecraft.iron_axe":1,"stat.craftItem.thaumcraft.infusion_matrix":1,"stat.mineBlock.minecraft.leaves":18,"stat.pickup.minecraft.spruce_stairs":7,"stat.mineBlock.tconstruct.seared":10,"stat.mineBlock.minecraft.redstone_ore":32,"stat.mineBlock.tconstruct.casting":8,"stat.pickup.minecraft.lava_bucket":4,"stat.craftItem.minecraft.tripwire_hook":2,"stat.mineBlock.minecraft.stone":4692}