{"stat.chestOpened":24,"stat.pickup.minecraft.bone":2,"stat.useItem.minecraft.stone":18,"stat.leaveGame":3,"stat.pickup.minecraft.gravel":201,"stat.pickup.minecraft.arrow":3,"stat.pickup.minecraft.iron_sword":1,"stat.mineBlock.minecraft.cobblestone":1,"stat.pickup.minecraft.stone_axe":1,"stat.pickup.minecraft.flint":29,"stat.craftItem.minecraft.coal":11,"stat.useItem.minecraft.rotten_flesh":3,"stat.useItem.minecraft.mutton":4,"stat.jump":957,"stat.swimOneCm":7295,"stat.pickup.minecraft.coal":121,"stat.fallOneCm":6375,"stat.pickup.minecraft.iron_ingot":12,"stat.useItem.minecraft.stone_axe":50,"stat.crouchOneCm":1381,"stat.craftItem.minecraft.chest":1,"stat.craftItem.minecraft.torch":76,"stat.craftItem.minecraft.iron_ingot":28,"stat.breakItem.minecraft.iron_pickaxe":2,"stat.pickup.minecraft.dirt":43,"stat.useItem.minecraft.cooked_chicken":1,"stat.craftingTableInteraction":8,"stat.pickup.minecraft.iron_ore":99,"stat.pickup.minecraft.rotten_flesh":3,"stat.craftItem.minecraft.furnace":1,"stat.pickup.minecraft.gold_ore":5,"stat.damageTaken":390,"stat.pickup.minecraft.feather":1,"stat.mineBlock.minecraft.torch":4,"stat.useItem.minecraft.furnace":1,"stat.pickup.minecraft.cobblestone":753,"stat.useItem.minecraft.stone_shovel":19,"stat.flyOneCm":2750,"stat.pickup.minecraft.bed":1,"stat.craftItem.minecraft.iron_shovel":1,"stat.mineBlock.minecraft.gravel":230,"stat.useItem.minecraft.stone_pickaxe":89,"stat.useItem.minecraft.stone_sword":18,"stat.damageDealt":1203,"stat.pickup.minecraft.redstone":278,"stat.mineBlock.minecraft.iron_ore":77,"stat.sleepInBed":5,"stat.timeSinceDeath":22031,"stat.killEntity.Silverfish":3,"stat.mineBlock.minecraft.dirt":35,"stat.useItem.minecraft.crafting_table":2,"stat.useItem.minecraft.iron_pickaxe":495,"stat.pickup.minecraft.mutton":12,"stat.craftItem.minecraft.iron_sword":1,"stat.useItem.minecraft.iron_shovel":239,"stat.mineBlock.minecraft.monster_egg":3,"stat.walkOneCm":410202,"stat.craftItem.minecraft.bed":1,"stat.useItem.minecraft.torch":51,"stat.useItem.minecraft.chest":1,"stat.pickup.minecraft.stick":10,"stat.pickup.minecraft.crafting_table":1,"stat.useItem.minecraft.log":4,"stat.useItem.minecraft.cobblestone":79,"stat.craftItem.minecraft.crafting_table":1,"stat.furnaceInteraction":14,"stat.useItem.minecraft.gravel":3,"stat.pickup.minecraft.iron_shovel":1,"stat.mineBlock.minecraft.coal_ore":80,"stat.minecartOneCm":72418,"stat.mineBlock.minecraft.emerald_ore":1,"stat.pickup.minecraft.log":25,"stat.pickup.minecraft.iron_pickaxe":1,"stat.pickup.minecraft.stone":109,"stat.pickup.minecraft.chicken":3,"stat.pickup.minecraft.sapling":5,"stat.sprintOneCm":30670,"stat.craftItem.minecraft.stick":28,"stat.killEntity.Skeleton":1,"stat.useItem.minecraft.bed":2,"stat.craftItem.minecraft.planks":40,"stat.useItem.minecraft.iron_sword":6,"stat.killEntity.Chicken":3,"stat.mineBlock.minecraft.diamond_ore":4,"stat.mineBlock.minecraft.crafting_table":1,"stat.useItem.minecraft.diamond_pickaxe":262,"stat.mobKills":14,"stat.pickup.minecraft.emerald":1,"stat.mineBlock.minecraft.log":25,"stat.craftItem.minecraft.cooked_chicken":1,"stat.deaths":1,"stat.pickup.minecraft.diamond":8,"stat.mineBlock.minecraft.leaves":10,"stat.playOneMinute":110811,"stat.pickup.minecraft.torch":22,"stat.entityKilledBy.Silverfish":1,"stat.killEntity.Sheep":7,"stat.breakItem.minecraft.iron_shovel":1,"stat.mineBlock.minecraft.redstone_ore":46,"stat.sneakTime":1670,"stat.craftItem.minecraft.iron_pickaxe":2,"stat.pickup.minecraft.wool":8,"stat.craftItem.minecraft.diamond_pickaxe":1,"stat.mineBlock.minecraft.stone":620,"stat.mineBlock.minecraft.gold_ore":5,"stat.mineBlock.minecraft.tallgrass":3,"stat.craftItem.minecraft.cooked_mutton":7,"stat.diveOneCm":1297,"stat.pickup.minecraft.cooked_mutton":7}