{"stat.useItem.minecraft.bow":108,"stat.pickup.minecraft.bone":20,"stat.useItem.minecraft.quartz_block":95,"stat.pickup.minecraft.redstone_torch":7,"stat.useItem.minecraft.repeater":31,"stat.leaveGame":17,"stat.pickup.minecraft.flint":4,"stat.useItem.minecraft.diamond_sword":29,"stat.swimOneCm":54854,"stat.climbOneCm":9941,"stat.useItem.minecraft.planks":44,"stat.pickup.minecraft.enchanted_book":1,"stat.pickup.minecraft.porkchop":10,"stat.enderchestOpened":1,"stat.useItem.minecraft.redstone_torch":36,"stat.useItem.minecraft.dirt":44,"stat.pickup.minecraft.bow":21,"stat.pickup.minecraft.iron_boots":3,"stat.useItem.minecraft.water_bucket":52,"stat.pickup.minecraft.rotten_flesh":13,"stat.pickup.minecraft.splash_potion":4,"stat.pickup.minecraft.observer":4,"stat.useItem.minecraft.rail":4,"stat.pickup.minecraft.cobblestone":105,"stat.flyOneCm":7607446,"stat.pickup.minecraft.golden_pickaxe":1,"stat.pickup.minecraft.redstone":32,"stat.timeSinceDeath":28245,"stat.useItem.minecraft.sign":11,"stat.useItem.minecraft.iron_door":5,"stat.useItem.minecraft.lever":27,"stat.pickup.minecraft.wooden_axe":4,"stat.useItem.minecraft.oak_stairs":15,"stat.killEntity.ZombieVillager":1,"stat.killEntity.Creeper":1,"stat.pickup.minecraft.string":2,"stat.pickup.minecraft.beef":10,"stat.useItem.minecraft.redstone":226,"stat.pickup.minecraft.totem_of_undying":4,"stat.killEntity.Squid":1,"stat.useItem.minecraft.trapdoor":2,"stat.sprintOneCm":188555,"stat.useItem.minecraft.stained_glass":69,"stat.pickup.minecraft.iron_chestplate":3,"stat.useItem.minecraft.dark_oak_door":2,"stat.useItem.minecraft.stone_slab":46,"stat.useItem.minecraft.bed":2,"stat.pickup.minecraft.lever":4,"stat.deaths":5,"stat.drop":95,"stat.playOneMinute":865617,"stat.drop.minecraft.golden_pickaxe":1,"stat.killEntity.Sheep":7,"stat.killEntity.Zombie":3,"stat.pickup.minecraft.item_frame":3,"stat.diveOneCm":44082,"stat.chestOpened":16,"stat.useItem.minecraft.splash_potion":15,"stat.useItem.minecraft.sticky_piston":49,"stat.pickup.minecraft.sign":8,"stat.useItem.minecraft.stone":854,"stat.useItem.minecraft.jungle_fence":4,"stat.pickup.minecraft.gravel":12,"stat.pickup.minecraft.arrow":23,"stat.pickup.minecraft.iron_sword":3,"stat.pickup.minecraft.diamond_sword":2,"stat.jump":3789,"stat.pickup.minecraft.coal":7,"stat.pickup.minecraft.iron_helmet":3,"stat.fallOneCm":74654,"stat.crouchOneCm":571,"stat.pickup.minecraft.spider_eye":8,"stat.useItem.minecraft.stone_button":3,"stat.pickup.minecraft.dirt":4,"stat.useItem.minecraft.glass":249,"stat.useItem.minecraft.redstone_lamp":34,"stat.pickup.minecraft.iron_axe":1,"stat.useItem.minecraft.golden_rail":7,"stat.damageTaken":4378,"stat.pickup.minecraft.leather":10,"stat.useItem.minecraft.dark_oak_fence":3,"stat.useItem.minecraft.stone_brick_stairs":15,"stat.useItem.minecraft.acacia_door":2,"stat.pickup.minecraft.planks":1,"stat.pickup.minecraft.iron_leggings":3,"stat.killEntity.CaveSpider":1,"stat.damageDealt":4495,"stat.useItem.minecraft.wool":119,"stat.killEntity.Cow":1,"stat.killEntity.Pig":5,"stat.walkOneCm":1618715,"stat.useItem.minecraft.torch":10,"stat.useItem.minecraft.chest":30,"stat.playerKills":1,"stat.useItem.minecraft.observer":2,"stat.pickup.minecraft.spectral_arrow":103,"stat.useItem.minecraft.comparator":9,"stat.minecartOneCm":605028,"stat.useItem.minecraft.item_frame":24,"stat.killEntity.Skeleton":9,"stat.useItem.minecraft.iron_sword":6,"stat.killEntity.Chicken":7,"stat.itemEnchanted":6,"stat.pickup.minecraft.diamond_helmet":4,"stat.useItem.minecraft.iron_block":57,"stat.killEntity.Spider":3,"stat.pickup.minecraft.bread":3,"stat.mobKills":40,"stat.useItem.minecraft.stonebrick":67,"stat.drop.minecraft.written_book":1,"stat.pickup.minecraft.iron_door":6,"stat.pickup.minecraft.diamond":3,"stat.useItem.minecraft.writable_book":2,"stat.pickup.minecraft.torch":4,"stat.sneakTime":4284,"stat.drop.minecraft.quartz_block":1,"stat.useItem.minecraft.wooden_axe":5,"stat.pickup.minecraft.golden_rail":55}