{"stat.pickup.minecraft.bone":2,"stat.useItem.minecraft.quartz_block":2,"stat.pickup.minecraft.redstone_torch":2,"stat.horseOneCm":3927,"stat.leaveGame":13,"stat.useItem.minecraft.skull":2,"stat.useItem.minecraft.diamond_sword":78,"stat.useItem.minecraft.glowstone":27,"stat.swimOneCm":86218,"stat.climbOneCm":10043,"stat.useItem.minecraft.chorus_flower":2,"stat.useItem.minecraft.redstone_torch":4,"stat.useItem.minecraft.dirt":140,"stat.useItem.minecraft.water_bucket":58,"stat.useItem.minecraft.vine":29,"stat.useItem.minecraft.anvil":1,"stat.flyOneCm":2205899,"stat.pickup.minecraft.fish":1,"stat.pickup.minecraft.redstone":2,"stat.timeSinceDeath":257450,"stat.hopperInspected":9,"stat.useItem.minecraft.spawn_egg":31,"stat.killEntity.Bat":3,"stat.pickup.minecraft.firework_charge":25,"stat.useItem.minecraft.lever":2,"stat.pickup.minecraft.chorus_plant":1,"stat.killEntity.Creeper":11,"stat.pickup.minecraft.sponge":1,"stat.useItem.minecraft.end_stone":4,"stat.useItem.minecraft.redstone":3,"stat.useItem.minecraft.spruce_fence":17,"stat.killEntity.Squid":1,"stat.pickup.minecraft.cyan_shulker_box":1,"stat.sprintOneCm":14527,"stat.drop.minecraft.potion":1,"stat.useItem.minecraft.stone_slab":409,"stat.killEntity.Endermite":1,"stat.useItem.minecraft.hopper":1,"stat.pickup.minecraft.lever":1,"stat.deaths":1,"stat.drop":27,"stat.playOneMinute":821249,"stat.useItem.minecraft.chorus_plant":3,"stat.useItem.minecraft.ladder":11,"stat.useItem.minecraft.cyan_shulker_box":1,"stat.killEntity.Zombie":17,"stat.diveOneCm":122023,"stat.chestOpened":7,"stat.useItem.minecraft.splash_potion":168,"stat.useItem.minecraft.sticky_piston":5,"stat.useItem.minecraft.stone":206,"stat.useItem.minecraft.quartz_stairs":17,"stat.pickup.minecraft.arrow":8,"stat.useItem.minecraft.black_glazed_terracotta":4,"stat.useItem.minecraft.potion":17,"stat.jump":4012,"stat.useItem.minecraft.sand":3,"stat.fallOneCm":35708,"stat.pickup.minecraft.gunpowder":2,"stat.drop.minecraft.chorus_plant":1,"stat.crouchOneCm":16260,"stat.useItem.minecraft.dispenser":8,"stat.damageTaken":3520,"stat.useItem.minecraft.stone_brick_stairs":2,"stat.dispenserInspected":53,"stat.pickup.minecraft.prismarine_shard":1,"stat.useItem.minecraft.slime":3,"stat.killEntity.CaveSpider":10,"stat.useItem.minecraft.magma":3,"stat.killEntity.Shulker":2,"stat.pickup.minecraft.lead":1,"stat.damageDealt":19417,"stat.killEntity.Silverfish":2,"stat.killEntity.Pig":27,"stat.walkOneCm":3340355,"stat.useItem.minecraft.torch":4,"stat.animalsBred":1,"stat.useItem.minecraft.chest":1,"stat.useItem.minecraft.pumpkin":1,"stat.shulkerBoxOpened":3,"stat.useItem.minecraft.concrete":9,"stat.useItem.minecraft.glass_pane":8,"stat.killEntity.Stray":1,"stat.killEntity.Skeleton":20,"stat.killEntity.ElderGuardian":1,"stat.killEntity.Chicken":2,"stat.useItem.minecraft.iron_block":4,"stat.killEntity.Spider":4,"stat.mobKills":104,"stat.useItem.minecraft.stonebrick":104,"stat.useItem.minecraft.monster_egg":24,"stat.useItem.minecraft.cobblestone_wall":53,"stat.sneakTime":11098}