{"stat.useItem.minecraft.bow":5,"stat.leaveGame":8,"stat.useItem.minecraft.planks":21,"stat.pickup.minecraft.porkchop":9,"stat.mineBlock.minecraft.red_mushroom":2,"stat.useItem.minecraft.water_bucket":2,"stat.pickup.minecraft.rotten_flesh":15,"stat.pickup.minecraft.sand":608,"stat.entityKilledBy.Spider":1,"stat.pickup.minecraft.bucket":2,"stat.mineBlock.minecraft.snow_layer":48,"stat.useItem.minecraft.ender_pearl":1,"stat.mineBlock.minecraft.sand":338,"stat.killEntity.Witch":1,"stat.drop.minecraft.sand":337,"stat.drop.minecraft.tnt":1,"stat.useItem.minecraft.fence_gate":2,"stat.useItem.minecraft.iron_pickaxe":144,"stat.pickup.minecraft.double_plant":12,"stat.craftItem.minecraft.bed":1,"stat.craftItem.minecraft.glass_pane":96,"stat.useItem.minecraft.oak_stairs":14,"stat.furnaceInteraction":53,"stat.killEntity.ZombieVillager":3,"stat.drop.minecraft.red_flower":10,"stat.pickup.minecraft.fence_gate":1,"stat.useItem.minecraft.double_plant":5,"stat.pickup.minecraft.beef":1,"stat.useItem.minecraft.cooked_mutton":7,"stat.useItem.minecraft.trapdoor":2,"stat.pickup.minecraft.iron_chestplate":1,"stat.useItem.minecraft.fence":39,"stat.mineBlock.minecraft.fence":9,"stat.craftItem.minecraft.fence_gate":1,"stat.useItem.minecraft.wheat_seeds":75,"stat.useItem.minecraft.dye":16,"stat.mineBlock.minecraft.oak_stairs":10,"stat.deaths":3,"stat.pickup.minecraft.egg":456,"stat.playOneMinute":496222,"stat.craftItem.minecraft.iron_pickaxe":1,"stat.mineBlock.minecraft.tallgrass":10,"stat.craftItem.minecraft.cooked_mutton":1,"stat.chestOpened":191,"stat.craftItem.minecraft.sign":6,"stat.recordPlayed":1,"stat.useItem.minecraft.stone":3,"stat.pickup.minecraft.arrow":11,"stat.killEntity.Ghast":1,"stat.drop.minecraft.iron_pickaxe":2,"stat.pickup.minecraft.cooked_chicken":1,"stat.fallOneCm":50332,"stat.drop.minecraft.stone":47,"stat.pickup.minecraft.carrot":61,"stat.drop.minecraft.stone_sword":8,"stat.crouchOneCm":33814,"stat.mineBlock.minecraft.chest":8,"stat.craftItem.minecraft.chest":8,"stat.craftItem.minecraft.iron_ingot":31,"stat.pickup.minecraft.red_mushroom":3,"stat.craftingTableInteraction":50,"stat.drop.minecraft.double_plant":6,"stat.pickup.minecraft.feather":2,"stat.useItem.minecraft.furnace":2,"stat.useItem.minecraft.reeds":25,"stat.pickup.minecraft.dye":20,"stat.pickup.minecraft.planks":99,"stat.pickup.minecraft.iron_leggings":1,"stat.pickup.minecraft.wheat_seeds":143,"stat.mineBlock.minecraft.gravel":89,"stat.useItem.minecraft.stone_pickaxe":651,"stat.breakItem.minecraft.stone_axe":3,"stat.useItem.minecraft.stone_sword":99,"stat.craftItem.minecraft.iron_leggings":1,"stat.useItem.minecraft.wool":1,"stat.craftItem.minecraft.oak_stairs":4,"stat.mineBlock.minecraft.dirt":713,"stat.drop.minecraft.stick":2,"stat.useItem.minecraft.torch":35,"stat.useItem.minecraft.bread":2,"stat.useItem.minecraft.log":271,"stat.useItem.minecraft.cobblestone":176,"stat.craftItem.minecraft.crafting_table":4,"stat.useItem.minecraft.gravel":17,"stat.mineBlock.minecraft.double_plant":7,"stat.minecartOneCm":7522,"stat.pickup.minecraft.log":449,"stat.pickup.minecraft.iron_pickaxe":2,"stat.drop.minecraft.planks":3,"stat.pickup.minecraft.chicken":2,"stat.pickup.minecraft.sapling":50,"stat.pickup.minecraft.wooden_door":4,"stat.pickup.minecraft.apple":1,"stat.useItem.minecraft.glass_pane":97,"stat.breakItem.minecraft.stone_shovel":7,"stat.craftItem.minecraft.planks":292,"stat.pickup.minecraft.stone_sword":2,"stat.useItem.minecraft.stonebrick":7,"stat.mineBlock.minecraft.log":410,"stat.craftItem.minecraft.wooden_door":3,"stat.craftItem.minecraft.cooked_chicken":2,"stat.useItem.minecraft.stone_hoe":20,"stat.useItem.minecraft.wooden_door":5,"stat.pickup.minecraft.red_flower":30,"stat.sneakTime":11903,"stat.pickup.minecraft.wool":6,"stat.drop.minecraft.yellow_flower":4,"stat.pickup.minecraft.yellow_flower":14,"stat.pickup.minecraft.chest":8,"stat.drop.minecraft.stone_pickaxe":6,"stat.pickup.minecraft.bone":14,"stat.drop.minecraft.sugar":1,"stat.drop.minecraft.stone_shovel":5,"stat.mineBlock.minecraft.cobblestone":135,"stat.pickup.minecraft.stone_pickaxe":3,"stat.pickup.minecraft.flint":12,"stat.drop.minecraft.red_mushroom":2,"stat.mineBlock.minecraft.yellow_flower":12,"stat.useItem.minecraft.diamond_sword":322,"stat.swimOneCm":62252,"stat.climbOneCm":7130,"stat.craftItem.minecraft.arrow":32,"stat.useItem.minecraft.dirt":1191,"stat.useItem.minecraft.stone_slab2":22,"stat.pickup.minecraft.iron_boots":1,"stat.craftItem.minecraft.furnace":2,"stat.useItem.minecraft.egg":437,"stat.craftItem.minecraft.iron_boots":1,"stat.craftItem.minecraft.trapdoor":4,"stat.mineBlock.minecraft.obsidian":16,"stat.pickup.minecraft.cobblestone":892,"stat.craftItem.minecraft.bow":1,"stat.drop.minecraft.fence":5,"stat.mineBlock.minecraft.clay":4,"stat.useItem.minecraft.stone_shovel":1096,"stat.flyOneCm":276153,"stat.useItem.minecraft.cooked_beef":16,"stat.pickup.minecraft.redstone":8,"stat.mineBlock.minecraft.iron_ore":31,"stat.timeSinceDeath":386518,"stat.useItem.minecraft.sign":16,"stat.drop.minecraft.log":24,"stat.pickup.minecraft.mutton":7,"stat.drop.minecraft.coal":2,"stat.pickup.minecraft.stonebrick":20,"stat.drop.minecraft.dirt":1,"stat.useItem.minecraft.cooked_porkchop":4,"stat.mineBlock.minecraft.coal_ore":61,"stat.killEntity.Creeper":4,"stat.craftItem.minecraft.stone_hoe":1,"stat.pickup.minecraft.string":17,"stat.entityKilledBy.Skeleton":2,"stat.killEntity.Squid":3,"stat.sprintOneCm":1082039,"stat.craftItem.minecraft.stick":56,"stat.drop.minecraft.stone_hoe":1,"stat.useItem.minecraft.bed":3,"stat.craftItem.minecraft.stone":56,"stat.useItem.minecraft.snowball":96,"stat.mineBlock.minecraft.diamond_ore":6,"stat.useItem.minecraft.diamond_pickaxe":160,"stat.useItem.minecraft.carrot":10,"stat.drop.minecraft.lava_bucket":1,"stat.useItem.minecraft.bucket":4,"stat.pickup.minecraft.sugar":4,"stat.mineBlock.minecraft.planks":30,"stat.drop":82,"stat.killEntity.Sheep":2,"stat.craftItem.minecraft.diamond_pickaxe":1,"stat.killEntity.Zombie":13,"stat.craftItem.minecraft.dye":24,"stat.pickup.minecraft.snowball":96,"stat.diveOneCm":140530,"stat.drop.minecraft.diamond_pickaxe":1,"stat.pickup.minecraft.wheat":56,"stat.pickup.minecraft.sign":12,"stat.pickup.minecraft.gravel":94,"stat.craftItem.minecraft.cooked_porkchop":3,"stat.pickup.minecraft.stone_axe":3,"stat.useItem.minecraft.apple":1,"stat.pickup.minecraft.obsidian":16,"stat.pickup.minecraft.diamond_sword":1,"stat.craftItem.minecraft.diamond_sword":1,"stat.jump":3454,"stat.useItem.minecraft.sand":44,"stat.pickup.minecraft.fence":10,"stat.pickup.minecraft.coal":117,"stat.pickup.minecraft.iron_helmet":1,"stat.useItem.minecraft.stone_axe":595,"stat.craftItem.minecraft.bread":12,"stat.pickup.minecraft.gunpowder":4,"stat.pickup.minecraft.spider_eye":8,"stat.craftItem.minecraft.torch":36,"stat.pickup.minecraft.dirt":1873,"stat.craftItem.minecraft.iron_helmet":1,"stat.useItem.minecraft.cooked_chicken":3,"stat.pickup.minecraft.iron_ore":31,"stat.pickup.minecraft.stone_shovel":1,"stat.useItem.minecraft.sapling":25,"stat.mineBlock.minecraft.lapis_ore":3,"stat.pickup.minecraft.leaves":49,"stat.mineBlock.minecraft.glass_pane":5,"stat.damageTaken":2301,"stat.mineBlock.minecraft.red_flower":12,"stat.mineBlock.minecraft.torch":13,"stat.mineBlock.minecraft.sapling":1,"stat.pickup.minecraft.reeds":26,"stat.killEntity.CaveSpider":7,"stat.pickup.minecraft.bed":2,"stat.mineBlock.minecraft.fence_gate":1,"stat.pickup.minecraft.oak_stairs":16,"stat.damageDealt":9530,"stat.craftItem.minecraft.glass":15,"stat.sleepInBed":1,"stat.killEntity.Cow":1,"stat.useItem.minecraft.crafting_table":3,"stat.killEntity.Pig":1,"stat.craftItem.minecraft.stone_shovel":2,"stat.walkOneCm":2028830,"stat.animalsBred":37,"stat.useItem.minecraft.chest":16,"stat.pickup.minecraft.diamond_pickaxe":2,"stat.pickup.minecraft.clay_ball":48,"stat.breakItem.minecraft.stone_pickaxe":4,"stat.pickup.minecraft.tnt":1,"stat.pickup.minecraft.stone":151,"stat.craftItem.minecraft.iron_chestplate":1,"stat.mineBlock.minecraft.wool":1,"stat.killEntity.Skeleton":10,"stat.mineBlock.minecraft.tnt":1,"stat.mineBlock.minecraft.stonebrick":12,"stat.killEntity.Chicken":2,"stat.killEntity.Spider":8,"stat.mobKills":56,"stat.craftItem.minecraft.shears":1,"stat.craftItem.minecraft.fence":36,"stat.pickup.minecraft.diamond":6,"stat.mineBlock.minecraft.leaves":174,"stat.pickup.minecraft.torch":22,"stat.pickup.minecraft.spruce_stairs":1,"stat.mineBlock.minecraft.redstone_ore":2,"stat.drop.minecraft.stone_axe":5,"stat.mineBlock.minecraft.stone":683}