{"stat.useItem.minecraft.painting":30,"stat.pickup.minecraft.wooden_slab":7,"stat.leaveGame":30,"stat.killEntity.PigZombie":1,"stat.entityKilledBy.PigZombie":1,"stat.drop.minecraft.iron_sword":2,"stat.pickup.minecraft.rotten_flesh":32,"stat.craftItem.minecraft.stone_axe":18,"stat.mineBlock.minecraft.wooden_slab":3,"stat.pickup.minecraft.leather_boots":3,"stat.craftItem.minecraft.iron_shovel":1,"stat.useItem.minecraft.record_strad":1,"stat.drop.minecraft.sand":270,"stat.useItem.minecraft.spider_eye":1,"stat.useItem.minecraft.iron_pickaxe":1456,"stat.pickup.minecraft.double_plant":12,"stat.craftItem.minecraft.bed":1,"stat.craftItem.minecraft.glass_pane":736,"stat.mineBlock.chisel.marble2":10,"stat.furnaceInteraction":420,"stat.killEntity.ZombieVillager":1,"stat.pickup.minecraft.nether_brick":100,"stat.drop.minecraft.red_flower":1,"stat.pickup.minecraft.beef":16,"stat.pickup.minecraft.hay_block":2,"stat.useItem.minecraft.fence":316,"stat.drop.minecraft.furnace":2,"stat.mineBlock.minecraft.fence":125,"stat.useItem.minecraft.wheat_seeds":566,"stat.pickup.thaumcraft.crystal_essence":4,"stat.pickup.minecraft.emerald":1,"stat.useItem.minecraft.beef":5,"stat.deaths":12,"stat.pickup.minecraft.egg":69,"stat.craftItem.minecraft.iron_pickaxe":9,"stat.pickup.minecraft.glass_pane":168,"stat.pickup.minecraft.item_frame":2,"stat.useItem.minecraft.jukebox":1,"stat.pickup.chisel.marble2":10,"stat.mineBlock.minecraft.tallgrass":260,"stat.craftItem.minecraft.cooked_mutton":2,"stat.fishCaught":4,"stat.chestOpened":713,"stat.craftItem.minecraft.sign":12,"stat.useItem.minecraft.stone":28,"stat.pickup.minecraft.arrow":23,"stat.pickup.minecraft.iron_sword":2,"stat.pickup.minecraft.wooden_pressure_plate":1,"stat.pickup.minecraft.carrot":1,"stat.crouchOneCm":9326,"stat.mineBlock.minecraft.chest":6,"stat.pickup.minecraft.rail":4,"stat.craftItem.minecraft.iron_ingot":128,"stat.pickup.minecraft.painting":39,"stat.craftingTableInteraction":160,"stat.mineBlock.minecraft.wooden_pressure_plate":1,"stat.pickup.minecraft.nether_brick_fence":46,"stat.pickup.minecraft.mushroom_stew":2,"stat.pickup.tconstruct.slime_channel":1,"stat.useItem.minecraft.reeds":80,"stat.pickup.minecraft.dye":27,"stat.pickup.minecraft.planks":1273,"stat.pickup.chisel.limestone2":1,"stat.pickup.minecraft.wheat_seeds":760,"stat.mineBlock.minecraft.glass":11,"stat.mineBlock.minecraft.dirt":3626,"stat.killEntity.VindicationIllager":2,"stat.useItem.minecraft.bread":8,"stat.useItem.minecraft.cobblestone":912,"stat.mineBlock.minecraft.double_plant":5,"stat.pickup.minecraft.golden_hoe":1,"stat.minecartOneCm":37092,"stat.useItem.minecraft.golden_hoe":4,"stat.drop.minecraft.glass_pane":176,"stat.pickup.minecraft.iron_pickaxe":4,"stat.craftItem.minecraft.gold_ingot":9,"stat.drop.minecraft.sapling":1,"stat.pickup.minecraft.chicken":19,"stat.pickup.minecraft.apple":8,"stat.useItem.minecraft.glass_pane":695,"stat.breakItem.minecraft.stone_shovel":3,"stat.craftItem.minecraft.bucket":1,"stat.craftItem.minecraft.planks":4212,"stat.useItem.minecraft.iron_sword":114,"stat.pickup.minecraft.stone_sword":11,"stat.useItem.minecraft.stonebrick":2536,"stat.mineBlock.minecraft.log":1274,"stat.craftItem.minecraft.wooden_door":3,"stat.useItem.minecraft.wooden_door":5,"stat.craftItem.minecraft.paper":66,"stat.pickup.minecraft.red_flower":36,"stat.pickup.minecraft.wool":60,"stat.pickup.minecraft.cooked_fish":9,"stat.drop.minecraft.pumpkin":1,"stat.useItem.minecraft.iron_axe":209,"stat.drop.minecraft.stone_shovel":1,"stat.mineBlock.minecraft.cobblestone":373,"stat.pickup.minecraft.stone_pickaxe":6,"stat.pickup.minecraft.flint":10,"stat.mineBlock.minecraft.yellow_flower":16,"stat.drop.minecraft.cobblestone":435,"stat.pickup.minecraft.cooked_porkchop":18,"stat.breakItem.minecraft.iron_pickaxe":4,"stat.useItem.minecraft.obsidian":1,"stat.useItem.minecraft.stone_slab2":155,"stat.pickup.minecraft.bow":2,"stat.pickup.minecraft.stone_hoe":3,"stat.craftItem.minecraft.furnace":26,"stat.useItem.minecraft.egg":3,"stat.craftItem.minecraft.cooked_beef":4,"stat.mineBlock.minecraft.obsidian":18,"stat.pickup.minecraft.shears":3,"stat.pickup.minecraft.record_chirp":3,"stat.flyOneCm":339561,"stat.pickup.minecraft.fish":13,"stat.timeSinceDeath":12162,"stat.craftItem.minecraft.painting":14,"stat.craftItem.minecraft.stonebrick":2384,"stat.pickup.minecraft.chainmail_helmet":3,"stat.pickup.minecraft.spruce_fence":2,"stat.mineBlock.minecraft.coal_ore":395,"stat.killEntity.Creeper":3,"stat.craftItem.minecraft.stone_hoe":1,"stat.pickup.minecraft.string":6,"stat.entityKilledBy.Skeleton":3,"stat.sprintOneCm":740805,"stat.useItem.minecraft.diamond_shovel":3131,"stat.useItem.minecraft.hay_block":7,"stat.mineBlock.minecraft.diamond_ore":4,"stat.drop.minecraft.lava_bucket":1,"stat.pickup.minecraft.leather_leggings":3,"stat.craftItem.minecraft.wooden_pressure_plate":6,"stat.killEntity.Zombie":28,"stat.craftItem.minecraft.dye":14,"stat.mineBlock.minecraft.gold_ore":9,"stat.diveOneCm":72259,"stat.pickup.minecraft.wheat":385,"stat.pickup.minecraft.sign":27,"stat.craftItem.minecraft.cooked_porkchop":11,"stat.useItem.minecraft.chicken":1,"stat.pickup.minecraft.stone_axe":11,"stat.pickup.minecraft.obsidian":17,"stat.entityKilledBy.PolarBear":1,"stat.jump":6732,"stat.useItem.minecraft.sand":107,"stat.pickup.minecraft.coal":462,"stat.pickup.minecraft.iron_ingot":12,"stat.pickup.minecraft.gunpowder":3,"stat.craftItem.minecraft.torch":268,"stat.pickup.minecraft.dirt":3533,"stat.useItem.minecraft.glass":31,"stat.pickup.minecraft.stone_shovel":6,"stat.useItem.minecraft.sapling":109,"stat.pickup.minecraft.gold_ore":9,"stat.mineBlock.minecraft.lapis_ore":4,"stat.pickup.minecraft.iron_axe":1,"stat.mineBlock.minecraft.glass_pane":91,"stat.damageTaken":6912,"stat.useItem.minecraft.stone_brick_stairs":3,"stat.mineBlock.minecraft.torch":88,"stat.mineBlock.minecraft.red_flower":28,"stat.mineBlock.minecraft.sapling":4,"stat.pickup.minecraft.bed":1,"stat.mineBlock.minecraft.fence_gate":8,"stat.killEntity.Silverfish":6,"stat.pickup.minecraft.record_wait":1,"stat.useItem.minecraft.chest":14,"stat.pickup.minecraft.diamond_pickaxe":3,"stat.useItem.minecraft.lava_bucket":2,"stat.drop.minecraft.wooden_slab":4,"stat.pickup.minecraft.cooked_beef":4,"stat.craftItem.minecraft.bookshelf":1,"stat.mineBlock.minecraft.stonebrick":185,"stat.mobKills":142,"stat.pickup.minecraft.diamond":7,"stat.breakItem.minecraft.diamond_shovel":1,"stat.pickup.minecraft.torch":133,"stat.drop.minecraft.stone_axe":1,"stat.craftItem.minecraft.spruce_stairs":100,"stat.breakItem.minecraft.stone_sword":3,"stat.useItem.minecraft.bookshelf":1,"stat.craftItem.minecraft.iron_axe":1,"stat.useItem.minecraft.mutton":2,"stat.pickup.minecraft.fishing_rod":1,"stat.useItem.minecraft.planks":2830,"stat.pickup.minecraft.porkchop":6,"stat.pickup.minecraft.glass":15,"stat.useItem.minecraft.water_bucket":71,"stat.mineBlock.minecraft.nether_brick_fence":46,"stat.pickup.minecraft.sand":943,"stat.useItem.minecraft.golden_sword":91,"stat.pickup.minecraft.name_tag":3,"stat.drop.minecraft.jukebox":1,"stat.craftItem.minecraft.stone_sword":3,"stat.mineBlock.minecraft.sand":351,"stat.mineBlock.biomesoplenty.ash_block":33,"stat.craftItem.minecraft.cooked_fish":35,"stat.useItem.minecraft.fence_gate":15,"stat.useItem.minecraft.oak_stairs":346,"stat.pickup.minecraft.fence_gate":15,"stat.pickup.minecraft.furnace":4,"stat.useItem.minecraft.cooked_mutton":2,"stat.pickup.minecraft.iron_chestplate":3,"stat.useItem.minecraft.stone_stairs":8,"stat.drop.minecraft.spectral_arrow":1,"stat.pickup.minecraft.stone_stairs":21,"stat.craftItem.minecraft.fence_gate":25,"stat.pickup.minecraft.saddle":1,"stat.mineBlock.minecraft.oak_stairs":77,"stat.playOneMinute":1517852,"stat.pickup.minecraft.birch_door":2,"stat.useItem.minecraft.shears":75,"stat.pickup.minecraft.iron_bars":20,"stat.pickup.minecraft.netherrack":5,"stat.pickup.minecraft.pumpkin":4,"stat.pickup.minecraft.spruce_door":2,"stat.recordPlayed":5,"stat.mineBlock.minecraft.netherrack":1,"stat.pickup.minecraft.cooked_chicken":33,"stat.fallOneCm":116348,"stat.drop.minecraft.stone":64,"stat.drop.minecraft.dye":2,"stat.craftItem.minecraft.chest":9,"stat.pickup.minecraft.feather":30,"stat.useItem.minecraft.furnace":29,"stat.killEntity.Llama":1,"stat.mineBlock.minecraft.spruce_fence":4,"stat.useItem.minecraft.record_chirp":1,"stat.pickup.minecraft.lead":1,"stat.mineBlock.minecraft.gravel":92,"stat.useItem.minecraft.stone_pickaxe":2614,"stat.breakItem.minecraft.stone_axe":13,"stat.useItem.minecraft.stone_sword":633,"stat.craftItem.minecraft.oak_stairs":352,"stat.drop.minecraft.stick":3,"stat.pickup.minecraft.record_13":1,"stat.mineBlock.minecraft.monster_egg":5,"stat.useItem.minecraft.torch":349,"stat.craftItem.minecraft.stone_stairs":12,"stat.useItem.minecraft.log":44,"stat.pickup.minecraft.crafting_table":16,"stat.craftItem.minecraft.crafting_table":11,"stat.mineBlock.minecraft.emerald_ore":1,"stat.pickup.minecraft.log":1254,"stat.useItem.minecraft.cooked_fish":21,"stat.pickup.minecraft.compass":1,"stat.mineBlock.minecraft.golden_rail":3,"stat.drop.minecraft.planks":655,"stat.pickup.minecraft.sapling":154,"stat.pickup.minecraft.wooden_door":14,"stat.drop.minecraft.bow":1,"stat.killEntity.PolarBear":5,"stat.useItem.minecraft.wooden_pressure_plate":7,"stat.pickup.minecraft.golden_sword":1,"stat.craftItem.minecraft.cooked_chicken":16,"stat.useItem.minecraft.stone_hoe":132,"stat.sneakTime":2267,"stat.pickup.thaumcraft.amber":10,"stat.pickup.minecraft.yellow_flower":17,"stat.pickup.minecraft.golden_rail":3,"stat.useItem.minecraft.fishing_rod":30,"stat.pickup.minecraft.chest":6,"stat.drop.minecraft.stone_pickaxe":4,"stat.pickup.minecraft.bone":9,"stat.pickup.minecraft.redstone_torch":2,"stat.pickup.minecraft.record_blocks":2,"stat.craftItem.minecraft.stone_brick_stairs":4,"stat.swimOneCm":66690,"stat.climbOneCm":27223,"stat.mineBlock.minecraft.spruce_stairs":13,"stat.useItem.minecraft.dirt":1992,"stat.useItem.minecraft.red_flower":26,"stat.craftItem.minecraft.stone_pickaxe":15,"stat.pickup.minecraft.cobblestone":2928,"stat.mineBlock.minecraft.carpet":1,"stat.useItem.minecraft.stone_shovel":803,"stat.mineBlock.chisel.limestone2":1,"stat.drop.minecraft.wheat_seeds":38,"stat.useItem.minecraft.cooked_beef":2,"stat.pickup.minecraft.golden_pickaxe":1,"stat.pickup.minecraft.redstone":214,"stat.mineBlock.minecraft.iron_ore":134,"stat.craftItem.minecraft.book":4,"stat.useItem.minecraft.sign":20,"stat.pickup.minecraft.mutton":4,"stat.drop.minecraft.coal":87,"stat.pickup.minecraft.stonebrick":168,"stat.useItem.minecraft.cooked_porkchop":16,"stat.pickup.minecraft.carpet":3,"stat.pickup.minecraft.diamond_shovel":6,"stat.mineBlock.minecraft.nether_brick":107,"stat.craftItem.minecraft.stone_slab2":0,"stat.useItem.minecraft.spruce_fence":4,"stat.craftItem.minecraft.stick":528,"stat.mineBlock.mekanism.oreblock":2,"stat.pickup.biomesoplenty.ash":120,"stat.useItem.minecraft.bed":1,"stat.craftItem.minecraft.stone":2478,"stat.mineBlock.minecraft.crafting_table":13,"stat.useItem.minecraft.diamond_pickaxe":20,"stat.useItem.minecraft.bucket":47,"stat.entityKilledBy.Creeper":2,"stat.mineBlock.minecraft.planks":923,"stat.drop":54,"stat.pickup.minecraft.jukebox":2,"stat.killEntity.Sheep":2,"stat.pickup.minecraft.slime_ball":7,"stat.pickup.minecraft.golden_chestplate":2,"stat.pickup.minecraft.record_strad":2,"stat.pickup.minecraft.gravel":71,"stat.killEntity.Slime":12,"stat.useItem.minecraft.apple":10,"stat.useItem.minecraft.porkchop":2,"stat.useItem.minecraft.carpet":1,"stat.pickup.minecraft.fence":276,"stat.useItem.minecraft.stone_axe":2637,"stat.craftItem.minecraft.bread":42,"stat.pickup.minecraft.spider_eye":4,"stat.drop.minecraft.glass":15,"stat.useItem.minecraft.cooked_chicken":4,"stat.pickup.minecraft.iron_ore":148,"stat.mineBlock.minecraft.iron_bars":20,"stat.pickup.minecraft.leaves":25,"stat.mineBlock.minecraft.stone_stairs":21,"stat.pickup.minecraft.leather":16,"stat.mineBlock.minecraft.furnace":2,"stat.pickup.minecraft.reeds":441,"stat.killEntity.CaveSpider":2,"stat.pickup.minecraft.oak_stairs":67,"stat.damageDealt":15803,"stat.craftItem.minecraft.glass":487,"stat.sleepInBed":5,"stat.killEntity.Cow":5,"stat.useItem.minecraft.crafting_table":16,"stat.pickup.minecraft.minecart":4,"stat.killEntity.Pig":9,"stat.craftItem.minecraft.iron_sword":2,"stat.walkOneCm":9416422,"stat.pickup.minecraft.stick":89,"stat.pickup.minecraft.spectral_arrow":3,"stat.pickup.mekanism.oreblock":1,"stat.breakItem.minecraft.stone_pickaxe":17,"stat.pickup.minecraft.tnt":1,"stat.pickup.minecraft.stone":163,"stat.useItem.minecraft.spruce_stairs":36,"stat.craftItem.minecraft.hay_block":7,"stat.killEntity.Skeleton":9,"stat.pickup.minecraft.record_mellohi":1,"stat.killEntity.Chicken":47,"stat.mineBlock.minecraft.redstone_torch":1,"stat.killEntity.Spider":6,"stat.craftItem.minecraft.spruce_fence":33,"stat.craftItem.minecraft.fence":234,"stat.breakItem.minecraft.iron_axe":1,"stat.pickup.minecraft.water_bucket":1,"stat.mineBlock.minecraft.leaves":550,"stat.pickup.minecraft.spruce_stairs":14,"stat.mineBlock.minecraft.redstone_ore":50,"stat.pickup.minecraft.lava_bucket":2,"stat.mineBlock.minecraft.hay_block":2,"stat.mineBlock.minecraft.stone":2576}