{"stat.useItem.minecraft.bow":45,"stat.pickup.minecraft.wooden_slab":10,"stat.leaveGame":11,"stat.useItem.minecraft.bookshelf":14,"stat.drop.minecraft.redstone":1,"stat.killEntity.Blaze":10,"stat.useItem.minecraft.glowstone":1,"stat.killEntity.PigZombie":4,"stat.mineBlock.minecraft.stained_glass":2,"stat.useItem.minecraft.planks":143,"stat.craftItem.minecraft.shield":1,"stat.pickup.minecraft.glowstone_dust":2,"stat.pickup.minecraft.porkchop":40,"stat.useItem.minecraft.water_bucket":1,"stat.drop.minecraft.iron_sword":1,"stat.pickup.minecraft.rotten_flesh":16,"stat.pickup.minecraft.sand":282,"stat.useItem.minecraft.birch_boat":3,"stat.killEntity.Enderman":1,"stat.mineBlock.minecraft.wooden_slab":8,"stat.craftItem.minecraft.iron_shovel":3,"stat.mineBlock.minecraft.sand":295,"stat.killEntity.Witch":2,"stat.craftItem.minecraft.cooked_fish":1,"stat.craftItem.minecraft.blaze_powder":4,"stat.hopperInspected":8,"stat.useItem.minecraft.iron_pickaxe":636,"stat.pickup.minecraft.stained_hardened_clay":1,"stat.useItem.minecraft.iron_shovel":448,"stat.trappedChestTriggered":2,"stat.furnaceInteraction":36,"stat.mineBlock.minecraft.rail":3,"stat.pickup.minecraft.wooden_button":1,"stat.pickup.minecraft.nether_brick":8,"stat.pickup.minecraft.sponge":2,"stat.useItem.minecraft.minecart":1,"stat.pickup.minecraft.beef":63,"stat.mineBlock.minecraft.wooden_button":1,"stat.mineBlock.minecraft.stained_hardened_clay":3,"stat.pickup.minecraft.iron_chestplate":2,"stat.craftItem.minecraft.prismarine":64,"stat.killEntity.Horse":6,"stat.drop.minecraft.spectral_arrow":1,"stat.mineBlock.minecraft.sponge":1,"stat.useItem.minecraft.wheat_seeds":44,"stat.deaths":9,"stat.pickup.minecraft.egg":47,"stat.playOneMinute":919281,"stat.pickup.minecraft.blaze_rod":3,"stat.useItem.minecraft.nether_brick":1,"stat.craftItem.minecraft.iron_pickaxe":7,"stat.drop.minecraft.iron_ingot":64,"stat.mineBlock.minecraft.tallgrass":17,"stat.pickup.minecraft.netherrack":108,"stat.chestOpened":399,"stat.craftItem.minecraft.sign":15,"stat.mineBlock.minecraft.netherrack":122,"stat.pickup.minecraft.iron_sword":5,"stat.pickup.minecraft.arrow":106,"stat.useItem.minecraft.sponge":1,"stat.killEntity.Ghast":2,"stat.pickup.minecraft.gold_nugget":1,"stat.drop.minecraft.iron_pickaxe":1,"stat.craftItem.minecraft.iron_nugget":18,"stat.fallOneCm":159916,"stat.pickup.minecraft.carrot":20,"stat.crouchOneCm":2493,"stat.pickup.minecraft.rail":3,"stat.craftItem.minecraft.chest":3,"stat.craftingTableInteraction":45,"stat.craftItem.tconstruct.pattern":50,"stat.pickup.minecraft.feather":33,"stat.useItem.minecraft.reeds":83,"stat.pickup.minecraft.birch_boat":1,"stat.pickup.minecraft.monster_egg":64,"stat.pickup.minecraft.planks":26,"stat.killEntity.Llama":5,"stat.pickup.minecraft.iron_leggings":2,"stat.drop.minecraft.minecart":1,"stat.pickup.minecraft.wheat_seeds":130,"stat.mineBlock.minecraft.gravel":201,"stat.useItem.minecraft.stone_pickaxe":12,"stat.useItem.minecraft.enchanting_table":2,"stat.craftItem.minecraft.iron_leggings":1,"stat.mineBlock.minecraft.dirt":14,"stat.drop.minecraft.iron_axe":1,"stat.useItem.minecraft.iron_bars":5,"stat.useItem.minecraft.torch":43,"stat.useItem.minecraft.bread":16,"stat.pickup.minecraft.crafting_table":1,"stat.useItem.minecraft.cobblestone":66,"stat.craftItem.minecraft.crafting_table":5,"stat.useItem.minecraft.gravel":37,"stat.mineBlock.minecraft.double_plant":1,"stat.killEntity.LavaSlime":23,"stat.minecartOneCm":415854,"stat.pickup.minecraft.log":153,"stat.useItem.minecraft.cooked_fish":1,"stat.pickup.minecraft.iron_pickaxe":4,"stat.mineBlock.minecraft.golden_rail":1,"stat.pickup.minecraft.chicken":26,"stat.pickup.minecraft.sapling":2,"stat.craftItem.minecraft.brewing_stand":1,"stat.breakItem.minecraft.stone_shovel":1,"stat.craftItem.minecraft.planks":384,"stat.useItem.minecraft.iron_sword":400,"stat.killEntity.PolarBear":1,"stat.itemEnchanted":14,"stat.pickup.minecraft.diamond_helmet":1,"stat.killEntity.WitherSkeleton":2,"stat.pickup.minecraft.book":6,"stat.useItem.minecraft.stonebrick":308,"stat.mineBlock.minecraft.log":156,"stat.useItem.minecraft.monster_egg":43,"stat.craftItem.minecraft.sugar":1,"stat.craftItem.minecraft.paper":183,"stat.pickup.minecraft.red_flower":2,"stat.sneakTime":809,"stat.pickup.minecraft.wool":11,"stat.pickup.minecraft.stone_slab":2,"stat.useItem.minecraft.brewing_stand":1,"stat.pickup.minecraft.yellow_flower":3,"stat.pickup.minecraft.golden_rail":1,"stat.craftItem.minecraft.enchanting_table":1,"stat.craftItem.minecraft.diamond_chestplate":1,"stat.pickup.minecraft.bone":21,"stat.craftItem.minecraft.diamond_leggings":1,"stat.horseOneCm":12656,"stat.useItem.minecraft.iron_axe":184,"stat.drop.minecraft.stone_shovel":1,"stat.mineBlock.minecraft.cobblestone":22,"stat.pickup.minecraft.stone_pickaxe":1,"stat.pickup.minecraft.flint":16,"stat.mineBlock.minecraft.brown_mushroom":1,"stat.swimOneCm":128237,"stat.climbOneCm":46148,"stat.craftItem.minecraft.arrow":64,"stat.useItem.minecraft.dirt":22,"stat.useItem.minecraft.stone_slab2":28,"stat.pickup.minecraft.bow":4,"stat.pickup.minecraft.iron_boots":2,"stat.pickup.minecraft.enchanting_table":1,"stat.useItem.minecraft.egg":46,"stat.craftItem.minecraft.iron_boots":1,"stat.pickup.minecraft.cobblestone":369,"stat.mineBlock.minecraft.clay":52,"stat.useItem.minecraft.stone_shovel":104,"stat.pickup.minecraft.diamond_leggings":1,"stat.flyOneCm":619172,"stat.craftItem.minecraft.glass_bottle":12,"stat.pickup.minecraft.fish":1,"stat.useItem.minecraft.cooked_beef":25,"stat.craftItem.minecraft.wooden_slab":6,"stat.pickup.minecraft.cactus":7,"stat.pickup.minecraft.redstone":45,"stat.craftItem.minecraft.book":52,"stat.mineBlock.minecraft.iron_ore":35,"stat.timeSinceDeath":54240,"stat.useItem.minecraft.sign":19,"stat.useItem.minecraft.wooden_slab":5,"stat.drop.minecraft.spider_eye":1,"stat.pickup.minecraft.mutton":19,"stat.useItem.minecraft.potato":2,"stat.pickup.minecraft.stonebrick":320,"stat.mineBlock.minecraft.enchanting_table":1,"stat.killEntity.Wolf":4,"stat.useItem.minecraft.cooked_porkchop":5,"stat.pickup.minecraft.trapdoor":1,"stat.pickup.minecraft.diamond_shovel":1,"stat.mineBlock.minecraft.coal_ore":35,"stat.mineBlock.minecraft.nether_brick":8,"stat.killEntity.Creeper":11,"stat.pickup.minecraft.string":11,"stat.useItem.minecraft.written_book":1,"stat.craftItem.tconstruct.tooltables":9,"stat.sprintOneCm":915723,"stat.mineBlock.minecraft.stone_slab":1,"stat.craftItem.minecraft.stick":56,"stat.mineBlock.minecraft.diamond_ore":7,"stat.useItem.minecraft.snowball":37,"stat.mineBlock.minecraft.crafting_table":1,"stat.useItem.minecraft.diamond_pickaxe":37,"stat.useItem.minecraft.carrot":12,"stat.pickup.minecraft.diamond_chestplate":1,"stat.mineBlock.minecraft.planks":2,"stat.drop":59,"stat.killEntity.Sheep":48,"stat.breakItem.minecraft.iron_shovel":1,"stat.pickup.minecraft.slime_ball":79,"stat.killEntity.Zombie":31,"stat.pickup.minecraft.snowball":36,"stat.craftItem.minecraft.dye":12,"stat.drop.minecraft.bread":1,"stat.mineBlock.minecraft.gold_ore":12,"stat.diveOneCm":187508,"stat.pickup.minecraft.wheat":143,"stat.pickup.minecraft.sign":8,"stat.pickup.minecraft.gravel":180,"stat.craftItem.minecraft.cooked_porkchop":35,"stat.useItem.minecraft.glass_bottle":15,"stat.killEntity.Slime":18,"stat.pickup.minecraft.obsidian":6,"stat.useItem.minecraft.porkchop":4,"stat.useItem.minecraft.potion":4,"stat.useItem.minecraft.rotten_flesh":9,"stat.pickup.minecraft.diamond_sword":1,"stat.craftItem.minecraft.diamond_sword":1,"stat.jump":5442,"stat.pickup.minecraft.iron_helmet":2,"stat.pickup.minecraft.coal":35,"stat.pickup.minecraft.iron_ingot":4,"stat.useItem.tconstruct.tooltables":1,"stat.craftItem.minecraft.birch_boat":3,"stat.pickup.minecraft.gunpowder":15,"stat.craftItem.minecraft.bread":21,"stat.pickup.minecraft.spider_eye":3,"stat.craftItem.minecraft.torch":48,"stat.pickup.minecraft.dirt":458,"stat.craftItem.minecraft.iron_helmet":1,"stat.drop.minecraft.glass":41,"stat.useItem.minecraft.cooked_chicken":1,"stat.pickup.minecraft.iron_ore":35,"stat.pickup.minecraft.stone_shovel":3,"stat.boatOneCm":97677,"stat.pickup.minecraft.gold_ore":12,"stat.pickup.minecraft.iron_axe":2,"stat.brewingstandInteraction":26,"stat.damageTaken":11668,"stat.pickup.minecraft.leather":37,"stat.craftItem.minecraft.iron_bars":16,"stat.mineBlock.minecraft.torch":14,"stat.pickup.minecraft.written_book":1,"stat.pickup.minecraft.prismarine_shard":288,"stat.pickup.minecraft.magma_cream":1,"stat.pickup.minecraft.reeds":503,"stat.pickup.minecraft.potato":2,"stat.pickup.minecraft.diamond_axe":1,"stat.damageDealt":43740,"stat.sleepInBed":1,"stat.killEntity.Cow":40,"stat.pickup.minecraft.minecart":3,"stat.useItem.minecraft.crafting_table":1,"stat.killEntity.Pig":72,"stat.craftItem.minecraft.iron_sword":4,"stat.useItem.tconstruct.shovel":4,"stat.walkOneCm":4261658,"stat.useItem.minecraft.chest":4,"stat.playerKills":1,"stat.pickup.minecraft.stick":8,"stat.pickup.minecraft.diamond_pickaxe":3,"stat.pickup.minecraft.spectral_arrow":1,"stat.pickup.minecraft.clay_ball":203,"stat.breakItem.minecraft.stone_pickaxe":1,"stat.pickup.minecraft.stone":1,"stat.craftItem.minecraft.iron_chestplate":1,"stat.drop.minecraft.egg":1,"stat.killEntity.Skeleton":24,"stat.craftItem.minecraft.bookshelf":14,"stat.mineBlock.minecraft.cactus":4,"stat.mineBlock.minecraft.stonebrick":7,"stat.killEntity.Chicken":46,"stat.killEntity.Spider":12,"stat.pickup.minecraft.bread":12,"stat.mineBlock.minecraft.quartz_ore":191,"stat.mineBlock.minecraft.glowstone":1,"stat.mobKills":365,"stat.pickup.minecraft.diamond_boots":1,"stat.pickup.minecraft.quartz":191,"stat.drop.minecraft.written_book":1,"stat.pickup.minecraft.water_bucket":2,"stat.breakItem.minecraft.iron_axe":1,"stat.pickup.minecraft.diamond":27,"stat.mineBlock.minecraft.leaves":18,"stat.pickup.minecraft.torch":30,"stat.mineBlock.minecraft.redstone_ore":5,"stat.mineBlock.minecraft.stone":221}