{"stat.beaconInteraction":34,"stat.useItem.minecraft.bow":132,"stat.useItem.minecraft.quartz_block":2,"stat.pickup.minecraft.redstone_torch":1,"stat.leaveGame":28,"stat.useItem.minecraft.beacon":9,"stat.useItem.minecraft.soul_sand":2,"stat.killEntity.Blaze":2,"stat.useItem.minecraft.diamond_sword":79,"stat.useItem.minecraft.glowstone":154,"stat.swimOneCm":15763,"stat.useItem.minecraft.concrete_powder":14,"stat.climbOneCm":16973,"stat.useItem.minecraft.planks":63,"stat.pickup.minecraft.enchanted_book":1,"stat.enderchestOpened":4,"stat.useItem.minecraft.redstone_torch":31,"stat.useItem.minecraft.dirt":193,"stat.useItem.minecraft.stone_slab2":2891,"stat.pickup.minecraft.bow":5,"stat.useItem.minecraft.water_bucket":8,"stat.pickup.minecraft.rotten_flesh":2,"stat.useItem.minecraft.red_flower":4,"stat.useItem.minecraft.golden_pickaxe":28,"stat.useItem.minecraft.rail":48,"stat.flyOneCm":6796951,"stat.pickup.minecraft.sandstone":1,"stat.pickup.minecraft.fish":3,"stat.pickup.minecraft.golden_pickaxe":2,"stat.timeSinceDeath":51859,"stat.useItem.minecraft.sign":35,"stat.drop.minecraft.diamond":1,"stat.useItem.minecraft.spawn_egg":126,"stat.useItem.minecraft.wooden_slab":30,"stat.drop.minecraft.spider_eye":1,"stat.trappedChestTriggered":1,"stat.useItem.minecraft.lever":2,"stat.pickup.minecraft.wooden_axe":2,"stat.pickup.minecraft.stonebrick":112,"stat.drop.minecraft.dirt":2,"stat.killEntity.ZombieVillager":1,"stat.drop.minecraft.spawn_egg":1,"stat.pickup.minecraft.string":6,"stat.pickup.minecraft.sponge":1,"stat.useItem.minecraft.double_plant":43,"stat.useItem.minecraft.minecart":4,"stat.useItem.minecraft.milk_bucket":5,"stat.useItem.minecraft.written_book":1,"stat.sprintOneCm":114883,"stat.useItem.minecraft.stained_glass":54,"stat.useItem.minecraft.diamond_block":7,"stat.useItem.minecraft.fence":29,"stat.drop.minecraft.potion":3,"stat.useItem.minecraft.stone_slab":67,"stat.pickup.minecraft.potion":4,"stat.useItem.minecraft.flint_and_steel":124,"stat.pickup.minecraft.emerald":3,"stat.useItem.minecraft.bucket":4,"stat.pickup.minecraft.spawn_egg":2,"stat.deaths":1,"stat.drop":69,"stat.playOneMinute":1174007,"stat.useItem.minecraft.wooden_sword":3,"stat.drop.minecraft.golden_pickaxe":3,"stat.drop.minecraft.string":6,"stat.killEntity.Sheep":1,"stat.useItem.minecraft.diamond_ore":2,"stat.useItem.minecraft.ladder":1,"stat.pickup.minecraft.glass_pane":1,"stat.killEntity.Zombie":5,"stat.drop.minecraft.iron_ingot":4,"stat.fishCaught":2,"stat.diveOneCm":31789,"stat.chestOpened":20,"stat.pickup.minecraft.sign":2,"stat.useItem.minecraft.stone":363,"stat.pickup.minecraft.gravel":2,"stat.killEntity.Ghast":1,"stat.useItem.minecraft.apple":3,"stat.useItem.minecraft.potion":21,"stat.useItem.minecraft.stained_glass_pane":7,"stat.drop.minecraft.iron_pickaxe":2,"stat.pickup.minecraft.stone_brick_stairs":2,"stat.drop.minecraft.apple":6,"stat.pickup.minecraft.diamond_sword":1,"stat.useItem.minecraft.bedrock":53,"stat.jump":2698,"stat.fallOneCm":23695,"stat.pickup.minecraft.iron_ingot":8,"stat.crouchOneCm":23714,"stat.pickup.minecraft.rail":2,"stat.pickup.minecraft.spider_eye":1,"stat.pickup.minecraft.dirt":16,"stat.useItem.minecraft.glass":55,"stat.pickup.minecraft.stone_shovel":1,"stat.pickup.minecraft.milk_bucket":1,"stat.useItem.minecraft.golden_rail":113,"stat.damageTaken":93,"stat.useItem.minecraft.stone_brick_stairs":16,"stat.pickup.minecraft.written_book":1,"stat.useItem.minecraft.gold_block":38,"stat.dispenserInspected":4,"stat.pickup.minecraft.prismarine_shard":2,"stat.pickup.minecraft.planks":16,"stat.killEntity.CaveSpider":2,"stat.pickup.minecraft.diamond_axe":1,"stat.pickup.minecraft.stained_glass":1,"stat.damageDealt":4020,"stat.sleepInBed":1,"stat.killEntity.Silverfish":15,"stat.killEntity.Cow":1,"stat.pickup.minecraft.minecart":10,"stat.killEntity.Pig":5,"stat.useItem.minecraft.cyan_glazed_terracotta":1,"stat.useItem.minecraft.iron_bars":48,"stat.walkOneCm":2429656,"stat.playerKills":7,"stat.pickup.minecraft.diamond_pickaxe":1,"stat.useItem.minecraft.log":16,"stat.useItem.minecraft.cobblestone":52,"stat.useItem.minecraft.emerald_block":32,"stat.useItem.minecraft.lava_bucket":286,"stat.minecartOneCm":383272,"stat.drop.minecraft.diamond_axe":1,"stat.pickup.minecraft.log":1,"stat.pickup.minecraft.iron_pickaxe":4,"stat.useItem.minecraft.spruce_stairs":27,"stat.useItem.minecraft.tallgrass":18,"stat.pickup.minecraft.ladder":88,"stat.pickup.minecraft.apple":59,"stat.useItem.minecraft.glass_pane":1,"stat.killEntity.Skeleton":1,"stat.drop.minecraft.bow":3,"stat.drop.minecraft.fish":1,"stat.killEntity.ElderGuardian":1,"stat.itemEnchanted":1,"stat.killEntity.Chicken":1,"stat.useItem.minecraft.iron_block":38,"stat.killEntity.Spider":1,"stat.pickup.minecraft.dark_oak_stairs":1,"stat.mobKills":87,"stat.useItem.minecraft.stonebrick":637,"stat.useItem.minecraft.wooden_door":3,"stat.useItem.minecraft.monster_egg":109,"stat.pickup.minecraft.diamond":2,"stat.pickup.minecraft.torch":3,"stat.pickup.minecraft.red_flower":2,"stat.sneakTime":16645,"stat.pickup.minecraft.cooked_fish":1,"stat.useItem.minecraft.wooden_axe":1,"stat.pickup.minecraft.golden_rail":2,"stat.drop.minecraft.wooden_axe":1,"stat.useItem.minecraft.fishing_rod":7,"stat.pickup.minecraft.chest":1}