{
  "minecraft:recipes/tools/fishing_rod": {
    "criteria": {
      "has_string": "2018-12-27 23:27:34 +0000"
    },
    "done": true
  },
  "minecraft:recipes/decorations/purple_stained_glass_pane": {
    "criteria": {
      "has_glass": "2018-12-27 21:45:12 +0000"
    },
    "done": true
  },
  "minecraft:recipes/building_blocks/black_stained_glass": {
    "criteria": {
      "has_glass": "2018-12-27 21:45:12 +0000"
    },
    "done": true
  },
  "minecraft:recipes/building_blocks/purple_wool": {
    "criteria": {
      "has_white_wool": "2018-12-27 20:21:58 +0000"
    },
    "done": true
  },
  "minecraft:recipes/redstone/lever": {
    "criteria": {
      "has_cobblestone": "2018-12-27 20:22:34 +0000"
    },
    "done": true
  },
  "minecraft:recipes/building_blocks/magenta_concrete_powder": {
    "criteria": {
      "has_sand": "2018-12-27 21:36:54 +0000"
    },
    "done": true
  },
  "biomesoplenty:recipes/buildingblocks/coarse_silty_dirt": {
    "criteria": {
      "has_gravel": "2018-12-29 11:58:17 +0000"
    },
    "done": true
  },
  "minecraft:recipes/combat/iron_sword": {
    "criteria": {
      "has_iron_ingot": "2018-12-27 22:17:44 +0000"
    },
    "done": true
  },
  "minecraft:recipes/redstone/observer": {
    "criteria": {
      "has_quartz": "2018-12-29 12:16:11 +0000"
    },
    "done": true
  },
  "minecraft:recipes/redstone/spruce_door": {
    "criteria": {
      "has_planks": "2018-12-27 20:27:39 +0000"
    },
    "done": true
  },
  "minecraft:recipes/building_blocks/oak_wooden_slab": {
    "criteria": {
      "has_planks": "2018-12-27 20:42:34 +0000"
    },
    "done": true
  },
  "minecraft:recipes/misc/wheat": {
    "criteria": {
      "has_the_recipe": "2018-12-29 12:07:07 +0000"
    },
    "done": true
  },
  "minecraft:recipes/decorations/white_bed": {
    "criteria": {
      "has_white_wool": "2018-12-27 20:21:58 +0000"
    },
    "done": true
  },
  "minecraft:recipes/building_blocks/lime_concrete_powder": {
    "criteria": {
      "has_sand": "2018-12-27 21:36:54 +0000"
    },
    "done": true
  },
  "minecraft:recipes/building_blocks/gray_stained_glass": {
    "criteria": {
      "has_glass": "2018-12-27 21:45:12 +0000"
    },
    "done": true
  },
  "minecraft:recipes/tools/iron_pickaxe": {
    "criteria": {
      "has_iron_ingot": "2018-12-27 22:17:44 +0000"
    },
    "done": true
  },
  "minecraft:recipes/redstone/spruce_fence_gate": {
    "criteria": {
      "has_planks": "2018-12-27 20:27:39 +0000"
    },
    "done": true
  },
  "minecraft:recipes/building_blocks/yellow_concrete_powder": {
    "criteria": {
      "has_sand": "2018-12-27 21:36:54 +0000"
    },
    "done": true
  },
  "minecraft:recipes/misc/pumpkin_seeds": {
    "criteria": {
      "has_pumpkin": "2018-12-28 10:37:09 +0000"
    },
    "done": true
  },
  "minecraft:recipes/combat/leather_helmet": {
    "criteria": {
      "has_leather": "2018-12-28 10:37:09 +0000"
    },
    "done": true
  },
  "minecraft:recipes/building_blocks/magenta_wool": {
    "criteria": {
      "has_white_wool": "2018-12-27 20:21:58 +0000"
    },
    "done": true
  },
  "minecraft:recipes/decorations/crafting_table": {
    "criteria": {
      "has_the_recipe": "2018-12-27 20:27:09 +0000"
    },
    "done": true
  },
  "minecraft:recipes/redstone/redstone": {
    "criteria": {
      "has_the_recipe": "2018-12-28 09:45:59 +0000"
    },
    "done": true
  },
  "minecraft:recipes/tools/golden_hoe": {
    "criteria": {
      "has_gold_ingot": "2018-12-28 10:33:42 +0000"
    },
    "done": true
  },
  "minecraft:recipes/building_blocks/purple_stained_glass": {
    "criteria": {
      "has_glass": "2018-12-27 21:45:12 +0000"
    },
    "done": true
  },
  "minecraft:recipes/food/bread": {
    "criteria": {
      "has_wheat": "2018-12-29 12:06:58 +0000"
    },
    "done": true
  },
  "minecraft:recipes/redstone/trapdoor": {
    "criteria": {
      "has_planks": "2018-12-27 20:27:39 +0000"
    },
    "done": true
  },
  "minecraft:recipes/decorations/ladder": {
    "criteria": {
      "has_stick": "2018-12-27 20:39:44 +0000"
    },
    "done": true
  },
  "minecraft:recipes/decorations/lime_stained_glass_pane": {
    "criteria": {
      "has_glass": "2018-12-27 21:45:12 +0000"
    },
    "done": true
  },
  "minecraft:recipes/misc/iron_nugget": {
    "criteria": {
      "has_iron_ingot": "2018-12-27 22:17:44 +0000"
    },
    "done": true
  },
  "minecraft:recipes/decorations/chest": {
    "criteria": {
      "has_lots_of_items": "2018-12-27 20:20:46 +0000"
    },
    "done": true
  },
  "minecraft:recipes/combat/golden_sword": {
    "criteria": {
      "has_gold_ingot": "2018-12-28 10:33:42 +0000"
    },
    "done": true
  },
  "minecraft:recipes/building_blocks/brown_concrete_powder": {
    "criteria": {
      "has_sand": "2018-12-27 21:36:54 +0000"
    },
    "done": true
  },
  "minecraft:recipes/decorations/magenta_stained_glass_pane": {
    "criteria": {
      "has_glass": "2018-12-27 21:45:12 +0000"
    },
    "done": true
  },
  "minecraft:recipes/tools/wooden_shovel": {
    "criteria": {
      "has_stick": "2018-12-27 20:39:44 +0000"
    },
    "done": true
  },
  "minecraft:recipes/decorations/torch": {
    "criteria": {
      "has_stone_pickaxe": "2018-12-27 20:09:57 +0000"
    },
    "done": true
  },
  "minecraft:recipes/decorations/cyan_stained_glass_pane": {
    "criteria": {
      "has_glass": "2018-12-27 21:45:12 +0000"
    },
    "done": true
  },
  "minecraft:recipes/combat/diamond_sword": {
    "criteria": {
      "has_diamond": "2018-12-28 09:34:47 +0000"
    },
    "done": true
  },
  "minecraft:recipes/building_blocks/blue_stained_glass": {
    "criteria": {
      "has_glass": "2018-12-27 21:45:12 +0000"
    },
    "done": true
  },
  "minecraft:recipes/building_blocks/cyan_wool": {
    "criteria": {
      "has_white_wool": "2018-12-27 20:21:58 +0000"
    },
    "done": true
  },
  "minecraft:recipes/tools/shears": {
    "criteria": {
      "has_iron_ingot": "2018-12-27 22:17:44 +0000"
    },
    "done": true
  },
  "minecraft:recipes/misc/stick": {
    "criteria": {
      "has_the_recipe": "2018-12-27 20:27:28 +0000"
    },
    "done": true
  },
  "minecraft:recipes/decorations/sign": {
    "criteria": {
      "has_planks": "2018-12-27 20:27:39 +0000"
    },
    "done": true
  },
  "minecraft:recipes/transportation/spruce_boat": {
    "criteria": {
      "entered_water": "2018-12-27 20:37:32 +0000"
    },
    "done": true
  },
  "minecraft:recipes/decorations/jukebox": {
    "criteria": {
      "has_diamond": "2018-12-28 09:34:47 +0000"
    },
    "done": true
  },
  "minecraft:recipes/building_blocks/diorite": {
    "criteria": {
      "has_quartz": "2018-12-29 12:16:11 +0000"
    },
    "done": true
  },
  "minecraft:recipes/tools/flint_and_steel": {
    "criteria": {
      "has_flint": "2018-12-28 10:51:17 +0000"
    },
    "done": true
  },
  "minecraft:recipes/redstone/dispenser": {
    "criteria": {
      "has_bow": "2018-12-27 23:44:38 +0000"
    },
    "done": true
  },
  "biomesoplenty:recipes/transportation/boat_ethereal": {
    "criteria": {
      "entered_water": "2018-12-29 12:01:53 +0000"
    },
    "done": true
  },
  "minecraft:recipes/misc/pink_dye_from_red_bonemeal": {
    "criteria": {
      "has_red_dye": "2018-12-27 21:44:21 +0000"
    },
    "done": true
  },
  "minecraft:recipes/food/mushroom_stew": {
    "criteria": {
      "has_bowl": "2018-12-27 22:03:11 +0000"
    },
    "done": true
  },
  "minecraft:recipes/building_blocks/gray_wool": {
    "criteria": {
      "has_white_wool": "2018-12-27 20:21:58 +0000"
    },
    "done": true
  },
  "minecraft:recipes/misc/gold_nugget": {
    "criteria": {
      "has_gold_ingot": "2018-12-28 10:33:42 +0000"
    },
    "done": true
  },
  "minecraft:recipes/combat/iron_leggings": {
    "criteria": {
      "has_iron_ingot": "2018-12-27 22:17:44 +0000"
    },
    "done": true
  },
  "minecraft:husbandry/balanced_diet": {
    "criteria": {
      "cooked_porkchop": "2018-12-28 09:34:50 +0000",
      "chicken": "2018-12-28 12:03:20 +0000",
      "cooked_beef": "2018-12-28 12:35:40 +0000",
      "beef": "2018-12-28 12:01:02 +0000",
      "mutton": "2018-12-27 22:27:23 +0000",
      "mushroom_stew": "2018-12-27 22:03:11 +0000",
      "carrot": "2018-12-28 10:53:13 +0000"
    },
    "done": false
  },
  "minecraft:recipes/tools/wooden_hoe": {
    "criteria": {
      "has_stick": "2018-12-27 20:39:44 +0000"
    },
    "done": true
  },
  "minecraft:recipes/combat/shield": {
    "criteria": {
      "has_iron_ingot": "2018-12-27 22:17:44 +0000"
    },
    "done": true
  },
  "minecraft:recipes/decorations/brown_banner": {
    "criteria": {
      "has_brown_wool": "2018-12-27 23:27:34 +0000"
    },
    "done": true
  },
  "minecraft:recipes/building_blocks/cobblestone_slab": {
    "criteria": {
      "has_cobblestone": "2018-12-27 20:22:34 +0000"
    },
    "done": true
  },
  "minecraft:recipes/misc/bucket": {
    "criteria": {
      "has_iron_ingot": "2018-12-27 22:17:44 +0000"
    },
    "done": true
  },
  "minecraft:recipes/misc/iron_ingot_from_block": {
    "criteria": {
      "has_the_recipe": "2018-12-27 22:17:44 +0000"
    },
    "done": true
  },
  "minecraft:recipes/redstone/hopper": {
    "criteria": {
      "has_iron_ingot": "2018-12-27 22:17:44 +0000"
    },
    "done": true
  },
  "minecraft:recipes/building_blocks/coarse_dirt": {
    "criteria": {
      "has_gravel": "2018-12-27 21:38:23 +0000"
    },
    "done": true
  },
  "minecraft:recipes/decorations/orange_stained_glass_pane": {
    "criteria": {
      "has_glass": "2018-12-27 21:45:12 +0000"
    },
    "done": true
  },
  "minecraft:recipes/redstone/fence_gate": {
    "criteria": {
      "has_planks": "2018-12-27 20:42:34 +0000"
    },
    "done": true
  },
  "biomesoplenty:recipes/transportation/boat_mangrove": {
    "criteria": {
      "entered_water": "2018-12-29 12:01:53 +0000"
    },
    "done": true
  },
  "minecraft:recipes/decorations/white_banner": {
    "criteria": {
      "has_white_wool": "2018-12-27 20:21:58 +0000"
    },
    "done": true
  },
  "minecraft:recipes/building_blocks/light_gray_concrete_powder": {
    "criteria": {
      "has_sand": "2018-12-27 21:36:54 +0000"
    },
    "done": true
  },
  "minecraft:recipes/building_blocks/light_blue_concrete_powder": {
    "criteria": {
      "has_sand": "2018-12-27 21:36:54 +0000"
    },
    "done": true
  },
  "biomesoplenty:recipes/transportation/boat_eucalyptus": {
    "criteria": {
      "entered_water": "2018-12-29 12:01:53 +0000"
    },
    "done": true
  },
  "minecraft:recipes/building_blocks/hay_block": {
    "criteria": {
      "has_at_least_9_wheat": "2018-12-29 12:07:07 +0000"
    },
    "done": true
  },
  "minecraft:recipes/combat/leather_leggings": {
    "criteria": {
      "has_leather": "2018-12-28 10:37:09 +0000"
    },
    "done": true
  },
  "minecraft:recipes/combat/iron_helmet": {
    "criteria": {
      "has_iron_ingot": "2018-12-27 22:17:44 +0000"
    },
    "done": true
  },
  "minecraft:recipes/tools/golden_shovel": {
    "criteria": {
      "has_gold_ingot": "2018-12-28 10:33:42 +0000"
    },
    "done": true
  },
  "minecraft:recipes/building_blocks/pink_concrete_powder": {
    "criteria": {
      "has_sand": "2018-12-27 21:36:54 +0000"
    },
    "done": true
  },
  "minecraft:recipes/combat/bow": {
    "criteria": {
      "has_string": "2018-12-27 23:27:34 +0000"
    },
    "done": true
  },
  "minecraft:recipes/redstone/tnt": {
    "criteria": {
      "has_gunpowder": "2018-12-27 23:28:08 +0000"
    },
    "done": true
  },
  "minecraft:recipes/decorations/black_stained_glass_pane": {
    "criteria": {
      "has_glass": "2018-12-27 21:45:12 +0000"
    },
    "done": true
  },
  "minecraft:recipes/building_blocks/yellow_stained_glass": {
    "criteria": {
      "has_glass": "2018-12-27 21:45:12 +0000"
    },
    "done": true
  },
  "minecraft:recipes/building_blocks/granite": {
    "criteria": {
      "has_quartz": "2018-12-29 12:16:11 +0000"
    },
    "done": true
  },
  "minecraft:recipes/building_blocks/purple_concrete_powder": {
    "criteria": {
      "has_sand": "2018-12-27 21:36:54 +0000"
    },
    "done": true
  },
  "minecraft:recipes/decorations/iron_bars": {
    "criteria": {
      "has_iron_ingot": "2018-12-27 22:17:44 +0000"
    },
    "done": true
  },
  "minecraft:recipes/misc/sugar": {
    "criteria": {
      "has_reeds": "2018-12-28 12:03:05 +0000"
    },
    "done": true
  },
  "minecraft:recipes/building_blocks/blue_wool": {
    "criteria": {
      "has_white_wool": "2018-12-27 20:21:58 +0000"
    },
    "done": true
  },
  "minecraft:recipes/misc/magenta_dye_from_purple_and_pink": {
    "criteria": {
      "has_pink_dye": "2018-12-27 21:44:24 +0000"
    },
    "done": true
  },
  "minecraft:story/obtain_armor": {
    "criteria": {
      "iron_boots": "2018-12-28 10:54:57 +0000",
      "iron_chestplate": "2018-12-28 10:54:57 +0000",
      "iron_leggings": "2018-12-28 10:54:57 +0000",
      "iron_helmet": "2018-12-28 10:54:57 +0000"
    },
    "done": true
  },
  "minecraft:recipes/combat/diamond_chestplate": {
    "criteria": {
      "has_diamond": "2018-12-28 09:34:47 +0000"
    },
    "done": true
  },
  "minecraft:recipes/redstone/comparator": {
    "criteria": {
      "has_quartz": "2018-12-29 12:16:11 +0000"
    },
    "done": true
  },
  "minecraft:story/mine_stone": {
    "criteria": {
      "get_stone": "2018-12-27 20:22:34 +0000"
    },
    "done": true
  },
  "minecraft:recipes/decorations/furnace": {
    "criteria": {
      "has_cobblestone": "2018-12-27 20:22:34 +0000"
    },
    "done": true
  },
  "minecraft:recipes/transportation/minecart": {
    "criteria": {
      "has_iron_ingot": "2018-12-27 22:17:44 +0000"
    },
    "done": true
  },
  "minecraft:recipes/brewing/cauldron": {
    "criteria": {
      "has_water_bucket": "2018-12-28 09:14:24 +0000"
    },
    "done": true
  },
  "minecraft:recipes/decorations/gray_stained_glass_pane": {
    "criteria": {
      "has_glass": "2018-12-27 21:45:12 +0000"
    },
    "done": true
  },
  "minecraft:recipes/combat/diamond_leggings": {
    "criteria": {
      "has_diamond": "2018-12-28 09:34:47 +0000"
    },
    "done": true
  },
  "minecraft:recipes/building_blocks/sandstone": {
    "criteria": {
      "has_sand": "2018-12-27 21:36:54 +0000"
    },
    "done": true
  },
  "minecraft:recipes/building_blocks/red_stained_glass": {
    "criteria": {
      "has_glass": "2018-12-27 21:45:12 +0000"
    },
    "done": true
  },
  "minecraft:adventure/sleep_in_bed": {
    "criteria": {
      "slept_in_bed": "2018-12-28 12:12:28 +0000"
    },
    "done": true
  },
  "minecraft:recipes/building_blocks/spruce_planks": {
    "criteria": {
      "has_log": "2018-12-27 20:22:05 +0000"
    },
    "done": true
  },
  "minecraft:recipes/building_blocks/orange_wool": {
    "criteria": {
      "has_white_wool": "2018-12-27 20:21:58 +0000"
    },
    "done": true
  },
  "minecraft:recipes/decorations/green_stained_glass_pane": {
    "criteria": {
      "has_glass": "2018-12-27 21:45:12 +0000"
    },
    "done": true
  },
  "minecraft:recipes/tools/wooden_pickaxe": {
    "criteria": {
      "has_stick": "2018-12-27 20:39:44 +0000"
    },
    "done": true
  },
  "minecraft:recipes/tools/iron_hoe": {
    "criteria": {
      "has_iron_ingot": "2018-12-27 22:17:44 +0000"
    },
    "done": true
  },
  "minecraft:story/lava_bucket": {
    "criteria": {
      "lava_bucket": "2018-12-27 22:19:35 +0000"
    },
    "done": true
  },
  "minecraft:husbandry/root": {
    "criteria": {
      "consumed_item": "2018-12-27 22:03:11 +0000"
    },
    "done": true
  },
  "minecraft:recipes/building_blocks/stone_brick_slab": {
    "criteria": {
      "has_stonebrick": "2018-12-27 23:09:01 +0000"
    },
    "done": true
  },
  "minecraft:recipes/redstone/redstone_torch": {
    "criteria": {
      "has_redstone": "2018-12-28 09:45:58 +0000"
    },
    "done": true
  },
  "minecraft:recipes/transportation/birch_boat": {
    "criteria": {
      "entered_water": "2018-12-27 20:37:32 +0000"
    },
    "done": true
  },
  "minecraft:recipes/food/golden_apple": {
    "criteria": {
      "has_gold_ingot": "2018-12-28 10:33:42 +0000"
    },
    "done": true
  },
  "minecraft:recipes/building_blocks/oak_stairs": {
    "criteria": {
      "has_planks": "2018-12-27 20:42:34 +0000"
    },
    "done": true
  },
  "minecraft:recipes/building_blocks/green_concrete_powder": {
    "criteria": {
      "has_sand": "2018-12-27 21:36:54 +0000"
    },
    "done": true
  },
  "minecraft:recipes/decorations/red_carpet": {
    "criteria": {
      "has_red_wool": "2018-12-28 12:12:00 +0000"
    },
    "done": true
  },
  "minecraft:recipes/transportation/acacia_boat": {
    "criteria": {
      "entered_water": "2018-12-27 20:37:32 +0000"
    },
    "done": true
  },
  "minecraft:recipes/tools/iron_shovel": {
    "criteria": {
      "has_iron_ingot": "2018-12-27 22:17:44 +0000"
    },
    "done": true
  },
  "minecraft:recipes/redstone/iron_trapdoor": {
    "criteria": {
      "has_iron_ingot": "2018-12-27 22:17:44 +0000"
    },
    "done": true
  },
  "biomesoplenty:recipes/transportation/boat_redwood": {
    "criteria": {
      "entered_water": "2018-12-29 12:01:53 +0000"
    },
    "done": true
  },
  "minecraft:recipes/building_blocks/orange_stained_glass": {
    "criteria": {
      "has_glass": "2018-12-27 21:45:12 +0000"
    },
    "done": true
  },
  "minecraft:adventure/root": {
    "criteria": {
      "killed_something": "2018-12-27 20:16:00 +0000"
    },
    "done": true
  },
  "minecraft:recipes/misc/bowl": {
    "criteria": {
      "has_red_mushroom": "2018-12-28 11:55:07 +0000"
    },
    "done": true
  },
  "minecraft:recipes/building_blocks/white_concrete_powder": {
    "criteria": {
      "has_sand": "2018-12-27 21:36:54 +0000"
    },
    "done": true
  },
  "minecraft:recipes/decorations/item_frame": {
    "criteria": {
      "has_leather": "2018-12-28 10:37:09 +0000"
    },
    "done": true
  },
  "minecraft:recipes/tools/stone_hoe": {
    "criteria": {
      "has_cobblestone": "2018-12-27 20:22:34 +0000"
    },
    "done": true
  },
  "minecraft:recipes/tools/clock": {
    "criteria": {
      "has_redstone": "2018-12-28 09:45:58 +0000"
    },
    "done": true
  },
  "minecraft:recipes/decorations/spruce_fence": {
    "criteria": {
      "has_planks": "2018-12-27 20:27:39 +0000"
    },
    "done": true
  },
  "minecraft:recipes/tools/diamond_pickaxe": {
    "criteria": {
      "has_diamond": "2018-12-28 09:34:47 +0000"
    },
    "done": true
  },
  "minecraft:recipes/tools/diamond_hoe": {
    "criteria": {
      "has_diamond": "2018-12-28 09:34:47 +0000"
    },
    "done": true
  },
  "biomesoplenty:recipes/transportation/boat_umbran": {
    "criteria": {
      "entered_water": "2018-12-29 12:01:53 +0000"
    },
    "done": true
  },
  "minecraft:recipes/decorations/white_stained_glass_pane": {
    "criteria": {
      "has_glass": "2018-12-27 21:45:12 +0000"
    },
    "done": true
  },
  "minecraft:adventure/kill_all_mobs": {
    "criteria": {
      "zombie_villager": "2018-12-29 13:10:13 +0000",
      "polar_bear": "2018-12-27 23:25:43 +0000",
      "skeleton": "2018-12-27 20:30:22 +0000",
      "zombie": "2018-12-27 20:20:00 +0000",
      "silverfish": "2018-12-28 09:53:14 +0000",
      "creeper": "2018-12-28 00:28:51 +0000"
    },
    "done": false
  },
  "minecraft:recipes/tools/diamond_shovel": {
    "criteria": {
      "has_diamond": "2018-12-28 09:34:47 +0000"
    },
    "done": true
  },
  "minecraft:recipes/redstone/redstone_block": {
    "criteria": {
      "has_at_least_9_redstone": "2018-12-28 09:45:59 +0000"
    },
    "done": true
  },
  "minecraft:recipes/decorations/white_carpet": {
    "criteria": {
      "has_white_wool": "2018-12-27 20:21:58 +0000"
    },
    "done": true
  },
  "minecraft:recipes/building_blocks/lime_stained_glass": {
    "criteria": {
      "has_glass": "2018-12-27 21:45:12 +0000"
    },
    "done": true
  },
  "minecraft:recipes/decorations/pink_stained_glass_pane": {
    "criteria": {
      "has_glass": "2018-12-27 21:45:12 +0000"
    },
    "done": true
  },
  "minecraft:recipes/building_blocks/spruce_stairs": {
    "criteria": {
      "has_planks": "2018-12-27 20:27:39 +0000"
    },
    "done": true
  },
  "minecraft:recipes/decorations/brown_bed": {
    "criteria": {
      "has_brown_wool": "2018-12-27 23:27:34 +0000"
    },
    "done": true
  },
  "minecraft:recipes/redstone/birch_door": {
    "criteria": {
      "has_planks": "2018-12-29 13:00:37 +0000"
    },
    "done": true
  },
  "minecraft:recipes/decorations/glass_pane": {
    "criteria": {
      "has_glass": "2018-12-27 21:45:12 +0000"
    },
    "done": true
  },
  "biomesoplenty:recipes/transportation/boat_magic": {
    "criteria": {
      "entered_water": "2018-12-29 12:01:53 +0000"
    },
    "done": true
  },
  "minecraft:recipes/building_blocks/magenta_stained_glass": {
    "criteria": {
      "has_glass": "2018-12-27 21:45:12 +0000"
    },
    "done": true
  },
  "minecraft:story/mine_diamond": {
    "criteria": {
      "diamond": "2018-12-28 09:34:47 +0000"
    },
    "done": true
  },
  "minecraft:story/upgrade_tools": {
    "criteria": {
      "stone_pickaxe": "2018-12-27 20:09:57 +0000"
    },
    "done": true
  },
  "minecraft:recipes/combat/diamond_helmet": {
    "criteria": {
      "has_diamond": "2018-12-28 09:34:47 +0000"
    },
    "done": true
  },
  "biomesoplenty:recipes/transportation/boat_palm": {
    "criteria": {
      "entered_water": "2018-12-29 12:01:53 +0000"
    },
    "done": true
  },
  "minecraft:recipes/decorations/anvil": {
    "criteria": {
      "has_iron_block": "2018-12-29 14:04:58 +0000"
    },
    "done": true
  },
  "minecraft:recipes/building_blocks/light_blue_stained_glass": {
    "criteria": {
      "has_glass": "2018-12-27 21:45:12 +0000"
    },
    "done": true
  },
  "minecraft:recipes/decorations/birch_fence": {
    "criteria": {
      "has_planks": "2018-12-29 13:00:37 +0000"
    },
    "done": true
  },
  "minecraft:recipes/building_blocks/orange_concrete_powder": {
    "criteria": {
      "has_sand": "2018-12-27 21:36:54 +0000"
    },
    "done": true
  },
  "minecraft:recipes/building_blocks/cyan_concrete_powder": {
    "criteria": {
      "has_sand": "2018-12-27 21:36:54 +0000"
    },
    "done": true
  },
  "minecraft:recipes/decorations/blue_stained_glass_pane": {
    "criteria": {
      "has_glass": "2018-12-27 21:45:12 +0000"
    },
    "done": true
  },
  "minecraft:recipes/building_blocks/stone_brick_stairs": {
    "criteria": {
      "has_stonebrick": "2018-12-27 23:09:01 +0000"
    },
    "done": true
  },
  "minecraft:recipes/combat/golden_boots": {
    "criteria": {
      "has_gold_ingot": "2018-12-28 10:33:42 +0000"
    },
    "done": true
  },
  "minecraft:recipes/tools/wooden_axe": {
    "criteria": {
      "has_stick": "2018-12-27 20:39:44 +0000"
    },
    "done": true
  },
  "minecraft:recipes/building_blocks/lime_wool": {
    "criteria": {
      "has_white_wool": "2018-12-27 20:21:58 +0000"
    },
    "done": true
  },
  "minecraft:recipes/misc/paper": {
    "criteria": {
      "has_reeds": "2018-12-28 12:03:05 +0000"
    },
    "done": true
  },
  "minecraft:recipes/building_blocks/black_wool": {
    "criteria": {
      "has_white_wool": "2018-12-27 20:21:58 +0000"
    },
    "done": true
  },
  "minecraft:recipes/combat/golden_chestplate": {
    "criteria": {
      "has_gold_ingot": "2018-12-28 10:33:42 +0000"
    },
    "done": true
  },
  "minecraft:recipes/building_blocks/green_wool": {
    "criteria": {
      "has_white_wool": "2018-12-27 20:21:58 +0000"
    },
    "done": true
  },
  "minecraft:recipes/tools/diamond_axe": {
    "criteria": {
      "has_diamond": "2018-12-28 09:34:47 +0000"
    },
    "done": true
  },
  "minecraft:recipes/misc/magenta_dye_from_lapis_red_pink": {
    "criteria": {
      "has_red_dye": "2018-12-27 21:44:21 +0000"
    },
    "done": true
  },
  "minecraft:recipes/brewing/glass_bottle": {
    "criteria": {
      "has_glass": "2018-12-27 21:45:12 +0000"
    },
    "done": true
  },
  "minecraft:recipes/building_blocks/brown_wool": {
    "criteria": {
      "has_white_wool": "2018-12-27 20:21:58 +0000"
    },
    "done": true
  },
  "biomesoplenty:recipes/transportation/boat_fir": {
    "criteria": {
      "entered_water": "2018-12-29 12:01:53 +0000"
    },
    "done": true
  },
  "minecraft:recipes/decorations/light_blue_stained_glass_pane": {
    "criteria": {
      "has_glass": "2018-12-27 21:45:12 +0000"
    },
    "done": true
  },
  "minecraft:recipes/building_blocks/iron_block": {
    "criteria": {
      "has_at_least_9_iron_ingot": "2018-12-27 22:17:44 +0000"
    },
    "done": true
  },
  "minecraft:recipes/decorations/painting": {
    "criteria": {
      "has_wool": "2018-12-27 20:21:58 +0000"
    },
    "done": true
  },
  "minecraft:recipes/building_blocks/white_stained_glass": {
    "criteria": {
      "has_glass": "2018-12-27 21:45:12 +0000"
    },
    "done": true
  },
  "biomesoplenty:recipes/transportation/boat_sacred_oak": {
    "criteria": {
      "entered_water": "2018-12-29 12:01:53 +0000"
    },
    "done": true
  },
  "minecraft:recipes/misc/red_dye_from_poppy": {
    "criteria": {
      "has_red_flower": "2018-12-27 23:28:08 +0000"
    },
    "done": true
  },
  "biomesoplenty:recipes/transportation/boat_pine": {
    "criteria": {
      "entered_water": "2018-12-29 12:01:53 +0000"
    },
    "done": true
  },
  "minecraft:recipes/redstone/wooden_pressure_plate": {
    "criteria": {
      "has_planks": "2018-12-27 20:27:39 +0000"
    },
    "done": true
  },
  "minecraft:recipes/combat/arrow": {
    "criteria": {
      "has_feather": "2018-12-27 20:20:46 +0000"
    },
    "done": true
  },
  "minecraft:recipes/building_blocks/stone_slab": {
    "criteria": {
      "has_stone": "2018-12-27 20:57:40 +0000"
    },
    "done": true
  },
  "minecraft:recipes/building_blocks/coal_block": {
    "criteria": {
      "has_at_least_9_coal": "2018-12-27 20:21:37 +0000"
    },
    "done": true
  },
  "minecraft:recipes/misc/yellow_dye_from_dandelion": {
    "criteria": {
      "has_yellow_flower": "2018-12-28 10:27:31 +0000"
    },
    "done": true
  },
  "minecraft:recipes/building_blocks/clay": {
    "criteria": {
      "has_clay_ball": "2018-12-29 12:47:36 +0000"
    },
    "done": true
  },
  "minecraft:recipes/building_blocks/green_stained_glass": {
    "criteria": {
      "has_glass": "2018-12-27 21:45:12 +0000"
    },
    "done": true
  },
  "biomesoplenty:recipes/buildingblocks/coarse_loamy_dirt": {
    "criteria": {
      "has_gravel": "2018-12-29 11:58:17 +0000"
    },
    "done": true
  },
  "minecraft:recipes/redstone/light_weighted_pressure_plate": {
    "criteria": {
      "has_gold_ingot": "2018-12-28 10:33:42 +0000"
    },
    "done": true
  },
  "minecraft:recipes/building_blocks/light_blue_wool": {
    "criteria": {
      "has_white_wool": "2018-12-27 20:21:58 +0000"
    },
    "done": true
  },
  "minecraft:recipes/tools/stone_shovel": {
    "criteria": {
      "has_cobblestone": "2018-12-27 20:22:34 +0000"
    },
    "done": true
  },
  "minecraft:recipes/redstone/wooden_button": {
    "criteria": {
      "has_planks": "2018-12-27 20:27:39 +0000"
    },
    "done": true
  },
  "minecraft:recipes/combat/wooden_sword": {
    "criteria": {
      "has_stick": "2018-12-27 20:39:44 +0000"
    },
    "done": true
  },
  "minecraft:recipes/decorations/yellow_stained_glass_pane": {
    "criteria": {
      "has_glass": "2018-12-27 21:45:12 +0000"
    },
    "done": true
  },
  "minecraft:recipes/building_blocks/oak_planks": {
    "criteria": {
      "has_log": "2018-12-27 20:20:06 +0000"
    },
    "done": true
  },
  "minecraft:recipes/building_blocks/blue_concrete_powder": {
    "criteria": {
      "has_sand": "2018-12-27 21:36:54 +0000"
    },
    "done": true
  },
  "minecraft:recipes/building_blocks/gray_concrete_powder": {
    "criteria": {
      "has_sand": "2018-12-27 21:36:54 +0000"
    },
    "done": true
  },
  "biomesoplenty:recipes/transportation/boat_cherry": {
    "criteria": {
      "entered_water": "2018-12-29 12:01:53 +0000"
    },
    "done": true
  },
  "minecraft:recipes/building_blocks/cyan_stained_glass": {
    "criteria": {
      "has_glass": "2018-12-27 21:45:12 +0000"
    },
    "done": true
  },
  "minecraft:recipes/decorations/fence": {
    "criteria": {
      "has_planks": "2018-12-27 20:42:34 +0000"
    },
    "done": true
  },
  "minecraft:recipes/tools/golden_axe": {
    "criteria": {
      "has_gold_ingot": "2018-12-28 10:33:42 +0000"
    },
    "done": true
  },
  "minecraft:recipes/tools/iron_axe": {
    "criteria": {
      "has_iron_ingot": "2018-12-27 22:17:44 +0000"
    },
    "done": true
  },
  "minecraft:recipes/building_blocks/andesite": {
    "criteria": {
      "has_stone": "2018-12-28 10:33:02 +0000"
    },
    "done": true
  },
  "minecraft:recipes/combat/golden_helmet": {
    "criteria": {
      "has_gold_ingot": "2018-12-28 10:33:42 +0000"
    },
    "done": true
  },
  "minecraft:recipes/tools/lead": {
    "criteria": {
      "has_slime_ball": "2018-12-28 10:26:55 +0000"
    },
    "done": true
  },
  "minecraft:recipes/decorations/red_banner": {
    "criteria": {
      "has_red_wool": "2018-12-28 12:12:00 +0000"
    },
    "done": true
  },
  "minecraft:recipes/redstone/tripwire_hook": {
    "criteria": {
      "has_string": "2018-12-27 23:27:34 +0000"
    },
    "done": true
  },
  "minecraft:recipes/combat/iron_boots": {
    "criteria": {
      "has_iron_ingot": "2018-12-27 22:17:44 +0000"
    },
    "done": true
  },
  "minecraft:recipes/building_blocks/birch_planks": {
    "criteria": {
      "has_log": "2018-12-29 12:30:57 +0000"
    },
    "done": true
  },
  "minecraft:recipes/misc/bone_meal_from_bone": {
    "criteria": {
      "has_bone": "2018-12-27 23:27:34 +0000"
    },
    "done": true
  },
  "minecraft:recipes/building_blocks/black_concrete_powder": {
    "criteria": {
      "has_sand": "2018-12-27 21:36:54 +0000"
    },
    "done": true
  },
  "minecraft:story/iron_tools": {
    "criteria": {
      "iron_pickaxe": "2018-12-28 00:32:41 +0000"
    },
    "done": true
  },
  "biomesoplenty:recipes/transportation/boat_ebony": {
    "criteria": {
      "entered_water": "2018-12-29 12:01:53 +0000"
    },
    "done": true
  },
  "biomesoplenty:recipes/transportation/boat_hellbark": {
    "criteria": {
      "entered_water": "2018-12-29 12:01:53 +0000"
    },
    "done": true
  },
  "minecraft:recipes/building_blocks/spruce_wooden_slab": {
    "criteria": {
      "has_planks": "2018-12-27 20:27:39 +0000"
    },
    "done": true
  },
  "minecraft:recipes/redstone/birch_fence_gate": {
    "criteria": {
      "has_planks": "2018-12-29 13:00:37 +0000"
    },
    "done": true
  },
  "minecraft:story/root": {
    "criteria": {
      "crafting_table": "2018-12-27 20:27:10 +0000"
    },
    "done": true
  },
  "minecraft:recipes/redstone/stone_button": {
    "criteria": {
      "has_stone": "2018-12-27 20:57:40 +0000"
    },
    "done": true
  },
  "minecraft:recipes/combat/iron_chestplate": {
    "criteria": {
      "has_iron_ingot": "2018-12-27 22:17:44 +0000"
    },
    "done": true
  },
  "minecraft:recipes/redstone/dropper": {
    "criteria": {
      "has_redstone": "2018-12-28 09:45:58 +0000"
    },
    "done": true
  },
  "minecraft:recipes/building_blocks/yellow_wool": {
    "criteria": {
      "has_white_wool": "2018-12-27 20:21:58 +0000"
    },
    "done": true
  },
  "minecraft:recipes/misc/coal": {
    "criteria": {
      "has_the_recipe": "2018-12-27 20:21:37 +0000"
    },
    "done": true
  },
  "minecraft:recipes/redstone/noteblock": {
    "criteria": {
      "has_redstone": "2018-12-28 09:45:58 +0000"
    },
    "done": true
  },
  "minecraft:recipes/building_blocks/red_concrete_powder": {
    "criteria": {
      "has_sand": "2018-12-27 21:36:54 +0000"
    },
    "done": true
  },
  "minecraft:recipes/building_blocks/string_to_wool": {
    "criteria": {
      "has_string": "2018-12-27 23:27:34 +0000"
    },
    "done": true
  },
  "biomesoplenty:recipes/transportation/boat_mahogany": {
    "criteria": {
      "entered_water": "2018-12-29 12:01:53 +0000"
    },
    "done": true
  },
  "minecraft:recipes/combat/leather_chestplate": {
    "criteria": {
      "has_leather": "2018-12-28 10:37:09 +0000"
    },
    "done": true
  },
  "minecraft:recipes/tools/compass": {
    "criteria": {
      "has_redstone": "2018-12-28 09:45:58 +0000"
    },
    "done": true
  },
  "minecraft:adventure/kill_a_mob": {
    "criteria": {
      "zombie": "2018-12-27 20:20:00 +0000"
    },
    "done": true
  },
  "biomesoplenty:recipes/buildingblocks/coarse_sandy_dirt": {
    "criteria": {
      "has_gravel": "2018-12-29 11:58:17 +0000"
    },
    "done": true
  },
  "minecraft:recipes/tools/golden_pickaxe": {
    "criteria": {
      "has_gold_ingot": "2018-12-28 10:33:42 +0000"
    },
    "done": true
  },
  "minecraft:recipes/redstone/sticky_piston": {
    "criteria": {
      "has_slime_ball": "2018-12-28 10:26:55 +0000"
    },
    "done": true
  },
  "minecraft:recipes/building_blocks/polished_andesite": {
    "criteria": {
      "has_stone": "2018-12-28 10:31:58 +0000"
    },
    "done": true
  },
  "minecraft:recipes/building_blocks/quartz_block": {
    "criteria": {
      "has_quartz": "2018-12-29 12:16:11 +0000"
    },
    "done": true
  },
  "minecraft:adventure/adventuring_time": {
    "criteria": {
      "forest": "2018-12-27 21:36:45 +0000",
      "birch_forest": "2018-12-27 20:15:53 +0000",
      "extreme_hills_with_trees": "2018-12-27 20:09:57 +0000",
      "forest_hills": "2018-12-29 12:03:51 +0000",
      "plains": "2018-12-28 12:54:01 +0000",
      "redwood_taiga": "2018-12-28 12:02:16 +0000",
      "taiga": "2018-12-28 11:59:24 +0000",
      "redwood_taiga_hills": "2018-12-28 12:00:39 +0000",
      "extreme_hills": "2018-12-27 20:10:56 +0000",
      "roofed_forest": "2018-12-28 11:53:47 +0000",
      "river": "2018-12-27 22:40:58 +0000"
    },
    "done": false
  },
  "minecraft:recipes/redstone/iron_door": {
    "criteria": {
      "has_iron_ingot": "2018-12-27 22:17:44 +0000"
    },
    "done": true
  },
  "minecraft:recipes/building_blocks/birch_wooden_slab": {
    "criteria": {
      "has_planks": "2018-12-29 13:00:37 +0000"
    },
    "done": true
  },
  "minecraft:recipes/combat/stone_sword": {
    "criteria": {
      "has_cobblestone": "2018-12-27 20:22:34 +0000"
    },
    "done": true
  },
  "biomesoplenty:recipes/transportation/boat_willow": {
    "criteria": {
      "entered_water": "2018-12-29 12:01:53 +0000"
    },
    "done": true
  },
  "minecraft:recipes/decorations/cobblestone_wall": {
    "criteria": {
      "has_cobblestone": "2018-12-27 20:22:34 +0000"
    },
    "done": true
  },
  "minecraft:recipes/decorations/red_bed": {
    "criteria": {
      "has_red_wool": "2018-12-28 12:12:00 +0000"
    },
    "done": true
  },
  "minecraft:recipes/tools/stone_pickaxe": {
    "criteria": {
      "has_cobblestone": "2018-12-27 20:22:34 +0000"
    },
    "done": true
  },
  "minecraft:recipes/redstone/stone_pressure_plate": {
    "criteria": {
      "has_stone": "2018-12-27 20:57:40 +0000"
    },
    "done": true
  },
  "minecraft:recipes/building_blocks/brown_stained_glass": {
    "criteria": {
      "has_glass": "2018-12-27 21:45:12 +0000"
    },
    "done": true
  },
  "minecraft:husbandry/plant_seed": {
    "criteria": {
      "wheat": "2018-12-29 12:24:31 +0000"
    },
    "done": true
  },
  "minecraft:recipes/transportation/boat": {
    "criteria": {
      "entered_water": "2018-12-27 20:37:32 +0000"
    },
    "done": true
  },
  "minecraft:recipes/misc/purple_dye": {
    "criteria": {
      "has_red_dye": "2018-12-27 21:44:21 +0000"
    },
    "done": true
  },
  "minecraft:recipes/combat/leather_boots": {
    "criteria": {
      "has_leather": "2018-12-28 10:37:09 +0000"
    },
    "done": true
  },
  "minecraft:recipes/transportation/jungle_boat": {
    "criteria": {
      "entered_water": "2018-12-27 20:37:32 +0000"
    },
    "done": true
  },
  "minecraft:adventure/shoot_arrow": {
    "criteria": {
      "shot_arrow": "2018-12-28 10:58:44 +0000"
    },
    "done": true
  },
  "minecraft:recipes/building_blocks/birch_stairs": {
    "criteria": {
      "has_planks": "2018-12-29 13:00:37 +0000"
    },
    "done": true
  },
  "minecraft:recipes/building_blocks/light_gray_stained_glass": {
    "criteria": {
      "has_glass": "2018-12-27 21:45:12 +0000"
    },
    "done": true
  },
  "minecraft:recipes/decorations/brown_carpet": {
    "criteria": {
      "has_brown_wool": "2018-12-27 23:27:34 +0000"
    },
    "done": true
  },
  "minecraft:recipes/redstone/heavy_weighted_pressure_plate": {
    "criteria": {
      "has_iron_ingot": "2018-12-27 22:17:44 +0000"
    },
    "done": true
  },
  "minecraft:recipes/building_blocks/diamond_block": {
    "criteria": {
      "has_at_least_9_diamond": "2018-12-28 12:40:51 +0000"
    },
    "done": true
  },
  "minecraft:recipes/transportation/dark_oak_boat": {
    "criteria": {
      "entered_water": "2018-12-27 20:37:32 +0000"
    },
    "done": true
  },
  "minecraft:recipes/transportation/carrot_on_a_stick": {
    "criteria": {
      "has_carrot": "2018-12-27 22:32:30 +0000"
    },
    "done": true
  },
  "minecraft:recipes/food/pumpkin_pie": {
    "criteria": {
      "has_pumpkin": "2018-12-28 10:37:09 +0000"
    },
    "done": true
  },
  "minecraft:recipes/redstone/daylight_detector": {
    "criteria": {
      "has_quartz": "2018-12-29 12:16:11 +0000"
    },
    "done": true
  },
  "minecraft:recipes/building_blocks/pink_wool": {
    "criteria": {
      "has_white_wool": "2018-12-27 20:21:58 +0000"
    },
    "done": true
  },
  "biomesoplenty:recipes/transportation/boat_jacaranda": {
    "criteria": {
      "entered_water": "2018-12-29 12:01:53 +0000"
    },
    "done": true
  },
  "minecraft:recipes/decorations/red_stained_glass_pane": {
    "criteria": {
      "has_glass": "2018-12-27 21:45:12 +0000"
    },
    "done": true
  },
  "minecraft:recipes/building_blocks/lit_pumpkin": {
    "criteria": {
      "has_pumpkin": "2018-12-28 10:37:09 +0000"
    },
    "done": true
  },
  "minecraft:recipes/building_blocks/polished_granite": {
    "criteria": {
      "has_stone": "2018-12-28 10:32:16 +0000"
    },
    "done": true
  },
  "minecraft:recipes/building_blocks/stonebrick": {
    "criteria": {
      "has_stone": "2018-12-27 20:57:40 +0000"
    },
    "done": true
  },
  "biomesoplenty:recipes/tools/empty_jar": {
    "criteria": {
      "has_glass": "2018-12-29 13:04:01 +0000"
    },
    "done": true
  },
  "minecraft:recipes/redstone/piston": {
    "criteria": {
      "has_redstone": "2018-12-28 09:45:58 +0000"
    },
    "done": true
  },
  "minecraft:recipes/combat/golden_leggings": {
    "criteria": {
      "has_gold_ingot": "2018-12-28 10:33:42 +0000"
    },
    "done": true
  },
  "minecraft:recipes/building_blocks/stone_stairs": {
    "criteria": {
      "has_cobblestone": "2018-12-27 20:22:34 +0000"
    },
    "done": true
  },
  "minecraft:recipes/decorations/brown_stained_glass_pane": {
    "criteria": {
      "has_glass": "2018-12-27 21:45:12 +0000"
    },
    "done": true
  },
  "minecraft:recipes/misc/diamond": {
    "criteria": {
      "has_the_recipe": "2018-12-28 12:40:51 +0000"
    },
    "done": true
  },
  "minecraft:recipes/combat/diamond_boots": {
    "criteria": {
      "has_diamond": "2018-12-28 09:34:47 +0000"
    },
    "done": true
  },
  "minecraft:recipes/building_blocks/polished_diorite": {
    "criteria": {
      "has_stone": "2018-12-28 10:33:02 +0000"
    },
    "done": true
  },
  "minecraft:recipes/building_blocks/light_gray_wool": {
    "criteria": {
      "has_white_wool": "2018-12-27 20:21:58 +0000"
    },
    "done": true
  },
  "minecraft:recipes/building_blocks/red_wool": {
    "criteria": {
      "has_white_wool": "2018-12-27 20:21:58 +0000"
    },
    "done": true
  },
  "minecraft:recipes/misc/orange_dye_from_red_yellow": {
    "criteria": {
      "has_red_dye": "2018-12-27 21:44:21 +0000"
    },
    "done": true
  },
  "minecraft:story/smelt_iron": {
    "criteria": {
      "iron": "2018-12-27 22:17:44 +0000"
    },
    "done": true
  },
  "minecraft:recipes/tools/stone_axe": {
    "criteria": {
      "has_cobblestone": "2018-12-27 20:22:34 +0000"
    },
    "done": true
  },
  "minecraft:recipes/redstone/wooden_door": {
    "criteria": {
      "has_planks": "2018-12-27 20:42:34 +0000"
    },
    "done": true
  },
  "minecraft:recipes/building_blocks/chiseled_stonebrick": {
    "criteria": {
      "has_stonebrick": "2018-12-27 23:09:01 +0000"
    },
    "done": true
  },
  "minecraft:recipes/building_blocks/pink_stained_glass": {
    "criteria": {
      "has_glass": "2018-12-27 21:45:12 +0000"
    },
    "done": true
  },
  "minecraft:recipes/decorations/light_gray_stained_glass_pane": {
    "criteria": {
      "has_glass": "2018-12-27 21:45:12 +0000"
    },
    "done": true
  }
}