{
  "ident": "(447a2daa-8279-3bc2-91f9-722344c2cb54|Grayfoox)",
  "lastTeleportOrigin": {
    "dim": 0,
    "pitch": 12.506507,
    "yaw": -90.68892,
    "xd": 3164.2879714332694,
    "yd": 109.0,
    "zd": -1935.7454605377727
  },
  "lastTeleportTime": 1546043501006,
  "selDim": 0,
  "inventoryGroups": {},
  "modInventoryGroups": {},
  "activeInventoryGroup": "default",
  "timePlayed": 0,
  "firstLogin": "Dec 29, 2018 12:27:26 AM",
  "lastLogin": "Dec 29, 2018 12:46:12 AM",
  "namedTimeout": {}
}