{"stat.beaconInteraction":3,"stat.useItem.minecraft.bow":397,"stat.useItem.minecraft.quartz_block":432,"stat.pickup.minecraft.wooden_slab":121,"stat.leaveGame":34,"stat.drop.minecraft.gunpowder":105,"stat.drop.minecraft.redstone":221,"stat.useItem.minecraft.glowstone":126,"stat.drop.minecraft.iron_sword":17,"stat.pickup.minecraft.rotten_flesh":380,"stat.drop.minecraft.redstone_torch":2,"stat.useItem.minecraft.diamond_hoe":1040,"stat.craftItem.minecraft.stone_axe":1,"stat.killEntity.Enderman":1,"stat.mineBlock.minecraft.wooden_slab":90,"stat.drop.minecraft.record_strad":1,"stat.pickup.minecraft.record_ward":5,"stat.useItem.minecraft.anvil":2,"stat.craftItem.minecraft.iron_shovel":2,"stat.useItem.minecraft.record_strad":4,"stat.killEntity.Witch":1,"stat.drop.minecraft.tnt":2,"stat.useItem.minecraft.iron_pickaxe":1345,"stat.craftItem.minecraft.wooden_pickaxe":1,"stat.useItem.minecraft.iron_shovel":193,"stat.drop.minecraft.chainmail_leggings":2,"stat.craftItem.minecraft.bed":2,"stat.mineBlock.chisel.marble2":20,"stat.pickup.minecraft.record_far":4,"stat.furnaceInteraction":25,"stat.pickup.minecraft.sponge":7,"stat.craftItem.minecraft.leather_helmet":1,"stat.pickup.minecraft.beef":8,"stat.useItem.minecraft.stained_glass":204,"stat.useItem.minecraft.fence":1,"stat.useItem.minecraft.dark_oak_door":3,"stat.mineBlock.minecraft.sponge":4,"stat.pickup.minecraft.potion":2,"stat.useItem.minecraft.flint_and_steel":251,"stat.useItem.minecraft.wheat_seeds":1104,"stat.pickup.thaumcraft.crystal_essence":4,"stat.drop.minecraft.cooked_fish":1,"stat.useItem.minecraft.lingering_potion":3,"stat.useItem.minecraft.dye":165,"stat.useItem.minecraft.beef":1,"stat.pickup.minecraft.lever":2,"stat.deaths":4,"stat.pickup.minecraft.egg":62,"stat.drop.minecraft.golden_pickaxe":1,"stat.pickup.minecraft.item_frame":1,"stat.drop.minecraft.torch":32,"stat.useItem.minecraft.jukebox":3,"stat.pickup.chisel.marble2":20,"stat.mineBlock.minecraft.tallgrass":3,"stat.craftItem.minecraft.cooked_mutton":5,"stat.chestOpened":336,"stat.useItem.minecraft.splash_potion":27,"stat.useItem.minecraft.stone":837,"stat.pickup.minecraft.arrow":335,"stat.pickup.minecraft.iron_sword":5,"stat.useItem.minecraft.ender_chest":4,"stat.drop.minecraft.iron_pickaxe":64,"stat.pickup.minecraft.carrot":29,"stat.crouchOneCm":52028,"stat.pickup.minecraft.rail":2,"stat.craftItem.minecraft.iron_ingot":12,"stat.drop.minecraft.mushroom_stew":2,"stat.craftingTableInteraction":52,"stat.craftItem.tconstruct.pattern":24,"stat.mineBlock.minecraft.log2":241,"stat.useItem.minecraft.reeds":3,"stat.pickup.minecraft.dye":1,"stat.pickup.minecraft.planks":37,"stat.pickup.minecraft.wheat_seeds":953,"stat.drop.minecraft.record_ward":1,"stat.useItem.minecraft.record_13":1,"stat.mineBlock.minecraft.dirt":259,"stat.killEntity.VindicationIllager":2,"stat.useItem.minecraft.bread":1,"stat.useItem.minecraft.record_11":1,"stat.drop.minecraft.porkchop":12,"stat.drop.minecraft.rotten_flesh":369,"stat.useItem.minecraft.cobblestone":468,"stat.useItem.minecraft.gravel":18,"stat.useItem.minecraft.record_far":1,"stat.drop.minecraft.record_far":1,"stat.minecartOneCm":10088,"stat.drop.minecraft.glass_pane":1,"stat.drop.minecraft.chicken":1,"stat.pickup.minecraft.iron_pickaxe":1,"stat.useItem.tconstruct.pickaxe":183,"stat.drop.minecraft.iron_ore":36,"stat.drop.minecraft.carrot":68,"stat.mineBlock.thaumcraft.crystal_terra":1,"stat.drop.minecraft.sapling":7,"stat.pickup.minecraft.chicken":18,"stat.drop.minecraft.gold_nugget":155,"stat.pickup.minecraft.apple":6,"stat.useItem.minecraft.fireworks":227,"stat.useItem.minecraft.glass_pane":8,"stat.breakItem.minecraft.stone_shovel":1,"stat.useItem.minecraft.record_mellohi":4,"stat.drop.minecraft.fish":1,"stat.killEntity.ElderGuardian":5,"stat.useItem.minecraft.iron_sword":159,"stat.craftItem.minecraft.planks":1176,"stat.itemEnchanted":6,"stat.useItem.minecraft.stonebrick":813,"stat.mineBlock.minecraft.log":159,"stat.pickup.minecraft.wool":11,"stat.useItem.minecraft.wooden_axe":11,"stat.drop.minecraft.grass":3,"stat.useItem.minecraft.record_blocks":2,"stat.drop.minecraft.observer":1,"stat.useItem.minecraft.orange_glazed_terracotta":17,"stat.useItem.minecraft.iron_axe":503,"stat.mineBlock.minecraft.cobblestone":2,"stat.pickup.minecraft.stone_pickaxe":1,"stat.pickup.minecraft.flint":2,"stat.mineBlock.minecraft.yellow_flower":2,"stat.drop.minecraft.record_blocks":1,"stat.useItem.minecraft.concrete_powder":35,"stat.mineBlock.thaumcraft.ore_amber":1,"stat.drop.minecraft.cobblestone":1087,"stat.pickup.minecraft.cooked_porkchop":202,"stat.useItem.minecraft.obsidian":138,"stat.useItem.minecraft.stone_slab2":2148,"stat.pickup.minecraft.bow":13,"stat.pickup.minecraft.iron_boots":2,"stat.craftItem.minecraft.dark_oak_door":6,"stat.craftItem.minecraft.furnace":2,"stat.useItem.minecraft.white_glazed_terracotta":18,"stat.drop.minecraft.golden_helmet":1,"stat.useItem.minecraft.egg":1077,"stat.pickup.minecraft.record_chirp":5,"stat.drop.minecraft.record_cat":1,"stat.flyOneCm":12086670,"stat.drop.minecraft.iron_helmet":1,"stat.pickup.minecraft.fish":1,"stat.drop.minecraft.chainmail_chestplate":65,"stat.timeSinceDeath":574423,"stat.useItem.minecraft.wooden_slab":453,"stat.drop.minecraft.spider_eye":3,"stat.drop.minecraft.record_mellohi":1,"stat.useItem.minecraft.potato":5,"stat.pickup.minecraft.chainmail_helmet":2,"stat.drop.minecraft.stained_glass":1,"stat.drop.minecraft.flint_and_steel":1,"stat.drop.minecraft.wool":1,"stat.mineBlock.minecraft.coal_ore":87,"stat.killEntity.Creeper":17,"stat.pickup.minecraft.string":8,"stat.useItem.minecraft.written_book":16,"stat.craftItem.tconstruct.tooltables":6,"stat.sprintOneCm":359917,"stat.useItem.minecraft.diamond_shovel":77,"stat.useItem.minecraft.hay_block":159,"stat.drop.minecraft.leather":4,"stat.useItem.minecraft.snowball":481,"stat.drop.minecraft.lava_bucket":3,"stat.useItem.minecraft.banner":92,"stat.useItem.minecraft.ladder":15,"stat.killEntity.Zombie":25,"stat.pickup.minecraft.snowball":516,"stat.diveOneCm":79876,"stat.pickup.minecraft.wheat":174,"stat.pickup.tconstruct.tooltables":9,"stat.pickup.minecraft.sign":93,"stat.craftItem.minecraft.cooked_porkchop":13,"stat.useItem.minecraft.chicken":5,"stat.pickup.minecraft.stone_axe":1,"stat.useItem.minecraft.rotten_flesh":4,"stat.drop.minecraft.apple":6,"stat.jump":5698,"stat.pickup.minecraft.coal":95,"stat.drop.minecraft.diamond_sword":1,"stat.pickup.minecraft.gunpowder":109,"stat.craftItem.minecraft.torch":32,"stat.pickup.minecraft.dirt":365,"stat.drop.minecraft.iron_shovel":1,"stat.useItem.minecraft.glass":120,"stat.useItem.minecraft.dispenser":6,"stat.useItem.minecraft.sapling":212,"stat.pickup.minecraft.iron_axe":4,"stat.brewingstandInteraction":1,"stat.damageTaken":3929,"stat.useItem.minecraft.red_shulker_box":1,"stat.useItem.minecraft.stone_brick_stairs":14,"stat.mineBlock.minecraft.torch":8,"stat.pickup.minecraft.written_book":15,"stat.mineBlock.minecraft.sapling":15,"stat.noteblockTuned":3,"stat.pickup.minecraft.log2":240,"stat.pickup.conarm.chest_core":1,"stat.pickup.minecraft.bed":3,"stat.pickup.minecraft.quartz_block":5,"stat.pickup.minecraft.potato":7,"stat.useItem.minecraft.snow_layer":21,"stat.killEntity.Silverfish":24,"stat.pickup.minecraft.record_wait":10,"stat.animalsBred":5,"stat.useItem.minecraft.chest":56,"stat.drop.minecraft.item_frame":1,"stat.useItem.minecraft.observer":2,"stat.useItem.minecraft.tnt":170,"stat.useItem.minecraft.lava_bucket":19,"stat.useItem.minecraft.item_frame":45,"stat.drop.minecraft.record_chirp":2,"stat.shulkerBoxOpened":1,"stat.drop.minecraft.potato":6,"stat.pickup.minecraft.ender_pearl":1,"stat.useItem.minecraft.record_mall":3,"stat.useItem.minecraft.concrete":97,"stat.pickup.minecraft.dark_oak_stairs":5,"stat.mobKills":179,"stat.drop.minecraft.written_book":1,"stat.pickup.minecraft.diamond":1,"stat.useItem.minecraft.writable_book":1,"stat.pickup.minecraft.torch":86,"stat.drop.minecraft.stone_axe":1,"stat.useItem.minecraft.purpur_slab":41,"stat.drop.minecraft.arrow":181,"stat.useItem.minecraft.record_stal":1,"stat.drop.minecraft.mutton":2,"stat.mineBlock.thaumcraft.ore_quartz":1,"stat.pickup.minecraft.record_stal":3,"stat.craftItem.minecraft.iron_axe":4,"stat.useItem.minecraft.mutton":3,"stat.useItem.minecraft.planks":758,"stat.pickup.minecraft.glowstone_dust":2,"stat.pickup.minecraft.porkchop":24,"stat.pickup.minecraft.glass":3,"stat.useItem.minecraft.water_bucket":457,"stat.pickup.minecraft.splash_potion":1,"stat.useItem.minecraft.red_nether_brick":2,"stat.pickup.minecraft.observer":1,"stat.useItem.minecraft.record_cat":1,"stat.drop.minecraft.jukebox":1,"stat.mineBlock.minecraft.snow_layer":501,"stat.pickup.minecraft.chainmail_chestplate":3,"stat.hopperInspected":16,"stat.drop.minecraft.golden_sword":1,"stat.drop.minecraft.diamond":1,"stat.useItem.minecraft.spawn_egg":91,"stat.useItem.minecraft.red_glazed_terracotta":80,"stat.breakItem.minecraft.flint_and_steel":1,"stat.trappedChestTriggered":3,"stat.mineBlock.minecraft.dark_oak_stairs":5,"stat.useItem.minecraft.dark_oak_stairs":64,"stat.drop.minecraft.stone_slab":1,"stat.pickup.minecraft.furnace":1,"stat.useItem.minecraft.cooked_mutton":5,"stat.useItem.minecraft.redstone":48,"stat.drop.minecraft.diamond_helmet":1,"stat.pickup.minecraft.iron_chestplate":2,"stat.drop.minecraft.record_stal":2,"stat.useItem.minecraft.hopper":7,"stat.drop.minecraft.snowball":170,"stat.playOneMinute":2222067,"stat.drop.minecraft.string":6,"stat.drop.minecraft.record_mall":1,"stat.mineBlock.conarm.armorstation":1,"stat.recordPlayed":27,"stat.useItem.minecraft.sponge":13,"stat.craftItem.minecraft.dark_oak_stairs":88,"stat.drop.minecraft.flint":1,"stat.craftItem.minecraft.flint":3,"stat.pickup.minecraft.cooked_chicken":14,"stat.fallOneCm":53421,"stat.drop.minecraft.stone":105,"stat.drop.minecraft.dye":1,"stat.pickup.minecraft.melon_seeds":128,"stat.useItem.minecraft.nether_brick_fence":145,"stat.craftItem.minecraft.chest":4,"stat.useItem.minecraft.iron_hoe":1,"stat.pickup.minecraft.feather":26,"stat.drop.minecraft.iron_leggings":1,"stat.drop.minecraft.bone":322,"stat.pickup.minecraft.record_cat":3,"stat.pickup.minecraft.monster_egg":22,"stat.pickup.minecraft.iron_leggings":3,"stat.useItem.minecraft.record_chirp":4,"stat.mineBlock.minecraft.gravel":12,"stat.useItem.minecraft.wool":45,"stat.pickup.minecraft.chainmail_boots":2,"stat.drop.minecraft.iron_axe":3,"stat.pickup.minecraft.record_13":4,"stat.pickup.minecraft.record_11":2,"stat.drop.minecraft.record_13":1,"stat.useItem.minecraft.torch":18,"stat.useItem.minecraft.log":59,"stat.craftItem.minecraft.crafting_table":3,"stat.pickup.minecraft.log":179,"stat.drop.minecraft.sign":51,"stat.drop.minecraft.stonebrick":1,"stat.useItem.minecraft.brown_glazed_terracotta":18,"stat.pickup.minecraft.chainmail_leggings":2,"stat.pickup.minecraft.sapling":65,"stat.pickup.minecraft.wooden_door":15,"stat.drop.minecraft.bow":13,"stat.killEntity.PolarBear":2,"stat.pickup.minecraft.diamond_helmet":1,"stat.craftItem.minecraft.cooked_chicken":1,"stat.sneakTime":40624,"stat.pickup.thaumcraft.amber":1,"stat.pickup.minecraft.stone_slab":1,"stat.drop.minecraft.yellow_flower":1,"stat.pickup.minecraft.yellow_flower":1,"stat.pickup.minecraft.golden_rail":1,"stat.drop.minecraft.wooden_axe":4,"stat.drop.minecraft.stone_pickaxe":1,"stat.pickup.minecraft.bone":338,"stat.useItem.minecraft.record_ward":4,"stat.pickup.minecraft.redstone_torch":9,"stat.horseOneCm":1885,"stat.drop.minecraft.beetroot":2,"stat.useItem.minecraft.repeater":24,"stat.pickup.minecraft.record_blocks":5,"stat.useItem.minecraft.log2":1,"stat.drop.minecraft.prismarine_crystals":53,"stat.useItem.minecraft.diamond_sword":11,"stat.useItem.minecraft.silver_glazed_terracotta":107,"stat.swimOneCm":41475,"stat.climbOneCm":20047,"stat.enderchestOpened":15,"stat.useItem.minecraft.redstone_torch":11,"stat.useItem.minecraft.dirt":1087,"stat.pickup.minecraft.cobblestone":1246,"stat.pickup.minecraft.quartz_stairs":2,"stat.useItem.minecraft.stone_shovel":433,"stat.useItem.minecraft.cooked_beef":5,"stat.craftItem.minecraft.wooden_slab":378,"stat.pickup.minecraft.golden_pickaxe":1,"stat.pickup.minecraft.redstone":224,"stat.mineBlock.minecraft.iron_ore":50,"stat.useItem.minecraft.sign":52,"stat.drop.minecraft.log":270,"stat.pickup.minecraft.mutton":15,"stat.useItem.minecraft.lever":18,"stat.pickup.minecraft.wooden_axe":3,"stat.pickup.minecraft.dark_oak_door":3,"stat.pickup.minecraft.stonebrick":129,"stat.drop.minecraft.dirt":145,"stat.pickup.minecraft.iron_shovel":3,"stat.useItem.minecraft.cooked_porkchop":6,"stat.craftItem.minecraft.stone_slab2":0,"stat.craftItem.minecraft.stick":32,"stat.mineBlock.mekanism.oreblock":6,"stat.drop.minecraft.potion":1,"stat.useItem.minecraft.stone_slab":854,"stat.craftItem.minecraft.gold_nugget":27,"stat.pickup.minecraft.grass":2,"stat.drop.minecraft.leaves":1,"stat.useItem.minecraft.carrot":28,"stat.useItem.minecraft.bucket":67,"stat.mineBlock.minecraft.planks":31,"stat.drop":395,"stat.killEntity.Sheep":12,"stat.pickup.minecraft.slime_ball":1108,"stat.drop.minecraft.iron_boots":2,"stat.drop.minecraft.bread":10,"stat.useItem.minecraft.light_blue_glazed_terracotta":39,"stat.pickup.minecraft.record_strad":4,"stat.useItem.minecraft.record_wait":6,"stat.useItem.minecraft.quartz_stairs":61,"stat.pickup.minecraft.gravel":31,"stat.killEntity.Slime":22,"stat.useItem.minecraft.blue_glazed_terracotta":64,"stat.useItem.minecraft.apple":2,"stat.drop.minecraft.chainmail_helmet":2,"stat.useItem.minecraft.porkchop":2,"stat.pickup.minecraft.red_shulker_box":1,"stat.useItem.minecraft.potion":6,"stat.useItem.minecraft.stained_glass_pane":4,"stat.drop.minecraft.cooked_porkchop":186,"stat.useItem.minecraft.wooden_hoe":44,"stat.pickup.minecraft.iron_helmet":1,"stat.useItem.minecraft.stone_axe":129,"stat.craftItem.minecraft.bread":11,"stat.pickup.minecraft.spider_eye":3,"stat.drop.minecraft.glass":2,"stat.useItem.minecraft.cooked_chicken":1,"stat.pickup.minecraft.iron_ore":48,"stat.pickup.conarm.armorstation":1,"stat.useItem.minecraft.redstone_lamp":2,"stat.mineBlock.tconstruct.tooltables":9,"stat.mineBlock.minecraft.leaves2":27,"stat.pickup.minecraft.leather":4,"stat.dispenserInspected":12,"stat.useItem.minecraft.wooden_pickaxe":15,"stat.pickup.minecraft.prismarine_shard":2,"stat.pickup.minecraft.prismarine_crystals":55,"stat.pickup.minecraft.reeds":229,"stat.useItem.minecraft.magma":1,"stat.damageDealt":14262,"stat.drop.minecraft.cooked_chicken":1,"stat.craftItem.minecraft.glass":2,"stat.sleepInBed":3,"stat.killEntity.Cow":4,"stat.useItem.minecraft.crafting_table":5,"stat.killEntity.Pig":13,"stat.useItem.minecraft.cyan_glazed_terracotta":12,"stat.craftItem.minecraft.iron_sword":1,"stat.walkOneCm":2655677,"stat.playerKills":8,"stat.pickup.minecraft.spectral_arrow":1,"stat.pickup.mekanism.oreblock":6,"stat.drop.minecraft.record_wait":1,"stat.useItem.minecraft.redstone_block":2,"stat.pickup.minecraft.tnt":2,"stat.drop.minecraft.iron_chestplate":2,"stat.pickup.minecraft.stone":133,"stat.useItem.minecraft.leaves":57,"stat.useItem.minecraft.prismarine":359,"stat.killEntity.Skeleton":21,"stat.pickup.minecraft.record_mellohi":7,"stat.pickup.minecraft.record_mall":4,"stat.drop.minecraft.chainmail_boots":2,"stat.killEntity.Chicken":13,"stat.killEntity.Spider":10,"stat.pickup.minecraft.bread":1,"stat.pickup.minecraft.quartz":1,"stat.mineBlock.minecraft.leaves":41,"stat.mineBlock.minecraft.redstone_ore":44,"stat.pickup.minecraft.lava_bucket":1,"stat.drop.minecraft.beef":2,"stat.mineBlock.minecraft.stone":1315}