{"stat.useItem.minecraft.bow":5,"stat.drop.minecraft.mutton":2,"stat.leaveGame":9,"stat.pickup.minecraft.record_stal":1,"stat.craftItem.minecraft.iron_axe":2,"stat.killEntity.Blaze":1,"stat.useItem.minecraft.mutton":2,"stat.useItem.minecraft.planks":540,"stat.drop.minecraft.feather":5,"stat.pickup.minecraft.glowstone_dust":4,"stat.pickup.minecraft.porkchop":94,"stat.pickup.minecraft.glass":128,"stat.drop.minecraft.iron_sword":1,"stat.pickup.minecraft.rotten_flesh":21,"stat.pickup.minecraft.sand":41,"stat.craftItem.minecraft.stone_axe":1,"stat.killEntity.Enderman":1,"stat.useItem.minecraft.record_cat":1,"stat.pickup.minecraft.record_ward":3,"stat.craftItem.minecraft.stone_sword":2,"stat.craftItem.minecraft.iron_shovel":2,"stat.mineBlock.minecraft.snow_layer":6,"stat.pickup.minecraft.brown_mushroom":4,"stat.mineBlock.minecraft.sand":54,"stat.useItem.minecraft.iron_pickaxe":513,"stat.useItem.minecraft.iron_shovel":263,"stat.pickup.minecraft.double_plant":16,"stat.craftItem.minecraft.birch_door":3,"stat.craftItem.minecraft.bed":1,"stat.craftItem.minecraft.glass_pane":32,"stat.pickup.minecraft.record_far":2,"stat.furnaceInteraction":144,"stat.drop.minecraft.red_flower":1,"stat.pickup.minecraft.beef":10,"stat.useItem.minecraft.cooked_mutton":20,"stat.useItem.minecraft.wheat_seeds":12,"stat.pickup.minecraft.emerald":1,"stat.deaths":3,"stat.pickup.minecraft.egg":3,"stat.playOneMinute":341331,"stat.craftItem.minecraft.iron_pickaxe":5,"stat.pickup.minecraft.glass_pane":64,"stat.mineBlock.minecraft.brown_mushroom_block":9,"stat.mineBlock.minecraft.tallgrass":88,"stat.craftItem.minecraft.cooked_mutton":22,"stat.chestOpened":88,"stat.pickup.minecraft.pumpkin":2,"stat.craftItem.minecraft.sign":9,"stat.craftItem.minecraft.carpet":6,"stat.pickup.minecraft.iron_sword":1,"stat.pickup.minecraft.arrow":7,"stat.drop.minecraft.iron_pickaxe":1,"stat.fallOneCm":193889,"stat.drop.minecraft.stone":51,"stat.drop.minecraft.dye":17,"stat.drop.minecraft.stone_sword":1,"stat.crouchOneCm":39371,"stat.pickup.minecraft.rail":3,"stat.craftItem.minecraft.chest":2,"stat.craftItem.minecraft.iron_ingot":77,"stat.pickup.minecraft.red_mushroom":2,"stat.craftingTableInteraction":47,"stat.pickup.minecraft.feather":9,"stat.drop.minecraft.bone":2,"stat.pickup.minecraft.record_cat":3,"stat.useItem.minecraft.furnace":4,"stat.pickup.minecraft.dye":46,"stat.pickup.minecraft.planks":728,"stat.pickup.minecraft.wheat_seeds":24,"stat.useItem.minecraft.record_chirp":1,"stat.mineBlock.minecraft.gravel":9,"stat.useItem.minecraft.stone_pickaxe":792,"stat.breakItem.minecraft.stone_axe":1,"stat.useItem.minecraft.stone_sword":245,"stat.craftItem.minecraft.iron_leggings":1,"stat.useItem.minecraft.record_13":1,"stat.mineBlock.minecraft.dirt":392,"stat.pickup.minecraft.record_13":3,"stat.drop.minecraft.iron_axe":1,"stat.flowerPotted":2,"stat.useItem.minecraft.torch":55,"stat.drop.minecraft.rotten_flesh":5,"stat.drop.minecraft.porkchop":4,"stat.pickup.minecraft.crafting_table":1,"stat.useItem.minecraft.log":18,"stat.useItem.minecraft.cobblestone":25,"stat.craftItem.minecraft.crafting_table":3,"stat.mineBlock.minecraft.double_plant":9,"stat.mineBlock.minecraft.emerald_ore":1,"stat.pickup.minecraft.log":296,"stat.drop.minecraft.sign":16,"stat.drop.minecraft.glass_pane":64,"stat.drop.minecraft.chicken":1,"stat.pickup.minecraft.iron_pickaxe":2,"stat.useItem.minecraft.yellow_flower":2,"stat.craftItem.minecraft.gold_ingot":11,"stat.drop.minecraft.planks":154,"stat.drop.minecraft.sapling":1,"stat.pickup.minecraft.chicken":9,"stat.pickup.minecraft.sapling":65,"stat.pickup.minecraft.wooden_door":5,"stat.entityKilledBy.Enderman":1,"stat.pickup.minecraft.apple":5,"stat.useItem.minecraft.glass_pane":18,"stat.breakItem.minecraft.stone_shovel":1,"stat.useItem.minecraft.birch_door":2,"stat.useItem.minecraft.record_mellohi":1,"stat.craftItem.minecraft.planks":256,"stat.useItem.minecraft.iron_sword":89,"stat.pickup.minecraft.stone_sword":4,"stat.mineBlock.minecraft.log":108,"stat.craftItem.minecraft.wooden_door":3,"stat.craftItem.minecraft.cooked_chicken":4,"stat.useItem.minecraft.stone_hoe":6,"stat.useItem.minecraft.wooden_door":2,"stat.craftItem.minecraft.flower_pot":3,"stat.pickup.minecraft.red_flower":5,"stat.sneakTime":9305,"stat.pickup.minecraft.wool":39,"stat.pickup.minecraft.yellow_flower":3,"stat.drop.minecraft.grass":1,"stat.useItem.minecraft.record_blocks":1,"stat.drop.minecraft.stone_pickaxe":3,"stat.pickup.minecraft.bone":13,"stat.useItem.minecraft.record_ward":1,"stat.useItem.minecraft.iron_axe":99,"stat.drop.minecraft.stone_shovel":1,"stat.pickup.minecraft.record_blocks":3,"stat.mineBlock.minecraft.cobblestone":95,"stat.mineBlock.minecraft.pumpkin":2,"stat.drop.minecraft.glowstone_dust":3,"stat.pickup.minecraft.stone_pickaxe":6,"stat.pickup.minecraft.flint":1,"stat.mineBlock.minecraft.yellow_flower":5,"stat.swimOneCm":18773,"stat.climbOneCm":3261,"stat.drop.minecraft.cobblestone":750,"stat.pickup.minecraft.cooked_porkchop":4,"stat.breakItem.minecraft.iron_pickaxe":2,"stat.useItem.minecraft.dirt":192,"stat.useItem.minecraft.stone_slab2":1,"stat.pickup.minecraft.bow":1,"stat.pickup.minecraft.stone_hoe":2,"stat.craftItem.minecraft.furnace":4,"stat.useItem.minecraft.red_flower":2,"stat.useItem.minecraft.egg":1,"stat.craftItem.minecraft.iron_boots":1,"stat.craftItem.minecraft.stone_pickaxe":5,"stat.craftItem.minecraft.cooked_beef":7,"stat.pickup.minecraft.cobblestone":2291,"stat.pickup.minecraft.record_chirp":5,"stat.mineBlock.minecraft.carpet":1,"stat.mineBlock.minecraft.clay":13,"stat.useItem.minecraft.stone_shovel":208,"stat.flyOneCm":1264036,"stat.useItem.minecraft.cooked_beef":7,"stat.pickup.minecraft.redstone":58,"stat.mineBlock.minecraft.iron_ore":67,"stat.timeSinceDeath":216083,"stat.drop.minecraft.log":144,"stat.useItem.minecraft.sign":9,"stat.pickup.minecraft.mutton":33,"stat.drop.minecraft.dirt":71,"stat.useItem.minecraft.cooked_porkchop":29,"stat.pickup.minecraft.carpet":1,"stat.mineBlock.minecraft.coal_ore":103,"stat.drop.minecraft.wool":10,"stat.killEntity.Creeper":1,"stat.craftItem.minecraft.stone_hoe":2,"stat.mineBlock.minecraft.red_mushroom_block":49,"stat.entityKilledBy.Skeleton":1,"stat.sprintOneCm":788641,"stat.craftItem.minecraft.stick":104,"stat.useItem.minecraft.bed":1,"stat.mineBlock.minecraft.diamond_ore":8,"stat.useItem.minecraft.snowball":12,"stat.pickup.minecraft.grass":1,"stat.mineBlock.minecraft.planks":18,"stat.drop":112,"stat.killEntity.Sheep":16,"stat.breakItem.minecraft.iron_shovel":1,"stat.killEntity.Zombie":10,"stat.craftItem.minecraft.dye":41,"stat.pickup.minecraft.snowball":12,"stat.mineBlock.minecraft.gold_ore":11,"stat.diveOneCm":24163,"stat.pickup.minecraft.wheat":6,"stat.pickup.minecraft.record_strad":2,"stat.pickup.minecraft.sign":20,"stat.pickup.minecraft.gravel":12,"stat.craftItem.minecraft.cooked_porkchop":41,"stat.useItem.minecraft.chicken":1,"stat.pickup.minecraft.stone_axe":4,"stat.useItem.minecraft.apple":5,"stat.useItem.minecraft.porkchop":3,"stat.useItem.minecraft.carpet":7,"stat.useItem.minecraft.rotten_flesh":4,"stat.drop.minecraft.cooked_porkchop":1,"stat.useItem.minecraft.flower_pot":2,"stat.jump":6928,"stat.pickup.minecraft.coal":139,"stat.useItem.minecraft.stone_axe":136,"stat.pickup.minecraft.gunpowder":4,"stat.craftItem.minecraft.torch":104,"stat.pickup.minecraft.dirt":601,"stat.craftItem.minecraft.iron_helmet":1,"stat.useItem.minecraft.cooked_chicken":4,"stat.drop.minecraft.glass":64,"stat.pickup.minecraft.iron_ore":77,"stat.useItem.minecraft.glass":15,"stat.pickup.minecraft.stone_shovel":4,"stat.useItem.minecraft.sapling":59,"stat.pickup.minecraft.gold_ore":11,"stat.mineBlock.minecraft.lapis_ore":8,"stat.mineBlock.minecraft.leaves2":2,"stat.damageTaken":4074,"stat.pickup.minecraft.leather":5,"stat.mineBlock.minecraft.red_flower":5,"stat.mineBlock.minecraft.torch":3,"stat.mineBlock.minecraft.sapling":3,"stat.pickup.minecraft.reeds":9,"stat.damageDealt":8503,"stat.craftItem.minecraft.glass":41,"stat.sleepInBed":3,"stat.killEntity.Silverfish":3,"stat.killEntity.Cow":4,"stat.useItem.minecraft.crafting_table":3,"stat.killEntity.Pig":23,"stat.pickup.minecraft.record_wait":2,"stat.craftItem.minecraft.iron_sword":2,"stat.craftItem.minecraft.stone_shovel":1,"stat.walkOneCm":1032994,"stat.useItem.minecraft.chest":2,"stat.playerKills":1,"stat.pickup.minecraft.stick":11,"stat.pickup.minecraft.clay_ball":52,"stat.breakItem.minecraft.stone_pickaxe":6,"stat.pickup.minecraft.stone":59,"stat.craftItem.minecraft.iron_chestplate":1,"stat.killEntity.Skeleton":7,"stat.pickup.minecraft.record_mall":2,"stat.pickup.minecraft.record_mellohi":5,"stat.killEntity.Chicken":4,"stat.drop.minecraft.crafting_table":1,"stat.killEntity.Spider":1,"stat.mobKills":73,"stat.pickup.minecraft.diamond":8,"stat.mineBlock.minecraft.leaves":58,"stat.drop.minecraft.spruce_stairs":16,"stat.pickup.minecraft.torch":16,"stat.pickup.minecraft.spruce_stairs":32,"stat.mineBlock.minecraft.redstone_ore":11,"stat.drop.minecraft.stone_axe":1,"stat.drop.minecraft.arrow":2,"stat.breakItem.minecraft.stone_sword":1,"stat.craftItem.minecraft.brick":52,"stat.useItem.minecraft.record_stal":1,"stat.mineBlock.minecraft.stone":998}