{"stat.chestOpened":1,"stat.pickup.tconstruct.book":1,"stat.killEntity.BrainyZombie":1,"stat.leaveGame":6,"stat.pickup.minecraft.gravel":1,"stat.mineBlock.minecraft.cobblestone":2,"stat.mineBlock.thaumcraft.ore_quartz":1,"stat.useItem.minecraft.rotten_flesh":2,"stat.jump":305,"stat.fallOneCm":7737,"stat.mineBlock.thaumcraft.ore_amber":3,"stat.crouchOneCm":244,"stat.pickup.minecraft.dirt":3,"stat.useItem.minecraft.stone_slab2":4,"stat.craftingTableInteraction":3,"stat.pickup.minecraft.iron_ore":16,"stat.pickup.minecraft.rotten_flesh":3,"stat.craftItem.minecraft.furnace":1,"stat.useItem.minecraft.sapling":1,"stat.damageTaken":360,"stat.craftItem.minecraft.stone_pickaxe":1,"stat.useItem.minecraft.wooden_pickaxe":26,"stat.pickup.minecraft.cobblestone":48,"stat.craftItem.minecraft.stone_sword":1,"stat.flyOneCm":50775,"stat.pickup.conarm.book":1,"stat.mineBlock.minecraft.gravel":1,"stat.useItem.minecraft.stone_pickaxe":90,"stat.useItem.minecraft.stone_sword":5,"stat.damageDealt":642,"stat.mineBlock.minecraft.iron_ore":16,"stat.timeSinceDeath":18586,"stat.mineBlock.minecraft.dirt":3,"stat.craftItem.minecraft.wooden_pickaxe":1,"stat.pickup.mekanismgenerators.generator":2,"stat.walkOneCm":90081,"stat.trappedChestTriggered":1,"stat.mineBlock.chisel.marble2":13,"stat.useItem.minecraft.log":2,"stat.pickup.minecraft.crafting_table":1,"stat.pickup.mekanism.oreblock":13,"stat.useItem.minecraft.cobblestone":7,"stat.craftItem.minecraft.crafting_table":1,"stat.pickup.minecraft.log":26,"stat.pickup.mekanism.machineblock":2,"stat.mineBlock.thaumcraft.crystal_terra":11,"stat.pickup.minecraft.sapling":3,"stat.sprintOneCm":38817,"stat.craftItem.minecraft.stick":48,"stat.mineBlock.mekanism.oreblock":13,"stat.craftItem.minecraft.planks":32,"stat.pickup.thaumcraft.crystal_essence":76,"stat.mineBlock.minecraft.crafting_table":1,"stat.entityKilledBy.BrainyZombie":1,"stat.mobKills":3,"stat.mineBlock.minecraft.log":15,"stat.pickup.minecraft.quartz":1,"stat.deaths":1,"stat.mineBlock.minecraft.leaves":6,"stat.mineBlock.thaumcraft.crystal_aqua":10,"stat.playOneMinute":41921,"stat.sneakTime":127,"stat.pickup.thaumcraft.amber":4,"stat.killEntity.Zombie":2,"stat.mineBlock.minecraft.stone":46,"stat.pickup.chisel.marble2":13}