{"stat.chestOpened":2,"stat.killEntity.Skeleton":1,"stat.walkOneCm":1278971,"stat.useItem.minecraft.torch":1,"stat.craftItem.minecraft.stonebrick":60,"stat.mineBlock.minecraft.stonebrick":1,"stat.craftItem.minecraft.stone":58,"stat.killEntity.Chicken":2,"stat.leaveGame":2,"stat.damageTaken":1165,"stat.killEntity.Spider":1,"stat.pickup.minecraft.stonebrick":1,"stat.furnaceInteraction":3,"stat.mineBlock.minecraft.torch":1,"stat.mobKills":27,"stat.pickup.minecraft.cobblestone":9,"stat.useItem.minecraft.stonebrick":62,"stat.killEntity.Creeper":1,"stat.pickup.minecraft.planks":12,"stat.flyOneCm":113353,"stat.mineBlock.minecraft.planks":12,"stat.drop":27,"stat.jump":1666,"stat.swimOneCm":15151,"stat.playOneMinute":187411,"stat.killEntity.Witch":1,"stat.fallOneCm":31826,"stat.useItem.minecraft.planks":13,"stat.pickup.minecraft.torch":1,"stat.useItem.minecraft.stone_pickaxe":10,"stat.breakItem.minecraft.stone_axe":1,"stat.sneakTime":1398,"stat.useItem.minecraft.stone_axe":5,"stat.damageDealt":5040,"stat.crouchOneCm":5824,"stat.killEntity.Zombie":5,"stat.timeSinceDeath":5518,"stat.pickup.minecraft.dirt":3,"stat.sprintOneCm":8552,"stat.mineBlock.minecraft.dirt":3,"stat.killEntity.Pig":15,"stat.mineBlock.minecraft.stone":9,"stat.diveOneCm":12718}