{"stat.chestOpened":12,"stat.pickup.minecraft.bone":8,"stat.pickup.minecraft.redstone_torch":1,"stat.leaveGame":12,"stat.pickup.minecraft.arrow":8,"stat.mineBlock.minecraft.cobblestone":2,"stat.pickup.minecraft.stone_pickaxe":3,"stat.mineBlock.minecraft.stained_glass":1,"stat.jump":407,"stat.swimOneCm":1026,"stat.pickup.minecraft.coal":60,"stat.fallOneCm":12005,"stat.pickup.minecraft.glowstone_dust":4,"stat.crouchOneCm":619,"stat.mineBlock.minecraft.nether_brick_fence":1,"stat.pickup.minecraft.nether_brick_fence":1,"stat.pickup.minecraft.stone_shovel":3,"stat.damageTaken":1225,"stat.pickup.minecraft.cobblestone":10,"stat.pickup.minecraft.reeds":260,"stat.flyOneCm":48444,"stat.pickup.minecraft.wheat_seeds":209,"stat.killEntity.Witch":1,"stat.entityKilledBy.Zombie":2,"stat.useItem.minecraft.stone_pickaxe":30,"stat.useItem.minecraft.stone_sword":13,"stat.pickup.minecraft.golden_pickaxe":2,"stat.damageDealt":290,"stat.timeSinceDeath":2079,"stat.walkOneCm":149858,"stat.trappedChestTriggered":4,"stat.pickup.minecraft.stonebrick":5,"stat.useItem.minecraft.cobblestone":2,"stat.pickup.minecraft.diamond_shovel":3,"stat.mineBlock.minecraft.coal_ore":15,"stat.pickup.minecraft.iron_hoe":3,"stat.mineBlock.minecraft.golden_rail":2,"stat.useItem.minecraft.written_book":2,"stat.sprintOneCm":75974,"stat.useItem.minecraft.diamond_shovel":10,"stat.mineBlock.minecraft.stone_slab":4,"stat.killEntity.Skeleton":1,"stat.useItem.minecraft.stone_slab":3,"stat.mineBlock.minecraft.stonebrick":5,"stat.mineBlock.minecraft.redstone_torch":1,"stat.useItem.minecraft.wheat_seeds":57,"stat.pickup.minecraft.stone_sword":3,"stat.mineBlock.minecraft.glowstone":1,"stat.mobKills":2,"stat.deaths":4,"stat.playOneMinute":50558,"stat.pickup.minecraft.torch":192,"stat.sneakTime":249,"stat.entityKilledBy.Blaze":1,"stat.pickup.minecraft.stone_slab":6,"stat.pickup.minecraft.golden_rail":2,"stat.mineBlock.minecraft.stone":2,"stat.diveOneCm":706,"stat.pickup.minecraft.wheat":220}