{"stat.pickup.minecraft.wooden_slab":14,"stat.leaveGame":16,"stat.craftItem.minecraft.iron_axe":2,"stat.useItem.minecraft.planks":399,"stat.pickup.minecraft.porkchop":15,"stat.pickup.minecraft.glass":1459,"stat.pickup.minecraft.rotten_flesh":34,"stat.mineBlock.minecraft.nether_brick_fence":1,"stat.pickup.minecraft.sand":122,"stat.craftItem.minecraft.stone_axe":1,"stat.useItem.minecraft.rail":60,"stat.mineBlock.minecraft.wooden_slab":10,"stat.mineBlock.minecraft.snow_layer":21,"stat.craftItem.minecraft.iron_shovel":9,"stat.pickup.minecraft.chainmail_chestplate":6,"stat.mineBlock.minecraft.sand":66,"stat.useItem.minecraft.iron_pickaxe":1910,"stat.useItem.minecraft.iron_shovel":986,"stat.craftItem.minecraft.birch_door":12,"stat.craftItem.minecraft.bed":2,"stat.trappedChestTriggered":2,"stat.craftItem.minecraft.glass_pane":80,"stat.furnaceInteraction":99,"stat.mineBlock.minecraft.rail":41,"stat.killEntity.ZombieVillager":1,"stat.drop.minecraft.wooden_pressure_plate":1,"stat.useItem.minecraft.minecart":10,"stat.pickup.minecraft.beef":8,"stat.pickup.minecraft.furnace":1,"stat.useItem.minecraft.trapdoor":5,"stat.pickup.minecraft.iron_chestplate":4,"stat.useItem.minecraft.stone_stairs":516,"stat.killEntity.Horse":1,"stat.drop.minecraft.spectral_arrow":1,"stat.pickup.minecraft.stone_stairs":372,"stat.drop.minecraft.snowball":20,"stat.pickup.minecraft.emerald":9,"stat.deaths":29,"stat.pickup.minecraft.egg":21,"stat.playOneMinute":542455,"stat.pickup.minecraft.birch_door":4,"stat.craftItem.minecraft.iron_pickaxe":12,"stat.pickup.minecraft.glass_pane":1632,"stat.mineBlock.minecraft.tallgrass":6,"stat.chestOpened":217,"stat.recordPlayed":1,"stat.pickup.minecraft.arrow":339,"stat.pickup.minecraft.iron_sword":31,"stat.pickup.minecraft.wooden_pressure_plate":1,"stat.drop.minecraft.iron_pickaxe":2,"stat.pickup.minecraft.cooked_chicken":13,"stat.fallOneCm":77259,"stat.pickup.minecraft.carrot":2,"stat.drop.minecraft.stone_sword":1,"stat.crouchOneCm":101379,"stat.pickup.minecraft.rail":41,"stat.craftItem.minecraft.chest":10,"stat.craftItem.minecraft.iron_ingot":111,"stat.drop.minecraft.slime_ball":1,"stat.craftingTableInteraction":63,"stat.pickup.minecraft.nether_brick_fence":1,"stat.useItem.minecraft.golden_rail":22,"stat.pickup.minecraft.feather":31,"stat.drop.minecraft.bone":5,"stat.useItem.minecraft.furnace":9,"stat.pickup.minecraft.monster_egg":854,"stat.pickup.minecraft.dye":109,"stat.pickup.minecraft.planks":271,"stat.pickup.minecraft.iron_leggings":4,"stat.drop.minecraft.minecart":1,"stat.pickup.minecraft.wheat_seeds":4,"stat.mineBlock.minecraft.gravel":55,"stat.useItem.minecraft.stone_pickaxe":360,"stat.mineBlock.minecraft.glass":16,"stat.useItem.minecraft.stone_sword":68,"stat.mineBlock.minecraft.dirt":1876,"stat.killEntity.VindicationIllager":2,"stat.pickup.minecraft.chainmail_boots":6,"stat.mineBlock.minecraft.monster_egg":11,"stat.mineBlock.minecraft.quartz_stairs":22,"stat.useItem.minecraft.torch":301,"stat.drop.minecraft.rotten_flesh":5,"stat.craftItem.minecraft.stone_stairs":592,"stat.useItem.minecraft.cobblestone":1924,"stat.craftItem.minecraft.crafting_table":4,"stat.useItem.minecraft.gravel":2,"stat.minecartOneCm":302345,"stat.mineBlock.minecraft.emerald_ore":8,"stat.pickup.minecraft.log":559,"stat.pickup.minecraft.iron_pickaxe":67,"stat.mineBlock.minecraft.golden_rail":17,"stat.craftItem.minecraft.gold_ingot":19,"stat.pickup.minecraft.chicken":9,"stat.pickup.minecraft.chainmail_leggings":6,"stat.pickup.minecraft.sapling":12,"stat.pickup.minecraft.apple":9,"stat.useItem.minecraft.glass_pane":230,"stat.breakItem.minecraft.stone_shovel":8,"stat.useItem.minecraft.birch_door":7,"stat.craftItem.minecraft.planks":1140,"stat.useItem.minecraft.iron_sword":329,"stat.pickup.minecraft.stone_sword":3,"stat.useItem.minecraft.stonebrick":561,"stat.pickup.minecraft.book":2,"stat.mineBlock.minecraft.log":162,"stat.craftItem.minecraft.wooden_door":18,"stat.useItem.minecraft.wooden_door":11,"stat.useItem.minecraft.monster_egg":168,"stat.pickup.minecraft.red_flower":4,"stat.sneakTime":26547,"stat.pickup.minecraft.wool":25,"stat.entityKilledBy.Blaze":1,"stat.pickup.minecraft.stone_slab":4,"stat.pickup.minecraft.yellow_flower":4,"stat.pickup.minecraft.golden_rail":17,"stat.pickup.minecraft.chest":1,"stat.pickup.minecraft.bone":29,"stat.useItem.minecraft.iron_axe":223,"stat.drop.minecraft.stone_shovel":1,"stat.pickup.minecraft.record_blocks":1,"stat.mineBlock.minecraft.cobblestone":244,"stat.pickup.minecraft.stone_pickaxe":7,"stat.pickup.minecraft.flint":12,"stat.mineBlock.minecraft.yellow_flower":4,"stat.craftItem.minecraft.stone_brick_stairs":128,"stat.useItem.minecraft.diamond_sword":99,"stat.swimOneCm":22048,"stat.climbOneCm":124626,"stat.pickup.minecraft.cooked_porkchop":491,"stat.breakItem.minecraft.iron_pickaxe":5,"stat.useItem.minecraft.dirt":327,"stat.useItem.minecraft.stone_slab2":52,"stat.pickup.minecraft.bow":10,"stat.pickup.minecraft.iron_boots":4,"stat.craftItem.minecraft.furnace":9,"stat.craftItem.minecraft.trapdoor":4,"stat.craftItem.minecraft.stone_pickaxe":3,"stat.pickup.minecraft.cobblestone":2810,"stat.pickup.minecraft.quartz_stairs":19,"stat.pickup.minecraft.diamond_hoe":4,"stat.useItem.minecraft.stone_shovel":976,"stat.pickup.minecraft.diamond_leggings":2,"stat.flyOneCm":447576,"stat.pickup.minecraft.glass_bottle":1,"stat.pickup.minecraft.fish":2,"stat.pickup.minecraft.redstone":42,"stat.mineBlock.minecraft.iron_ore":119,"stat.timeSinceDeath":6378,"stat.useItem.minecraft.wooden_slab":7,"stat.pickup.minecraft.mutton":7,"stat.drop.minecraft.coal":1,"stat.craftItem.minecraft.stonebrick":1264,"stat.pickup.minecraft.chainmail_helmet":6,"stat.pickup.minecraft.stonebrick":6650,"stat.drop.minecraft.dirt":2295,"stat.useItem.minecraft.cooked_porkchop":3,"stat.pickup.minecraft.iron_shovel":30,"stat.pickup.minecraft.trapdoor":4,"stat.pickup.minecraft.carpet":4,"stat.pickup.minecraft.diamond_shovel":4,"stat.mineBlock.minecraft.coal_ore":375,"stat.pickup.minecraft.string":21,"stat.mineBlock.minecraft.ladder":11,"stat.entityKilledBy.Skeleton":2,"stat.craftItem.minecraft.stone_slab2":0,"stat.sprintOneCm":14281,"stat.useItem.minecraft.diamond_shovel":15,"stat.pickup.minecraft.paper":9,"stat.mineBlock.minecraft.stone_slab":3,"stat.craftItem.minecraft.stick":1008,"stat.useItem.minecraft.bed":2,"stat.craftItem.minecraft.stone":1285,"stat.entityKilledBy.VindicationIllager":2,"stat.useItem.minecraft.diamond_pickaxe":148,"stat.mineBlock.minecraft.quartz_block":83,"stat.pickup.minecraft.diamond_chestplate":2,"stat.craftItem.minecraft.wooden_pressure_plate":2,"stat.entityKilledBy.Creeper":1,"stat.mineBlock.minecraft.planks":42,"stat.drop":62,"stat.killEntity.Sheep":1,"stat.entityKilledBy.Slime":1,"stat.breakItem.minecraft.iron_shovel":3,"stat.useItem.minecraft.ladder":184,"stat.pickup.minecraft.slime_ball":1,"stat.killEntity.Zombie":10,"stat.pickup.minecraft.snowball":116,"stat.mineBlock.minecraft.gold_ore":33,"stat.diveOneCm":29634,"stat.craftItem.minecraft.ladder":312,"stat.pickup.minecraft.sign":16,"stat.pickup.minecraft.gravel":118,"stat.killEntity.Slime":5,"stat.useItem.minecraft.diamond_axe":28,"stat.useItem.minecraft.apple":5,"stat.useItem.minecraft.porkchop":2,"stat.pickup.minecraft.stone_brick_stairs":128,"stat.pickup.minecraft.diamond_sword":7,"stat.jump":3775,"stat.pickup.minecraft.coal":497,"stat.pickup.minecraft.iron_helmet":5,"stat.pickup.minecraft.iron_ingot":129,"stat.useItem.minecraft.stone_axe":13,"stat.drop.minecraft.diamond_sword":2,"stat.entityKilledBy.CaveSpider":2,"stat.pickup.minecraft.spider_eye":7,"stat.craftItem.minecraft.torch":642,"stat.pickup.minecraft.dirt":3336,"stat.craftItem.minecraft.rail":128,"stat.pickup.minecraft.iron_ore":199,"stat.useItem.minecraft.glass":27,"stat.pickup.minecraft.stone_shovel":17,"stat.pickup.minecraft.gold_ore":41,"stat.useItem.minecraft.sapling":2,"stat.mineBlock.minecraft.lapis_ore":12,"stat.pickup.minecraft.iron_axe":10,"stat.mineBlock.minecraft.glass_pane":23,"stat.mineBlock.minecraft.stone_stairs":53,"stat.damageTaken":9855,"stat.pickup.minecraft.leather":1,"stat.mineBlock.minecraft.torch":35,"stat.mineBlock.minecraft.furnace":1,"stat.dispenserInspected":1,"stat.mineBlock.minecraft.sapling":2,"stat.pickup.minecraft.reeds":1,"stat.killEntity.CaveSpider":7,"stat.pickup.minecraft.quartz_block":67,"stat.entityKilledBy.Zombie":1,"stat.pickup.minecraft.diamond_axe":5,"stat.pickup.minecraft.stained_glass":128,"stat.damageDealt":8753,"stat.craftItem.minecraft.glass":14,"stat.sleepInBed":3,"stat.killEntity.Silverfish":7,"stat.useItem.minecraft.crafting_table":2,"stat.pickup.minecraft.minecart":26,"stat.killEntity.Pig":2,"stat.craftItem.minecraft.iron_sword":7,"stat.craftItem.minecraft.stone_shovel":11,"stat.walkOneCm":3051308,"stat.useItem.minecraft.chest":7,"stat.playerKills":2,"stat.pickup.minecraft.stick":435,"stat.pickup.minecraft.diamond_pickaxe":6,"stat.pickup.minecraft.spectral_arrow":4,"stat.breakItem.minecraft.stone_pickaxe":3,"stat.pickup.minecraft.stone":35,"stat.pickup.minecraft.ladder":380,"stat.killEntity.Skeleton":8,"stat.mineBlock.minecraft.stonebrick":31,"stat.killEntity.Chicken":18,"stat.killEntity.Spider":2,"stat.mobKills":81,"stat.pickup.minecraft.diamond_boots":1,"stat.mineBlock.minecraft.leaves":47,"stat.pickup.minecraft.torch":494,"stat.entityKilledBy.Silverfish":4,"stat.mineBlock.minecraft.redstone_ore":9,"stat.breakItem.minecraft.stone_sword":1,"stat.mineBlock.minecraft.stone":1272}