{"stat.useItem.274":129,"stat.useItem.273":24,"stat.mineBlock.49":16,"stat.useItem.275":80,"stat.mineBlock.48":1,"stat.walkOneCm":1182763,"stat.craftItem.265":128,"stat.useItem.278":1859,"stat.useItem.61":3,"stat.craftItem.61":3,"stat.breakItem.256":2,"stat.leaveGame":1,"stat.breakItem.258":2,"stat.mineBlock.134":22,"stat.craftItem.258":3,"stat.mineBlock.86":4,"stat.mineBlock.14":14,"stat.mineBlock.58":3,"stat.mineBlock.13":52,"stat.mineBlock.16":167,"stat.mineBlock.15":166,"stat.mineBlock.18":110,"stat.mineBlock.17":233,"stat.craftItem.134":148,"stat.jump":1761,"stat.swimOneCm":22990,"stat.craftItem.256":3,"stat.useItem.324":2,"stat.craftItem.257":3,"stat.fallOneCm":44063,"stat.climbOneCm":5429,"achievement.buildWorkBench":4,"achievement.mineWood":213,"stat.mineBlock.50":28,"stat.craftItem.324":1,"achievement.exploreAllBiomes":{"value":0,"progress":["FrozenRiver","Extreme Hills+","Ice Plains","River","Plains","Extreme Hills","Ice Mountains"]},"stat.mineBlock.54":6,"stat.mineBlock.56":6,"stat.mineBlock.12":23,"stat.useItem.86":2,"stat.killEntity.Skeleton":1,"stat.useItem.256":747,"stat.useItem.134":166,"stat.useItem.258":526,"stat.useItem.257":243,"achievement.openInventory":187,"stat.craftItem.5":746,"stat.killEntity.Chicken":1,"stat.breakItem.278":1,"stat.craftItem.280":184,"stat.damageTaken":329665,"stat.mineBlock.4":71,"stat.mineBlock.5":249,"achievement.diamonds":2,"stat.mineBlock.3":694,"stat.mineBlock.1":1687,"stat.mobKills":12,"stat.mineBlock.21":9,"stat.mineBlock.6":4,"stat.useItem.49":14,"stat.useItem.54":6,"achievement.buildFurnace":2,"stat.craftItem.58":3,"stat.flyOneCm":162173,"stat.useItem.6":8,"stat.deaths":2,"stat.useItem.12":11,"achievement.acquireIron":16,"stat.drop":18,"stat.useItem.50":202,"achievement.buildPickaxe":8,"stat.craftItem.278":2,"stat.playOneMinute":201886,"stat.craftItem.50":380,"stat.useItem.4":313,"stat.useItem.5":669,"stat.useItem.3":520,"stat.damageDealt":3060,"achievement.buildBetterPickaxe":8,"stat.killEntity.Zombie":10,"stat.useItem.17":37,"stat.mineBlock.129":1,"stat.mineBlock.73":72,"stat.craftItem.306":1,"stat.useItem.13":9,"stat.useItem.58":6,"stat.diveOneCm":1436,"stat.craftItem.307":1,"stat.mineBlock.78":1,"stat.useItem.272":38,"stat.craftItem.308":1,"stat.craftItem.309":1}