{"stat.useItem.minecraft.painting":30,"stat.pickup.minecraft.wooden_slab":4,"stat.leaveGame":15,"stat.useItem.minecraft.bookshelf":1,"stat.useItem.minecraft.mutton":2,"stat.pickup.minecraft.fishing_rod":1,"stat.useItem.minecraft.planks":2129,"stat.pickup.minecraft.porkchop":6,"stat.pickup.minecraft.glass":14,"stat.drop.minecraft.iron_sword":2,"stat.useItem.minecraft.water_bucket":46,"stat.pickup.minecraft.rotten_flesh":29,"stat.pickup.minecraft.sand":937,"stat.useItem.minecraft.golden_sword":91,"stat.craftItem.minecraft.stone_axe":15,"stat.pickup.minecraft.name_tag":3,"stat.pickup.minecraft.leather_boots":1,"stat.drop.minecraft.jukebox":1,"stat.craftItem.minecraft.stone_sword":2,"stat.useItem.minecraft.record_strad":1,"stat.mineBlock.minecraft.sand":344,"stat.drop.minecraft.sand":270,"stat.craftItem.minecraft.cooked_fish":31,"stat.useItem.minecraft.spider_eye":1,"stat.useItem.minecraft.fence_gate":8,"stat.useItem.minecraft.iron_pickaxe":1207,"stat.pickup.minecraft.double_plant":4,"stat.craftItem.minecraft.bed":1,"stat.craftItem.minecraft.glass_pane":688,"stat.useItem.minecraft.oak_stairs":218,"stat.furnaceInteraction":208,"stat.killEntity.ZombieVillager":1,"stat.drop.minecraft.red_flower":1,"stat.pickup.minecraft.fence_gate":1,"stat.pickup.minecraft.beef":9,"stat.pickup.minecraft.furnace":4,"stat.pickup.minecraft.iron_chestplate":1,"stat.useItem.minecraft.fence":225,"stat.useItem.minecraft.stone_stairs":8,"stat.drop.minecraft.furnace":2,"stat.drop.minecraft.spectral_arrow":1,"stat.pickup.minecraft.stone_stairs":8,"stat.mineBlock.minecraft.fence":39,"stat.useItem.minecraft.wheat_seeds":347,"stat.craftItem.minecraft.fence_gate":9,"stat.pickup.minecraft.emerald":1,"stat.pickup.minecraft.saddle":1,"stat.useItem.minecraft.beef":5,"stat.mineBlock.minecraft.oak_stairs":54,"stat.deaths":6,"stat.pickup.minecraft.egg":49,"stat.playOneMinute":1076812,"stat.craftItem.minecraft.iron_pickaxe":5,"stat.useItem.minecraft.shears":75,"stat.pickup.minecraft.glass_pane":168,"stat.useItem.minecraft.jukebox":1,"stat.mineBlock.minecraft.tallgrass":234,"stat.craftItem.minecraft.cooked_mutton":2,"stat.fishCaught":4,"stat.chestOpened":535,"stat.pickup.minecraft.pumpkin":4,"stat.craftItem.minecraft.sign":12,"stat.recordPlayed":5,"stat.useItem.minecraft.stone":1,"stat.pickup.minecraft.arrow":20,"stat.pickup.minecraft.iron_sword":2,"stat.pickup.minecraft.wooden_pressure_plate":1,"stat.pickup.minecraft.cooked_chicken":33,"stat.fallOneCm":77864,"stat.drop.minecraft.stone":64,"stat.drop.minecraft.dye":2,"stat.pickup.minecraft.carrot":1,"stat.crouchOneCm":6950,"stat.mineBlock.minecraft.chest":6,"stat.craftItem.minecraft.chest":9,"stat.craftItem.minecraft.iron_ingot":84,"stat.pickup.minecraft.painting":28,"stat.craftingTableInteraction":135,"stat.mineBlock.minecraft.wooden_pressure_plate":1,"stat.pickup.minecraft.mushroom_stew":2,"stat.pickup.minecraft.feather":30,"stat.useItem.minecraft.furnace":12,"stat.useItem.minecraft.reeds":40,"stat.pickup.minecraft.dye":27,"stat.pickup.minecraft.planks":1234,"stat.killEntity.Llama":1,"stat.mineBlock.minecraft.spruce_fence":4,"stat.pickup.minecraft.wheat_seeds":510,"stat.useItem.minecraft.record_chirp":1,"stat.pickup.minecraft.lead":1,"stat.mineBlock.minecraft.gravel":87,"stat.useItem.minecraft.stone_pickaxe":2140,"stat.breakItem.minecraft.stone_axe":13,"stat.mineBlock.minecraft.glass":11,"stat.useItem.minecraft.stone_sword":520,"stat.craftItem.minecraft.oak_stairs":224,"stat.mineBlock.minecraft.dirt":1809,"stat.killEntity.VindicationIllager":2,"stat.drop.minecraft.stick":3,"stat.pickup.minecraft.record_13":1,"stat.mineBlock.minecraft.monster_egg":2,"stat.useItem.minecraft.torch":292,"stat.useItem.minecraft.bread":6,"stat.craftItem.minecraft.stone_stairs":12,"stat.useItem.minecraft.log":42,"stat.pickup.minecraft.crafting_table":13,"stat.useItem.minecraft.cobblestone":738,"stat.craftItem.minecraft.crafting_table":10,"stat.mineBlock.minecraft.double_plant":3,"stat.pickup.minecraft.golden_hoe":1,"stat.minecartOneCm":37092,"stat.mineBlock.minecraft.emerald_ore":1,"stat.useItem.minecraft.golden_hoe":4,"stat.pickup.minecraft.log":979,"stat.useItem.minecraft.cooked_fish":19,"stat.drop.minecraft.glass_pane":176,"stat.pickup.minecraft.compass":1,"stat.pickup.minecraft.iron_pickaxe":2,"stat.craftItem.minecraft.gold_ingot":9,"stat.drop.minecraft.planks":655,"stat.drop.minecraft.sapling":1,"stat.pickup.minecraft.chicken":19,"stat.pickup.minecraft.sapling":76,"stat.pickup.minecraft.wooden_door":5,"stat.pickup.minecraft.apple":3,"stat.useItem.minecraft.glass_pane":653,"stat.breakItem.minecraft.stone_shovel":3,"stat.drop.minecraft.bow":1,"stat.craftItem.minecraft.bucket":1,"stat.craftItem.minecraft.planks":3508,"stat.useItem.minecraft.iron_sword":114,"stat.killEntity.PolarBear":5,"stat.pickup.minecraft.stone_sword":9,"stat.useItem.minecraft.wooden_pressure_plate":7,"stat.useItem.minecraft.stonebrick":622,"stat.mineBlock.minecraft.log":995,"stat.craftItem.minecraft.wooden_door":3,"stat.pickup.minecraft.golden_sword":1,"stat.craftItem.minecraft.cooked_chicken":2,"stat.useItem.minecraft.stone_hoe":75,"stat.useItem.minecraft.wooden_door":5,"stat.craftItem.minecraft.paper":66,"stat.pickup.minecraft.red_flower":35,"stat.sneakTime":1560,"stat.pickup.minecraft.wool":60,"stat.pickup.minecraft.cooked_fish":5,"stat.pickup.minecraft.yellow_flower":17,"stat.useItem.minecraft.fishing_rod":30,"stat.pickup.minecraft.chest":6,"stat.drop.minecraft.stone_pickaxe":3,"stat.drop.minecraft.pumpkin":1,"stat.pickup.minecraft.bone":7,"stat.useItem.minecraft.iron_axe":209,"stat.pickup.minecraft.record_blocks":2,"stat.drop.minecraft.stone_shovel":1,"stat.mineBlock.minecraft.cobblestone":338,"stat.pickup.minecraft.stone_pickaxe":5,"stat.pickup.minecraft.flint":7,"stat.mineBlock.minecraft.yellow_flower":16,"stat.swimOneCm":42837,"stat.climbOneCm":22886,"stat.mineBlock.minecraft.spruce_stairs":13,"stat.drop.minecraft.cobblestone":435,"stat.pickup.minecraft.cooked_porkchop":18,"stat.breakItem.minecraft.iron_pickaxe":4,"stat.useItem.minecraft.dirt":800,"stat.useItem.minecraft.stone_slab2":39,"stat.pickup.minecraft.bow":2,"stat.pickup.minecraft.stone_hoe":1,"stat.craftItem.minecraft.furnace":10,"stat.useItem.minecraft.red_flower":26,"stat.useItem.minecraft.egg":3,"stat.craftItem.minecraft.stone_pickaxe":13,"stat.craftItem.minecraft.cooked_beef":4,"stat.mineBlock.minecraft.obsidian":10,"stat.pickup.minecraft.shears":3,"stat.pickup.minecraft.cobblestone":2651,"stat.pickup.minecraft.record_chirp":3,"stat.mineBlock.minecraft.carpet":1,"stat.useItem.minecraft.stone_shovel":582,"stat.flyOneCm":314885,"stat.pickup.minecraft.fish":13,"stat.drop.minecraft.wheat_seeds":38,"stat.useItem.minecraft.cooked_beef":2,"stat.pickup.minecraft.golden_pickaxe":1,"stat.pickup.minecraft.redstone":214,"stat.mineBlock.minecraft.iron_ore":90,"stat.craftItem.minecraft.book":4,"stat.timeSinceDeath":179640,"stat.useItem.minecraft.sign":20,"stat.craftItem.minecraft.painting":14,"stat.pickup.minecraft.mutton":4,"stat.drop.minecraft.coal":87,"stat.craftItem.minecraft.stonebrick":556,"stat.pickup.minecraft.chainmail_helmet":1,"stat.pickup.minecraft.stonebrick":71,"stat.pickup.minecraft.spruce_fence":2,"stat.useItem.minecraft.cooked_porkchop":16,"stat.pickup.minecraft.carpet":3,"stat.pickup.minecraft.diamond_shovel":6,"stat.mineBlock.minecraft.coal_ore":354,"stat.killEntity.Creeper":3,"stat.craftItem.minecraft.stone_hoe":1,"stat.pickup.minecraft.string":5,"stat.entityKilledBy.Skeleton":3,"stat.craftItem.minecraft.stone_slab2":0,"stat.useItem.minecraft.spruce_fence":4,"stat.sprintOneCm":656214,"stat.useItem.minecraft.diamond_shovel":1570,"stat.craftItem.minecraft.stick":408,"stat.useItem.minecraft.bed":1,"stat.craftItem.minecraft.stone":567,"stat.mineBlock.minecraft.diamond_ore":4,"stat.mineBlock.minecraft.crafting_table":10,"stat.useItem.minecraft.diamond_pickaxe":12,"stat.drop.minecraft.lava_bucket":1,"stat.pickup.minecraft.leather_leggings":1,"stat.craftItem.minecraft.wooden_pressure_plate":6,"stat.useItem.minecraft.bucket":47,"stat.entityKilledBy.Creeper":2,"stat.mineBlock.minecraft.planks":879,"stat.drop":53,"stat.pickup.minecraft.jukebox":2,"stat.killEntity.Sheep":2,"stat.pickup.minecraft.slime_ball":7,"stat.pickup.minecraft.golden_chestplate":2,"stat.killEntity.Zombie":27,"stat.craftItem.minecraft.dye":14,"stat.mineBlock.minecraft.gold_ore":9,"stat.diveOneCm":68352,"stat.pickup.minecraft.wheat":237,"stat.pickup.minecraft.record_strad":2,"stat.pickup.minecraft.sign":14,"stat.pickup.minecraft.gravel":68,"stat.craftItem.minecraft.cooked_porkchop":11,"stat.killEntity.Slime":12,"stat.useItem.minecraft.chicken":1,"stat.pickup.minecraft.stone_axe":9,"stat.useItem.minecraft.apple":5,"stat.pickup.minecraft.obsidian":10,"stat.useItem.minecraft.porkchop":2,"stat.useItem.minecraft.carpet":1,"stat.jump":5171,"stat.useItem.minecraft.sand":58,"stat.pickup.minecraft.fence":52,"stat.pickup.minecraft.coal":424,"stat.pickup.minecraft.iron_ingot":12,"stat.useItem.minecraft.stone_axe":2087,"stat.craftItem.minecraft.bread":42,"stat.pickup.minecraft.gunpowder":3,"stat.pickup.minecraft.spider_eye":3,"stat.craftItem.minecraft.torch":232,"stat.pickup.minecraft.dirt":1845,"stat.drop.minecraft.glass":15,"stat.useItem.minecraft.cooked_chicken":2,"stat.pickup.minecraft.iron_ore":104,"stat.useItem.minecraft.glass":31,"stat.pickup.minecraft.stone_shovel":6,"stat.useItem.minecraft.sapling":51,"stat.pickup.minecraft.gold_ore":9,"stat.mineBlock.minecraft.lapis_ore":4,"stat.pickup.minecraft.iron_axe":1,"stat.pickup.minecraft.leaves":25,"stat.mineBlock.minecraft.glass_pane":57,"stat.mineBlock.minecraft.stone_stairs":8,"stat.damageTaken":4741,"stat.pickup.minecraft.leather":16,"stat.mineBlock.minecraft.torch":76,"stat.mineBlock.minecraft.furnace":2,"stat.mineBlock.minecraft.red_flower":26,"stat.mineBlock.minecraft.sapling":3,"stat.pickup.minecraft.reeds":363,"stat.killEntity.CaveSpider":2,"stat.mineBlock.minecraft.fence_gate":1,"stat.pickup.minecraft.oak_stairs":46,"stat.damageDealt":14353,"stat.craftItem.minecraft.glass":487,"stat.sleepInBed":4,"stat.killEntity.Silverfish":3,"stat.killEntity.Cow":5,"stat.useItem.minecraft.crafting_table":16,"stat.pickup.minecraft.minecart":4,"stat.killEntity.Pig":9,"stat.pickup.minecraft.record_wait":1,"stat.craftItem.minecraft.iron_sword":1,"stat.walkOneCm":6629262,"stat.useItem.minecraft.chest":14,"stat.pickup.minecraft.stick":87,"stat.pickup.minecraft.diamond_pickaxe":1,"stat.pickup.minecraft.spectral_arrow":3,"stat.useItem.minecraft.lava_bucket":2,"stat.breakItem.minecraft.stone_pickaxe":17,"stat.pickup.minecraft.tnt":1,"stat.pickup.minecraft.stone":159,"stat.useItem.minecraft.spruce_stairs":36,"stat.drop.minecraft.wooden_slab":4,"stat.pickup.minecraft.cooked_beef":4,"stat.killEntity.Skeleton":6,"stat.pickup.minecraft.record_mellohi":1,"stat.craftItem.minecraft.bookshelf":1,"stat.mineBlock.minecraft.stonebrick":71,"stat.killEntity.Chicken":47,"stat.killEntity.Spider":5,"stat.craftItem.minecraft.spruce_fence":33,"stat.mobKills":134,"stat.craftItem.minecraft.fence":207,"stat.breakItem.minecraft.iron_axe":1,"stat.pickup.minecraft.water_bucket":1,"stat.pickup.minecraft.diamond":7,"stat.mineBlock.minecraft.leaves":355,"stat.breakItem.minecraft.diamond_shovel":1,"stat.pickup.minecraft.torch":101,"stat.pickup.minecraft.spruce_stairs":14,"stat.mineBlock.minecraft.redstone_ore":50,"stat.pickup.minecraft.lava_bucket":2,"stat.drop.minecraft.stone_axe":1,"stat.craftItem.minecraft.spruce_stairs":100,"stat.breakItem.minecraft.stone_sword":3,"stat.mineBlock.minecraft.stone":2302}