{
  "worldZones": {
    "0": {
      "dimensionID": 0,
      "areaZones": [],
      "id": 2,
      "playerPermissions": {},
      "groupPermissions": {}
    },
    "-1": {
      "dimensionID": -1,
      "areaZones": [],
      "id": 4,
      "playerPermissions": {},
      "groupPermissions": {}
    },
    "1": {
      "dimensionID": 1,
      "areaZones": [],
      "id": 3,
      "playerPermissions": {},
      "groupPermissions": {}
    },
    "7": {
      "dimensionID": 7,
      "areaZones": [],
      "id": 5,
      "playerPermissions": {},
      "groupPermissions": {}
    }
  },
  "playerGroups": {},
  "id": 1,
  "playerPermissions": {
    "(fefefefe-fefe-fefe-fefe-fefefefefefe|$SERVER)": {
      "*": "true",
      "fe.internal.player.known": "true"
    },
    "(fefefefe-fefe-fefe-fefe-fefefefefecc|$RCON)": {
      "*": "true",
      "fe.internal.player.known": "true"
    },
    "(fefefefe-fefe-fefe-fefe-fefefefefecb|$COMMANDBLOCK)": {
      "*": "true",
      "fe.internal.player.known": "true"
    },
    "(447a2daa-8279-3bc2-91f9-722344c2cb54|Grayfoox)": {}
  },
  "groupPermissions": {
    "_PLAYERS_": {
      "fe.remote.chat.send": "true",
      "fe.internal.group.priority": "1",
      "fe.internal.group": "true"
    },
    "_NPC_": {
      "fe.internal.group.name": "NPCs",
      "fe.internal.group.priority": "1",
      "fe.internal.group": "true"
    },
    "_FAKEPLAYERS_": {
      "fe.internal.group.priority": "15",
      "fe.internal.group": "true",
      "fe.protection.*": "true"
    },
    "_OPS_": {
      "fe.internal.prefix": "[\u0026cOP\u0026f]",
      "fe.internal.group.priority": "50",
      "fe.internal.group": "true"
    },
    "_ALL_": {
      "fe.remote.chat.send": "false",
      "some.test.permission": "true",
      "fe.internal.group.name": "players",
      "fe.internal.group.priority": "0",
      "fe.internal.group": "true"
    },
    "_CREATIVE_": {
      "fe.internal.group": "true"
    },
    "_ADVENTURE_": {
      "fe.internal.group": "true"
    },
    "faction_rank_owner": {
      "fe.faction.members.*": "true",
      "fe.faction.leave": "false",
      "fe.faction.ally": "true",
      "fe.faction.friendlyfire": "true",
      "fe.faction.invite": "true",
      "fe.internal.group.parents": "faction_rank_op",
      "fe.faction.delete": "true"
    },
    "faction_rank_op": {
      "fe.faction.members.*": "true",
      "fe.faction.ally": "true",
      "fe.faction.friendlyfire": "true",
      "fe.faction.invite": "true"
    },
    "_GUESTS_": {
      "fe.internal.prefix": "[GUEST]",
      "fe.internal.group.priority": "10",
      "fe.internal.group": "true"
    }
  }
}