{
  "ident": "(b774a8a5-2a6b-321b-9d12-2a12559ca8c4|SpiiKeKiLLeR)",
  "lastTeleportOrigin": {
    "dim": 0,
    "pitch": 5.584125,
    "yaw": -58.57373,
    "xd": 2925.83387828958,
    "yd": 78.42670287741866,
    "zd": -2083.836184252379
  },
  "lastTeleportTime": 1546132731700,
  "selDim": 0,
  "inventoryGroups": {},
  "modInventoryGroups": {},
  "activeInventoryGroup": "default",
  "timePlayed": 4301194,
  "firstLogin": "Dec 29, 2018 3:51:38 PM",
  "lastLogin": "Dec 30, 2018 12:42:50 AM",
  "lastLogout": "Dec 30, 2018 1:19:51 AM",
  "namedTimeout": {}
}