{
  "ident": "(5e08b14e-fba4-3956-92f0-eb95c5286908|SmilerCZE)",
  "home": {
    "dim": 10,
    "pitch": 5.9756346,
    "yaw": -90.31653,
    "xd": 3344.3523942723223,
    "yd": 73.0,
    "zd": -2107.388178198153
  },
  "lastTeleportOrigin": {
    "dim": -1,
    "pitch": 14.316123,
    "yaw": -314.85168,
    "xd": 367.8444285943934,
    "yd": 67.875,
    "zd": -18.87563042590849
  },
  "lastTeleportTime": 1546113998502,
  "selDim": 0,
  "inventoryGroups": {},
  "modInventoryGroups": {},
  "activeInventoryGroup": "default",
  "timePlayed": 15272941,
  "firstLogin": "Dec 29, 2018 11:58:17 AM",
  "lastLogin": "Dec 29, 2018 7:58:14 PM",
  "lastLogout": "Dec 29, 2018 8:07:19 PM",
  "namedTimeout": {}
}