{
  "ident": "(c28ccb0e-b019-3d7f-8773-8a5d1a54f65f|Doggy)",
  "home": {
    "dim": 10,
    "pitch": 16.98383,
    "yaw": 112.58081,
    "xd": 3363.3889873813064,
    "yd": 78.0,
    "zd": -2102.2771773671207
  },
  "lastTeleportOrigin": {
    "dim": 10,
    "pitch": 18.899998,
    "yaw": 33.23187,
    "xd": 3277.232755925103,
    "yd": 70.0,
    "zd": -2476.0220233949367
  },
  "lastTeleportTime": 1546158518448,
  "selDim": 0,
  "inventoryGroups": {},
  "modInventoryGroups": {},
  "activeInventoryGroup": "default",
  "timePlayed": 25964914,
  "firstLogin": "Dec 29, 2018 10:11:35 AM",
  "lastLogin": "Dec 30, 2018 8:05:55 AM",
  "lastLogout": "Dec 30, 2018 9:13:14 AM",
  "namedTimeout": {}
}